person_id,label,lm1_x,lm1_y,lm1_z,lm2_x,lm2_y,lm2_z,lm3_x,lm3_y,lm3_z,lm4_x,lm4_y,lm4_z,lm5_x,lm5_y,lm5_z,lm6_x,lm6_y,lm6_z,lm7_x,lm7_y,lm7_z,lm8_x,lm8_y,lm8_z,lm9_x,lm9_y,lm9_z,lm10_x,lm10_y,lm10_z,lm11_x,lm11_y,lm11_z,lm12_x,lm12_y,lm12_z,lm13_x,lm13_y,lm13_z,lm14_x,lm14_y,lm14_z,lm15_x,lm15_y,lm15_z,lm16_x,lm16_y,lm16_z,lm17_x,lm17_y,lm17_z,lm18_x,lm18_y,lm18_z,lm19_x,lm19_y,lm19_z,lm20_x,lm20_y,lm20_z
me,point,0.4166119841450785,0.06172676265203495,-0.46269347562065655,0.6522086856006747,0.1444720222935776,-0.808419410351943,0.51535957952599,0.36682625338666375,-1.078645013332879,0.2804141957664089,0.5329767560892998,-1.3064463937604565,0.4744431928678308,-0.5406981312057123,-0.8834097092137569,0.4655255409496336,-0.3067898813471842,-1.324527114717534,0.3630956354661118,-0.2050648199625108,-1.5653198031558648,0.17533104681936448,-0.21764946136712268,-1.6897632317738722,0.0075994086484178795,-0.5937593618298187,-0.804606779257819,0.044942836102062886,0.24251281062169072,-1.1782294016196238,0.21313945497454567,0.4501695915829418,-1.2105392406222073,0.2687954234590778,0.3960161925317922,-1.205159980768233,-0.3309995669363822,-0.41048555699001543,-0.7554736588724109,-0.18561927148703414,0.4130844122660437,-1.0331341653853647,0.031434074279303226,0.4933682712849879,-0.8881480885414995,0.12152485123274748,0.33689201955598325,-0.7551927170729242,-0.5518118258863077,-0.17564966775930715,-0.7613793734004062,-0.36792043264458263,0.4342550142482183,-0.9658525303162135,-0.21650745306051822,0.5186197108985605,-0.886964953955795,-0.16396305384838494,0.4183563799297233,-0.7827794494870354
me,point,0.20890912432562955,0.017092875183957468,-0.5073440815827152,0.22584198887096424,0.10193693387177019,-0.8207566888337191,-0.0017018733486637925,0.28580991339916073,-1.0265200658296625,-0.29921273030150236,0.44390749014564107,-1.1799599149279891,-0.40143160870854594,-0.26549680571243234,-0.8301647844507011,-0.4116912788834237,0.23690480352084287,-1.1107137286220612,-0.2301794008340736,0.2605750433367628,-1.188818841864362,-0.2167807056409145,0.13863810447223907,-1.2295485906470474,-0.6993066481084432,-0.20838831692963378,-0.6837722729670811,-0.5994062311165872,0.4624653385361983,-0.9414469088064528,-0.34425241298608,0.4532334459867706,-0.9403653526897635,-0.28135336441348896,0.2990451631960449,-0.9345854406486926,-0.8757333674538154,-0.07753921238512917,-0.5602136378110876,-0.7422050538047167,0.5413379238418842,-0.776194388394821,-0.4799961943887688,0.4947849850717112,-0.6950288079485398,-0.4225991368952249,0.32884379575082756,-0.6376740961100501,-0.9626770198924253,0.07391284432397713,-0.4813670094596585,-0.855159414457391,0.5213517560156721,-0.6645867962175469,-0.6404629197597888,0.4935472946857495,-0.6577033946787797,-0.5826070277118868,0.3630622253844042,-0.6281367554694152
me,point,0.42634974991865365,0.3122918565273354,-0.33794632084262965,0.5106730754246673,0.6304532562355569,-0.6671932145041654,0.14089085200960919,0.920963296319117,-0.941009441275321,-0.25563086116885675,1.0720036999591671,-1.2179547746135377,0.08438563807593567,0.10419783818733609,-0.9415405399598075,-0.023802022558773017,0.6817110496683305,-1.2798925914742174,-0.12114541536598238,1.001080586044095,-1.5245104268294278,-0.24518015301336005,1.0421762274172985,-1.694912863010848,-0.39181968438613934,0.04562022979413761,-0.9189102946213391,-0.4646286625275342,0.7962198002054026,-1.1514214997541607,-0.3852383736812141,1.0808405501669043,-1.2169754517087872,-0.33317446622768837,1.0979835280301047,-1.3336910326271123,-0.714306353786857,0.12431545765553752,-0.8803672745103645,-0.6896290715688772,0.8588785371406331,-1.022243843672342,-0.5786863678527461,1.058394484235308,-0.9235927645385996,-0.5274224309271631,1.011305552183204,-0.9086350521431178,-0.9090036084145322,0.255123333436373,-0.8834276742598857,-0.86793561275897,0.8780729400924946,-0.9570534861900977,-0.8005545358919212,1.0312796772122188,-0.8447777699117711,-0.7808116067963798,0.9728650281002198,-0.8085858895743641
me,point,0.4966595566304349,0.29914865782500016,-0.35877065429327865,0.6568559549114005,0.5781526096555545,-0.7071858597679972,0.34087487212985057,0.9431031396365546,-1.0068639451804635,-0.06825846002948302,1.1903428756261023,-1.3036810379076846,0.16270878030983424,-0.014362916692046795,-0.9540222876367979,0.08707383942743531,0.6367775987233589,-1.2930408045942838,0.04079594615142088,0.9375614228516463,-1.513672691722356,-0.06677025032219883,0.9403304305780127,-1.658950253781479,-0.34494798255936676,-0.052843405394970656,-0.9371331089202245,-0.3698971548039222,0.7990421506289509,-1.1787309179833731,-0.20840611277981066,1.0415063455939084,-1.2162251387479168,-0.13481937945420366,1.0100355631425888,-1.3006434779690328,-0.6925531103615752,0.06302032102615004,-0.9095273397783349,-0.6081839166065666,0.8951834313679747,-1.0529125614911654,-0.45292132557228587,1.0300157654847926,-0.9152000425963409,-0.3987576755532891,0.8953436167993456,-0.8598218758214778,-0.9013393636644422,0.2263379019356572,-0.9317475335185695,-0.7864161526034219,0.9191764946770611,-1.0011140627322805,-0.6762576527432193,1.017781628867542,-0.8626013706556747,-0.6726762026043419,0.897593615502888,-0.7952021680364033
me,point,0.48855866507902196,0.3254578068026707,-0.3585785145240518,0.7425703888285388,0.6521770166128671,-0.6922839184901078,0.5039462620081759,0.9910505282937706,-0.9646570488249635,0.01347719897844345,1.157902948839269,-1.2292743940793547,0.04274979786638552,-0.0006395667859442592,-0.9363259288328102,0.02691401167139383,0.6950423445851405,-1.262442510532818,0.0621301490275268,0.8255308551695435,-1.4563252468088046,-0.024856281173954248,0.741691881579991,-1.5642327579270494,-0.44664135942509986,0.012989327020936576,-0.8946187866540933,-0.43893728849069363,0.9067647022666457,-1.089125118136221,-0.22397192615597128,0.9236216141782941,-1.0402529282516038,-0.11971578554634738,0.7585770779633609,-1.055164895755787,-0.7706602464984695,0.13465054949042574,-0.851278321772526,-0.6720681768901751,1.019734993104297,-0.936548405199934,-0.4580725075635808,0.9648960461552996,-0.7168743819173846,-0.396331023764388,0.7707499547110195,-0.5954920640396978,-0.9915678808324997,0.29486772847943643,-0.8634260802206706,-0.8924367176363169,0.9991719710845268,-0.8867035672131284,-0.7034872294567532,0.954011379339858,-0.7182423793892344,-0.6431918420438654,0.7606718174959387,-0.6206615851840618
me,point,0.48454929792187423,0.30812077471342286,-0.42683966702996723,0.6911822282874128,0.7108353463500382,-0.8081444763849329,0.5169878021163757,1.0523196794687975,-1.1264930024145792,0.24626868815395506,1.1583527604099517,-1.4340235484783368,0.38689419986873524,0.10336746420203759,-1.0327668688058718,0.3932231101612417,0.739710175075454,-1.4771291435403853,0.3767592667675801,0.9747656748635368,-1.7852741937869798,0.26798719849825514,0.9883730291886336,-1.9811096117930291,-0.1286576058624292,-0.016050003351972247,-0.9915591852462209,-0.09817134412551913,0.9359313496632489,-1.3239270016792672,0.03634176513322176,1.0409354743916455,-1.41655101248224,0.07931095481840053,0.9221622264490331,-1.5346516853587417,-0.5079888551697493,0.06493582725789235,-0.9524124740532414,-0.3723567594295691,0.9869572964137449,-1.1634275121490836,-0.18848679932294587,1.037574231029709,-1.0646993947305392,-0.13474158486506296,0.9010506724327184,-1.0306042383941256,-0.7663301671622863,0.22239203531160429,-0.9667091311227688,-0.6064396059221665,0.9364201242639165,-1.1185586429955061,-0.4671933116844788,0.9717347011503819,-1.0505674984925948,-0.41536198842169747,0.8383020911132059,-1.0190291609875253
me,point,0.4808456260476983,0.10532955975585755,-0.21691630334969914,0.8367569789432394,0.5474434239863832,-0.4852158500155446,0.7554983769369429,0.9706806563390803,-0.6795422198410078,0.34309395028593037,1.0389418891618767,-0.8492848010592288,0.4308637370253161,-0.11255676913350211,-1.0000862106627781,0.46083357944048026,0.6242909241068861,-1.3105582790906645,0.39100784902246927,0.6825259797338908,-1.3961222489266993,0.2837315769478032,0.546594478217139,-1.416953926550896,-0.03260344193323159,-0.0758781629190706,-0.9965839251995455,0.055399798982463985,0.8557958466980226,-1.297693712827207,0.18767020709376941,0.8316250060223949,-1.2327611819446502,0.22437085847472335,0.613811727604407,-1.181392397808018,-0.38204450890328,0.059328685013950784,-0.9620839488198313,-0.2526912732563546,0.952610416557852,-1.1104239830748743,-0.0641692834818314,0.8931540705259697,-0.9302483642685282,0.01863661734365288,0.6612580087604489,-0.814128079665045,-0.6241253784998371,0.22033972542424515,-0.945114844420585,-0.5375793644628998,0.8736660842178249,-0.9556069252295034,-0.37060986424530096,0.8626218104040299,-0.8208775649649396,-0.2847456546078347,0.7151536536196001,-0.7537380351325697
me,point,0.3829451144244,0.43386878007657687,-0.38022778077202424,0.4532040879463366,0.8959195137970954,-0.7332326998300137,0.1462331423250545,1.2415296414003851,-1.0265568080533152,-0.17362478770376727,1.370498923782619,-1.314878606815119,0.1404492086325045,0.23299918055788346,-0.9718258661216295,0.09825984670674788,0.7807475716868443,-1.339832607107395,0.06804136473808362,1.059140889712623,-1.5924657162314022,-0.0682902662810289,1.1150602600679096,-1.7561596381475042,-0.3102699001256163,0.1418603030310105,-0.9400043848301933,-0.3445830876739965,0.9504133571336956,-1.1958241675659431,-0.208789622153144,1.114901745866604,-1.260754324172381,-0.16160265971399965,1.045745155443717,-1.372805151013405,-0.6227649311210272,0.20945193264702544,-0.9023045462633307,-0.5738318051055397,1.0037977845266666,-1.0441425888123677,-0.4167803131620529,1.0906332950329072,-0.9501102767151336,-0.3604589698726682,0.9711783505737193,-0.9416645642371553,-0.8225533072295799,0.34161700076137025,-0.9140625450727591,-0.7400199406405663,0.9762832784109078,-1.016033532131372,-0.6372023214049177,1.0544955429799145,-0.9332689378436174,-0.6099515775384767,0.9525094505942482,-0.9084387767711117
me,point,0.23564709663156688,0.3194991406050701,-0.45898857822715167,0.16733226977089877,0.664235016520354,-0.7546449968393795,-0.11036537158106158,0.8457153901562061,-0.9073396074156749,-0.4094911748777027,0.930338190221358,-1.0417251647965768,-0.06185107067978045,0.1716811604762778,-1.0812689513871225,-0.22926508354539013,0.5049843387766575,-1.3864392274992943,-0.3684004566721663,0.6517589428186507,-1.518665683293489,-0.5446522980958813,0.7306376872318173,-1.6152338140498232,-0.4007990387082921,0.10721403979416301,-0.9098710239597284,-0.5786514867017294,0.7509543237361526,-1.1181725715042974,-0.4007696834532854,0.8295971873848578,-1.0316133181711813,-0.3268309316765055,0.7014613637948793,-0.9906257046536147,-0.6200698321341057,0.17909589143358975,-0.7376477622473386,-0.6888283523837172,0.7885615215729417,-0.9018559554565643,-0.46320460757418347,0.8166316035154354,-0.7531810728531614,-0.36552630623542703,0.6647218169722263,-0.6728382238060536,-0.742739052393843,0.2906996031566257,-0.5959743789346151,-0.7002167009825958,0.7636329486974021,-0.7810292742297353,-0.5459716135797434,0.7601383636556137,-0.7596392289546324,-0.47072135933312637,0.6208187298512571,-0.740875846735597
me,point,0.4161856866121685,0.3681973865354965,-0.3548569350312697,0.5187538683202536,0.788707801581254,-0.6908160408774987,0.24094790121706955,1.0976407498752287,-0.9618899371427714,-0.04297859858182637,1.203508205324163,-1.2279092046111846,0.13972115801445442,0.24431727325650054,-0.9649164860626664,0.004837631391562762,0.8029384879083741,-1.297664358118833,-0.030921925374563532,1.092888699871997,-1.526561322774369,-0.12164007019604865,1.1456413720327787,-1.6847576410465215,-0.29811123442297915,0.17679022124273017,-0.9380164761792588,-0.32224998598287813,0.9611540063825599,-1.165327199753401,-0.18883703093157042,1.120815510803775,-1.2085123175814874,-0.1299541088996577,1.0431551424065428,-1.30438161904481,-0.5850814930789585,0.24360516820243167,-0.899819840110539,-0.5285445079271827,1.000516820575995,-1.0301406845764722,-0.37398212057583097,1.092106877011155,-0.9325119889902481,-0.30831344909239555,0.9793631735974558,-0.9212662901700852,-0.7519135705131799,0.371705930771068,-0.9057380097012844,-0.6648782937127998,0.9764265963559909,-1.0017650103849656,-0.5389801104182655,1.0721201691409483,-0.9176983892123743,-0.4870089684323194,0.9937419005067166,-0.8908189844238317
me,point,0.507745420077209,0.17922108626113523,-0.24363254475870336,0.8309364496484746,0.6396759414335731,-0.5251249030460673,0.7753044036512962,1.0373728153166268,-0.7221076356060143,0.43592120451159316,1.1060426549087523,-0.891990495316878,0.5644486487621191,0.14403666928362663,-0.9953933024148852,0.5878228831759391,0.8564451808088078,-1.2828208888329722,0.5691112835327526,1.0152701513411329,-1.3402098423021147,0.4831218572162286,0.9539099532984332,-1.333784319901515,0.14061449763820313,0.18297914344767258,-0.9730088366079271,0.2272442205211548,1.045631728262585,-1.247302212497666,0.33216577792157165,1.0020587233340217,-1.1611389419388725,0.3476371810781858,0.7609847054853357,-1.0805066880416385,-0.18043773366938984,0.28820238408203386,-0.9229379178924237,-0.041141913328160126,1.0817569185173599,-1.0615042638724588,0.11346772776057769,1.034582914236102,-0.8839157082883508,0.1737721656282877,0.8256154204648283,-0.7553883689528774,-0.43389749806069644,0.40584169170923645,-0.8917692294708031,-0.29954810770756496,1.0255582263207264,-0.9017108749464896,-0.13097049616693324,1.0420914747253847,-0.7607965825452901,-0.0628474738293091,0.9022744364025046,-0.6729492155610834
me,point,0.6490230778837168,0.33183465336389273,-0.2922852565946304,1.0531576168533312,0.8835324264248834,-0.6419327366439739,1.026838722463941,1.3975610759979067,-0.9513686623988884,0.7467820791511965,1.526517629332842,-1.2433488501211805,0.786357384755893,0.14274245958266632,-0.9254484237705213,0.8310152211076326,1.2274582134551013,-1.266887099211165,0.6319151438881668,1.5581684571184435,-1.3824390759563498,0.39082840261553287,1.5196872599578566,-1.4202222564813825,0.16232647240262496,0.18159612911089018,-0.9698829631709491,0.22280715869469728,1.3956301867028487,-1.22744030201199,0.2155926626226747,1.562894054603717,-1.1403028234734454,0.2489541905731962,1.3998919418779865,-1.1031014270720807,-0.32317237879822336,0.3404807672594602,-1.0156081030091773,-0.2093206133214977,1.4556649006565325,-1.1446955733110435,-0.033139318736620564,1.5872024217804799,-0.890963806943448,0.11456330113438462,1.4433994182223773,-0.7468217400953232,-0.6866926675448602,0.5230162353200225,-1.1038078348248035,-0.5648056304242066,1.3796259953970458,-1.1322595491899958,-0.3815899380043078,1.4923399098466459,-0.9298375219182405,-0.26219366416310735,1.3739048850943902,-0.808768618721495
me,point,0.4314626658531189,0.16636827387503658,-0.2685496683375132,0.6943554150274093,0.576024468626413,-0.5829738185946896,0.539271546701706,0.9636979336421811,-0.8369946181778226,0.12510240925373778,1.0894555944584576,-1.0835174537591201,0.16810364470638176,0.0036669379491028847,-0.9593355402369268,0.15901403221518012,0.8554177658287889,-1.2880455995491753,0.1373321408626341,0.9713945402681652,-1.4025465595909765,0.023310663017052983,0.8546638656970535,-1.4310001584300376,-0.31277320865693853,0.0364306780864565,-0.9491289299355511,-0.2614050088802533,0.9822346297262307,-1.1762455186846028,-0.08802277892441242,1.0052055575902221,-1.0630435639805205,0.03138259901015474,0.849276479576794,-0.9940717624906696,-0.6352445563168632,0.16518027111208045,-0.9272113339421592,-0.5277604268027059,1.0247537531695885,-1.0197053455047678,-0.2684159681973312,1.0398506537633057,-0.7629212239736991,-0.11372742804973592,0.9028241216423186,-0.5987340436654736,-0.8500990606404625,0.3186005074605414,-0.9434205843043524,-0.733827930613024,0.9477972276269179,-0.938636893178849,-0.4902773953807443,1.0302086582113568,-0.7528956426647739,-0.3497204921147562,0.962925502502097,-0.6357971612150821
me,point,0.5129202630736439,0.1713950520273079,-0.2571378187704318,0.8285490704708803,0.6010761386873174,-0.5574358149109635,0.7054343791167057,1.0241124089658526,-0.7856593560581567,0.2856998765888824,1.1292483109100528,-1.0007329753357337,0.37713286853411754,0.008316252865195327,-1.0083470433590027,0.37078990028974573,0.8103870642188122,-1.2873897485796162,0.3598781633265497,0.9581589130584334,-1.3232719092811194,0.3156496527778006,0.9110649824442653,-1.3077642343390379,-0.0845209916550128,0.05623000419082188,-0.9948338497449478,-0.005288519892686631,0.9551252075330664,-1.220276406328895,0.13657635706121707,0.9665549170706186,-1.0583901268874853,0.241338096135178,0.8252594234892042,-0.9442398274925089,-0.40849755420605,0.18395550635158786,-0.9636904998554104,-0.31079303043298323,1.0112924999188764,-1.0525489701920885,-0.0747262391851945,1.0293703634409705,-0.7940157187146062,0.07893946534563177,0.9006690515411533,-0.6246322459117425,-0.6439987095654959,0.32853625533169445,-0.9663108695903206,-0.5357790966043505,0.9610573578278923,-0.9539764939580585,-0.31003896635740563,1.0701026469444748,-0.7856639233044601,-0.17645286742723357,1.0239014373192998,-0.6825008375455652
me,point,0.4714226794407672,0.17119586816558935,-0.260835902891825,0.7534467299572148,0.608812824834449,-0.5707122681818717,0.6203482496428604,1.0297813526910513,-0.8165713010742952,0.21057409031965615,1.1505498993550602,-1.0549139830157022,0.2429824129569635,0.027894946807975746,-0.9789105227219305,0.2401144946699093,0.8596735531448615,-1.2634857273522184,0.22929266545888136,0.9679688306722861,-1.3294639218327697,0.1452187888374814,0.8339232001002138,-1.334586654762958,-0.2288879179517872,0.07347019290165446,-0.9706762857774417,-0.14873195852506582,0.9985156048319072,-1.1722722690701473,0.006491187998216625,1.0145088720329498,-1.0347338935129984,0.11582256596706204,0.8542930338806536,-0.9538824064949583,-0.5484142602535004,0.20356563766621022,-0.9452384065099192,-0.4337426081443236,1.0530885366614493,-1.017329267283038,-0.18047690132766434,1.0766123554202816,-0.765587315787204,-0.025180515930300355,0.9472433170132623,-0.6137625255350414,-0.7674418811430924,0.35569456261577564,-0.9565064369141963,-0.6630688716345493,0.998573253252595,-0.9432519531207424,-0.4277420964312077,1.097134105479138,-0.7706630356447556,-0.28693564761656914,1.0422294233041274,-0.6698829005060688
me,point,0.3884710426385893,0.19087013243545833,-0.2937658462175356,0.6610897919518701,0.5831603162782043,-0.5791017617451563,0.4445791621054688,0.9878662003473045,-0.7953439155512221,-0.0870527495371745,1.165723618059837,-1.0015996719486315,0.056820939035290834,-0.06957766359941339,-0.9591279103585457,0.15571042261441526,0.6236921505968946,-1.2369833922408233,0.15327395964664417,0.6877429476123752,-1.335598659824595,0.031087241323812513,0.48970544577918124,-1.3737571706807024,-0.38964980453488307,-0.044730285952327045,-0.9198762043582551,-0.29870003976466025,0.8196854591716816,-1.112344352105431,-0.1438080045511357,0.8553886303007348,-1.0210228512793589,-0.07055884085857238,0.663445362976256,-0.9936201876781683,-0.6993602615182077,0.08452592665897972,-0.8642590581571161,-0.5671893352540975,0.9258777040771922,-0.9438049525034307,-0.36747109174718706,0.9133828279764783,-0.7331499643963741,-0.2851085363817116,0.7218901175334442,-0.6173597454299619,-0.9153193822846163,0.23535632236257395,-0.8474622337080758,-0.7777779884170906,0.9029371158168665,-0.844372185140678,-0.6037401853070669,0.9161641024688328,-0.6873028725570616,-0.5336672878567457,0.7753938359672072,-0.6076643104833577
me,point,0.42601180312649445,0.0905239714442368,-0.44535672426372813,0.68469220700065,0.17396189305027177,-0.7713375297648635,0.5026041776218557,0.4124116243484718,-1.0254365783543735,0.19742285639053547,0.6250523671140211,-1.244534620710433,0.4605038210641945,-0.5283127503640326,-0.856057134568116,0.4065797354896857,-0.36384999532785617,-1.2480382335833302,0.3922871829270026,-0.3858859641736034,-1.4712504444557415,0.33767273879298615,-0.5128549082511749,-1.614568881409518,-0.011026045323485011,-0.6182230857492241,-0.7859253416013711,0.047391186251835755,0.23099610439211693,-1.136087985268878,0.21489750704744262,0.40739958665972975,-1.1662507237996245,0.2748240846843924,0.2989132224937327,-1.1773503536301195,-0.35290784094859157,-0.46676483772481636,-0.7415451320393509,-0.1909841544492931,0.3795937978899045,-0.9886636710108074,-0.011138091841983909,0.4232470293724965,-0.8571732238356302,0.053134002158865566,0.21418826294935966,-0.7525326001956241,-0.5955829236137195,-0.24349320649932665,-0.7549664164016613,-0.41252205868684844,0.39502719820055116,-0.9500381959731498,-0.2877330412349848,0.42939945418631,-0.907013887471834,-0.26730821611001676,0.26888590709325844,-0.8430222552344008
me,point,0.47820138242039145,0.06740762112317676,-0.3098997523297285,0.7821457701595592,0.08163177965987002,-0.5642585881451285,0.5869734892984888,0.2895186206903354,-0.7742577798400241,0.23003441581480433,0.494158600899261,-0.9559806772887335,0.5641285216453107,-0.6344866144224452,-0.6808754962785061,0.4735023015296163,-0.5372689782665301,-0.9953438707647324,0.4672376448108349,-0.5611400872990309,-1.1962516280253397,0.394449687574374,-0.6908434779195696,-1.3317914954187147,0.10497180323432354,-0.7383406054809314,-0.6662087291711105,0.09108894471081518,0.14039281625922898,-0.9372000431040094,0.24377057865049162,0.29415382339772017,-0.9729235249306177,0.3025244989960869,0.17145711304293398,-1.0034937183624486,-0.2535942587870126,-0.5835774673153831,-0.6636042923605976,-0.15945395411592875,0.27969129837669127,-0.8378936744014702,0.010653984453607466,0.30411949240854924,-0.7178135040919444,0.07748815879712011,0.09717334167874847,-0.6365595582834791,-0.5149887161679205,-0.34850121372576937,-0.7107867918520148,-0.3588881425460097,0.3290602248118737,-0.8794918758607075,-0.22634102407796816,0.3598735475750476,-0.8406862156520194,-0.18712105221314979,0.18934838360768264,-0.7855977263296535
me,point,0.458726807462287,0.07350265871256517,-0.35053405306833185,0.750490689043915,0.08907522230352018,-0.6216517597428982,0.5796234732864715,0.30308094869168634,-0.8404361863051539,0.2512518501873326,0.503024426516959,-1.0244394870427391,0.5290956395709859,-0.6251232550940496,-0.7313126771831998,0.46852524598460044,-0.4948935173914235,-1.0912061803709645,0.4382775427950133,-0.4882588012538249,-1.306136914151463,0.33350389731486635,-0.5911301005686506,-1.4379505501438523,0.07381185706476674,-0.7126453833239847,-0.6976305378806615,0.10237273348890664,0.17087998890874528,-1.0090468487037418,0.25596668460491323,0.31728441765582577,-1.0401014626928065,0.3088506141687097,0.20142455775272533,-1.0531567244569524,-0.27943316581373784,-0.5551195589311843,-0.6833012093308504,-0.1372246071559168,0.3088475309942575,-0.8938789962950896,0.024785198967359486,0.329616675010942,-0.7616705488027647,0.0850351626374677,0.12901367313634196,-0.6582083535985154,-0.5324906550962988,-0.3240383039916688,-0.7215338388413323,-0.34639019010769695,0.35395910810429776,-0.9214120744929298,-0.22517535169138772,0.3760671206268294,-0.8871549231550653,-0.19295469213585634,0.1986976000631699,-0.8230858973590999
me,point,0.39357742544057256,0.04282046833398929,-0.41273083274933103,0.6238902807572592,0.0837058403763452,-0.7405330073159401,0.37800551752289824,0.366331552414573,-1.0146669749083814,0.0660526655024942,0.5827528198190183,-1.2698435654226294,0.2838329345051031,-0.5964000596879133,-0.7927438016270268,0.2518636224707151,-0.3288570921084387,-1.2231394091322683,0.16653944733077553,-0.3272056615488956,-1.5034755814648801,0.015762362100892203,-0.4539575357811332,-1.6843121789593996,-0.19932607655019968,-0.631116293575283,-0.7496408067807548,-0.05530438951474774,0.21548728242680606,-1.1087825385142682,0.21741875658366658,0.3399458195540692,-1.1720994406757423,0.33875139140195604,0.23707567304524943,-1.2071001289858383,-0.5329034821152471,-0.4649323412460046,-0.7359512405143931,-0.3135221126999791,0.3665629016678069,-0.9798378122062387,-0.0807931182252126,0.37405896800175853,-0.8559061788453687,0.009223357248374588,0.16267673270316885,-0.7607852975754288,-0.7488501914429196,-0.2395008967510258,-0.7795814896562299,-0.5240135949520894,0.37789095290532454,-0.9527253739515488,-0.3549945626831804,0.405268508056776,-0.8936547237529038,-0.3020771015622154,0.2511785132048882,-0.8229104005535764
me,point,0.16786872762887145,0.18203372415704597,-0.49713180809728036,0.16093702985570568,0.3736608766522984,-0.8124977414768718,-0.04846324706012264,0.5824794996394985,-1.023621384470883,-0.34838071715524976,0.6942458680717578,-1.1795433475301107,-0.3936366440768389,-0.17824761044852028,-0.8390240400500107,-0.4832905810197965,0.2457216114383669,-1.1220637733229142,-0.3281300454294689,0.2283445036709436,-1.2099872886363867,-0.31414394049765343,0.08908822951372504,-1.2584096325680147,-0.6898078547937685,-0.18288525292297964,-0.7005127462995353,-0.6645434034328958,0.49317352532460895,-0.9444069937869792,-0.39998807042805057,0.4746926051595578,-0.9370696971592303,-0.32992425305653633,0.2907183421948916,-0.9320096273868794,-0.8709964383191678,-0.08450572045197435,-0.5841141224015811,-0.7837089475847291,0.5627290092938642,-0.7688162036211745,-0.5191904655336442,0.5351252612951924,-0.6752171170295302,-0.45999782253935434,0.35818948282610225,-0.6225907609926588,-0.9641416575042466,0.05110023552296206,-0.5157565566290777,-0.871496047627587,0.5365675971373894,-0.6846619735729191,-0.6569402364699317,0.5174235028225845,-0.674636225863205,-0.5898194897716297,0.38456899732857097,-0.6480900001249021
me,point,0.22319524337404242,0.07893750688246605,-0.48968269195856967,0.19180901209685067,0.2184012098595728,-0.7895433093636874,-0.09998457880501675,0.45427311247050306,-0.9860681272709211,-0.4486615075863767,0.5670193469918787,-1.1460083911024561,-0.27327683226323063,-0.27152212394158953,-0.8584571785212214,-0.38208325272366095,-0.00970178245539892,-1.1732855889340899,-0.4089558711808839,-0.0003101066094014307,-1.3132950969491657,-0.5271013160844994,-0.09477528092070786,-1.4142338796898148,-0.6205767503894047,-0.28021569730346674,-0.7323685273554964,-0.5863279556537112,0.345004771438476,-1.0097983901042842,-0.2961228029410041,0.4158864686454718,-1.0198042839680297,-0.16992266037501724,0.2823290056752997,-1.0304204312810838,-0.8346426321377969,-0.1571006175125494,-0.6303877399927986,-0.6728402056753917,0.45860358156792547,-0.8717311338373961,-0.3786787520988385,0.4710774676336519,-0.7877835244605079,-0.28283453649973084,0.2974514168521908,-0.7337140632051443,-0.9487118963306671,0.0077220607006186935,-0.574147532471625,-0.7560716302682039,0.4678770455866722,-0.8025996002028547,-0.5079697592473673,0.47414430306357885,-0.813529528603376,-0.4315850960011665,0.33779152925318956,-0.7992550999369763
me,point,0.18034552219600064,0.17235379637808068,-0.4859759876678926,0.14791404867270447,0.37839390262109707,-0.8022332848433966,-0.11380901430466726,0.5951695072186659,-1.0115435778791688,-0.44941789744022925,0.6782450121546646,-1.1807048387010406,-0.2683783374700983,-0.1571470481316617,-0.8905463322552908,-0.4265816047891569,0.14063641814388997,-1.2135393727633623,-0.4769626439757439,0.13524051681166638,-1.361708247388228,-0.6122636676242521,0.046933868702169076,-1.4684045803467578,-0.6159660461087356,-0.20982152088769976,-0.7593159812710012,-0.6422095852382276,0.46264176930739664,-1.0201136764681953,-0.3679545391483571,0.5059631362945665,-1.015645435203575,-0.24705834519516373,0.3461361176262886,-1.0247983478705955,-0.8348870168348493,-0.11319200693923939,-0.6495929693027123,-0.7305009036755652,0.5351304880355875,-0.8643929564312112,-0.4592137489741812,0.5390144825425727,-0.7652762151138488,-0.372555637571694,0.3677063990345209,-0.7136635967517959,-0.958247157112777,0.031028545862756367,-0.5853401050032826,-0.8122516575034393,0.5174686999562029,-0.7969326567073053,-0.5897834436199778,0.5232674708035,-0.8001335973174084,-0.523550950348483,0.39145048526217363,-0.7876843275761884
me,point,0.5086355877777818,0.28470061879288433,-0.4415388338254884,0.6708627315030978,0.6477587749182165,-0.820773134029988,0.2990250144377278,1.0511576399514968,-1.141813528524596,-0.13264355251753157,1.3051678806205806,-1.459467704631346,0.16829479279571027,0.036643902235613916,-0.981916988114146,0.19336612398827888,0.4853458069108991,-1.4226652284255452,0.16568489826107477,0.5585533290263625,-1.7582624457754663,-0.006500129468195863,0.5082858047334385,-1.9718494107235598,-0.3453612488362979,-0.028137888737046975,-0.9380479023054495,-0.2677742915787739,0.8903305421864651,-1.2519538714511138,-0.10750499301078613,0.9472785375321194,-1.3538840054614425,-0.07105249565995235,0.8174584436695986,-1.472211451650539,-0.6798008337782188,0.10492825574178348,-0.9048221029542716,-0.5098191977285416,1.012045838518618,-1.1278312140395592,-0.33758704490913927,1.018541464342466,-1.056206037575153,-0.26915123188544804,0.8446169855716299,-1.0295756621957615,-0.8871400038820072,0.30254934458558397,-0.9300647031724713,-0.6629971492848251,0.9993028747419204,-1.1027279004451005,-0.5513779139868331,1.0138255612784814,-1.043676442108207,-0.5381966607638274,0.883994502021027,-1.00964729703772
me,point,0.4924598306401421,0.3739415809195122,-0.39470368211773443,0.6512607701686123,0.8230025168995942,-0.7514988911632681,0.3144365876609471,1.2201444122133909,-1.0542300324429434,-0.09070289658032367,1.4243508242754659,-1.3549884820232765,0.17746634791058508,0.12203902322028207,-0.9565465194317864,0.1733881307090264,0.577896073480801,-1.3217296861316084,0.21707534830273043,0.7867834248295852,-1.585609521874309,0.13719201669238146,0.7933439817904936,-1.7674533180409353,-0.34064292843247235,0.05886841727175875,-0.938347965712543,-0.26622992260501943,0.9446875748259198,-1.206952631405682,-0.11537835681901518,1.1331417567658058,-1.2889814419312597,-0.07763664598816845,1.0563359352239918,-1.4094382067241074,-0.6844465010141902,0.18140169454719615,-0.917472791501855,-0.5189945123034173,1.0770347722386386,-1.106886178079503,-0.34293866832587955,1.1893552406976096,-1.0453276503917124,-0.29714624795542766,1.0410402970947727,-1.0476645055098186,-0.9011691749248385,0.36189417463171575,-0.9460179882893919,-0.7106427727510953,1.0734064343403034,-1.073156719364434,-0.6304059922075396,1.1786607641192628,-0.9968269824338933,-0.649400516022529,1.0862665279031192,-0.9725921715500233
me,point,0.45404481811215397,0.4117485217217363,-0.38929775489532953,0.5985647319630383,0.8582745574432935,-0.7422974076884373,0.30837396142067114,1.2146640384989495,-1.0324366934928317,-0.06434946402546443,1.3838548294995474,-1.3233560492383687,0.1517628720890518,0.17581331244968026,-0.9671720197051318,0.0748896389265131,0.733641887904586,-1.3040623721656366,0.15115663168333687,0.9847301522783413,-1.5427060137628226,0.10417233002490722,1.004689292437628,-1.7093346317442117,-0.31389178490030467,0.13809623316200792,-0.939362218613547,-0.2840623197917713,0.9853026381931249,-1.170929176351178,-0.11360360287731153,1.1676951517975698,-1.2211741374620941,-0.06448423827445351,1.1031228715747485,-1.3257152078825176,-0.6256027494145034,0.23717486427654605,-0.905560812595611,-0.5034877140270065,1.0669199005486059,-1.054713682648521,-0.34290492750072066,1.1677339024405884,-0.9714272180664105,-0.29830500896161233,1.0449512105339132,-0.96972091027123,-0.8170159983986183,0.396232544913842,-0.9193253943821711,-0.6781937085738262,1.0656835356930514,-1.0175389600413987,-0.5821733927522389,1.1704903161043614,-0.9308892321029602,-0.5692025289320354,1.0971508856846428,-0.9062777604201384
me,point,0.3942985127550785,0.10600947643737148,-0.28327484728442015,0.5690842434181776,0.43976200225634277,-0.6021399223857393,0.3526093058309437,0.7685153291411141,-0.8522190795717197,-0.059620719869305436,0.8297061114083314,-1.0920558744254727,0.0317167786608914,-0.1006871057436165,-0.9610259319583958,-0.00295693919637282,0.6749324585958361,-1.2265997042364356,0.04417359918975371,0.6821582015813786,-1.284543886326687,0.0424787828039932,0.5003386533031542,-1.2937342299423287,-0.37379351182198245,-0.08416099791135509,-0.9236857349501261,-0.28386146834624315,0.7230264693332736,-1.144108851585942,-0.12617722209427,0.6758396468221249,-1.0351385904529726,-0.03298729165163124,0.5119503629503616,-0.9750985613434844,-0.6273243791241178,0.02708784636636688,-0.8676725927694638,-0.4889125264497199,0.7770234212643621,-0.9447710566753761,-0.2925692767214554,0.737970878386851,-0.7181384576219642,-0.19188451823061264,0.5891401699482575,-0.5879835410240206,-0.7836566077783981,0.160632995034412,-0.8472578861558354,-0.6781498929085493,0.7282540010266586,-0.8226387504088967,-0.49011706665505217,0.8072274704248796,-0.6705467589781139,-0.3822758840478157,0.7560532148081236,-0.5988213564375604
me,point,0.3465739031712351,0.19764410466048563,-0.3735317727170821,0.4763761635052896,0.5235512966673274,-0.6589686423293466,0.333276821810384,0.7680643551524587,-0.8280596408101457,0.10226994170212855,0.8378715362697202,-0.985589610537488,0.23867099733227262,0.13008203433099338,-1.1126776821286615,0.1922860538360296,0.6477001429574308,-1.3810311722668611,0.1851353299975362,0.838617585664907,-1.4024180091754495,0.14906108078384742,0.9105283922382567,-1.392085332337493,-0.12678557060966558,0.14279824199182972,-0.9815977186043294,-0.13490431510496462,0.8543677800807772,-1.1970247472061046,0.004988551217918174,0.8720477976372167,-1.064792582491061,0.02799894434978175,0.7031658085925405,-0.9709969596863514,-0.40528808253132764,0.23048131311635361,-0.8369525916391244,-0.33903647027546086,0.9207111322839889,-1.0339206670360723,-0.15944656830270962,0.9242478714664536,-0.9012363272870029,-0.11403314865935225,0.7584765891709633,-0.8037940525228185,-0.598097864181317,0.3525966854518709,-0.7072420274624639,-0.5165601434102779,0.8780619095075545,-0.8849533843272669,-0.3512701126762774,0.9099340750232848,-0.8601035505136979,-0.26248966537969387,0.7874356281964197,-0.8328972042770159
me,point,0.32034700391940607,0.22307763702994288,-0.41355886373219425,0.4098519540734009,0.5565509607300186,-0.7158275358443987,0.24774331841168246,0.7924577475779517,-0.8921146502225864,0.00035469996650100975,0.8240632626517957,-1.0515379231809547,0.14695140826396935,0.14133127674940302,-1.1159611868328505,0.1147419922869561,0.6657360552655247,-1.3694999350303732,0.1435399036578887,0.7938847542918619,-1.385093766736726,0.10762837859044036,0.8115230349143392,-1.3836880978273718,-0.18775831810739765,0.1492193296485765,-0.9708143002864712,-0.18894346901351544,0.8374771503830947,-1.1773818110413468,-0.011547035003862118,0.8112822459967747,-1.0551631341065097,0.009382560937111161,0.6218845279516574,-0.9811162743945011,-0.43393757544513833,0.2347674711873709,-0.8160333949831383,-0.37890905989949425,0.8949578720830771,-0.9983904582096249,-0.17793931699864085,0.8517893186519541,-0.8708801698819021,-0.14677635619813256,0.6672785323294735,-0.7935254580528667,-0.6098862394156791,0.34444719244617683,-0.6813303789450851,-0.533465220672919,0.8425337176519501,-0.8599161493532883,-0.38231338351365707,0.8299453567515243,-0.8463302050556383,-0.32352961953738596,0.6848958854897902,-0.8353258068353265
me,point,0.3028433716734713,0.2749334445148399,-0.41018778592255284,0.35619917574031434,0.6576334035258781,-0.7019532285544106,0.14972246660705657,0.9038459197770465,-0.8660673285481899,-0.09734539715960146,0.9212772616328819,-1.0062010959714645,0.07223278552751065,0.2351233560474301,-1.0796934618912597,0.0006954869345914369,0.8522680642743816,-1.3198094809418033,0.047354493745216955,0.9598594393612069,-1.3320374365051528,0.010118276277875421,0.9382392965913732,-1.3359468594813046,-0.28640041656447374,0.22827950840711436,-0.9305177416003964,-0.3006670615726981,0.9804774511105531,-1.121414493674346,-0.08995302400909247,0.9634284135654629,-0.9904111050604589,-0.04853409936720243,0.7582989990886886,-0.913820806547902,-0.5373598224075838,0.31119163904039354,-0.7736015488529284,-0.49421205495591514,0.989169303078796,-0.933711394830357,-0.28022038620554984,0.9688892937095958,-0.8009022132661923,-0.24528004067578005,0.7837886219293747,-0.7276726343001939,-0.7073963699489403,0.4116541396081066,-0.6383411717149937,-0.6320449686984181,0.9159858497172471,-0.8183797696861771,-0.48470924636248214,0.91331438992628,-0.811803156984658,-0.4396038762324875,0.7759841429686208,-0.8026023220928713
me,point,0.452476873108384,0.2966005820776625,-0.39249849423690536,0.6407292888990436,0.679995723666204,-0.7139190329370109,0.35435267917341734,1.0259758860913477,-0.9549845165790236,0.07031049584720601,1.1899776208113513,-1.187881997661738,0.2665660637169789,0.2350102539386986,-1.002070086977799,0.16665300756394677,0.8084031303111322,-1.3812858317243084,0.13858152432065984,1.1688856185410348,-1.6004116677923774,0.08106856754213845,1.3296360293014804,-1.7377270802058637,-0.14713209348430709,0.2550280355878734,-0.9556740281765093,-0.15076146759670236,0.9751704967434897,-1.2459277799122166,0.018441482168292007,1.2455793079551896,-1.263581546614251,0.13189520737339228,1.257677665587895,-1.3115610848962629,-0.43831467084440695,0.34155421365314054,-0.9080915902081987,-0.4121414869135126,1.040617874473629,-1.1058612694957288,-0.2239044733805732,1.2335012743542877,-0.9714860670164991,-0.08024680497986798,1.1846162454473612,-0.9121334668920156,-0.6219143309326509,0.4547866906373815,-0.9030990004811238,-0.597656411958931,1.0073104342506443,-1.0252441154918839,-0.4412607869075638,1.1806105003756395,-0.9134234928309124,-0.32570355336240137,1.1995618783389819,-0.8515035216348031
me,point,0.34728061176501845,0.31106012929408816,-0.3896377667832425,0.38024946670491594,0.6486229578680422,-0.7490462447362526,0.081784170960827,0.9509153353152803,-1.0476715144249225,-0.20844009624463783,1.068567296363361,-1.3469418616806108,0.13515284598327063,0.06850462467283984,-0.9923455565367676,0.005233275828689332,0.7044829156187598,-1.4201355089930123,-0.07993383139369842,0.9729328657278317,-1.731431795550569,-0.20996751115037574,1.0128968597778638,-1.9189446317740833,-0.3077904206280372,0.001992949007042845,-0.951452092921063,-0.4220149040819516,0.791878632982954,-1.2414945565189373,-0.3064785460818141,0.9829804642567417,-1.32517735690749,-0.24642646615206332,0.9554790578941829,-1.4315015971175424,-0.6315800548527626,0.08488811751407464,-0.9082433620164531,-0.6494878755766834,0.8321133479295533,-1.0728159786873757,-0.49139017950624314,0.9409583629631074,-0.9550469312649703,-0.41911999308964515,0.8637303072743765,-0.9048641742828839,-0.8393839487216561,0.2128823775416961,-0.9157549711082487,-0.8063808057757181,0.8016970200502624,-1.008100840186946,-0.6779856186292346,0.8799606617220738,-0.8960045283748289,-0.6172717030073267,0.8029813318906652,-0.8354755585089753
me,point,0.3363291538970996,0.25997986436634846,-0.4461059291565801,0.2959364019621692,0.6461756315699643,-0.694533047745995,0.0074418301046725146,0.8701304976843324,-0.7897214194307978,-0.29179821056753336,0.9570420443795007,-0.875157986716013,-0.006126806625934143,0.10249892858178945,-1.1083221175849134,-0.0717589080651753,0.41447100309832097,-1.4161664929154159,-0.21607718725216074,0.5595105914770099,-1.5308719806104742,-0.37402902622301043,0.6548295328689214,-1.5888692113866882,-0.3500867709827304,0.11431062287114335,-0.9297162654711901,-0.4038938719217023,0.7149592949944906,-1.1498956248884395,-0.23699342521014222,0.7971175093904116,-1.0804707307378993,-0.1618186399428589,0.6978563919646592,-1.0304612465141836,-0.5647791474989049,0.21580103312562635,-0.7462159789424707,-0.4846913152013572,0.808534358955867,-0.9417410601353542,-0.2801714364298729,0.8272274948901962,-0.8491687457965522,-0.21113089479462446,0.6896501582329321,-0.7731851358657749,-0.6770057805605124,0.342159545579879,-0.5842149916500289,-0.5548123332229407,0.7894942565369146,-0.7533997248354319,-0.39375562460510827,0.8050519104991494,-0.7383470636874523,-0.31293667430781075,0.665862391719382,-0.7173030700246704
me,point,0.16287278708740674,0.2872292929274722,-0.5468623076551345,0.04581897323211606,0.570230514642063,-0.8661183828197534,-0.18357295289290249,0.7356325540389953,-1.0377863355849888,-0.46617361419971953,0.7984842251593774,-1.186445061787654,-0.13674585795856797,0.12508083538202205,-1.141612071537997,-0.5407034021394322,0.3757707113152406,-1.5044464037968452,-0.7095928202249583,0.4921768326253727,-1.670243816044395,-0.8930463146687754,0.5153926358134339,-1.770739564564312,-0.3856740086261873,0.0208234329629022,-0.9224000995825223,-0.6652369936318246,0.5346437182738363,-1.1756842554934102,-0.4998982318256683,0.6286051118060668,-1.1133747901611444,-0.40213966216270436,0.5208621338083684,-1.0785930872358784,-0.5764120193201333,0.04783189968550886,-0.719042922202675,-0.7494346476755992,0.5161803731172104,-0.9308385001771189,-0.545557490008091,0.5937613896101158,-0.8125500862878542,-0.45469709857931384,0.48689107829060224,-0.7353387941287718,-0.7132501926545625,0.09493993265943934,-0.5528919461153425,-0.8356038000327637,0.42527655277127446,-0.7575763281740115,-0.722867171522766,0.4671996127252978,-0.7487120464930312,-0.6350838307253681,0.39856383466036766,-0.7260945287072507
me,point,0.41089053138912157,0.4009202988454699,-0.3783399794989997,0.5061063151684846,0.8355336368399363,-0.7161348742903331,0.17001251206951234,1.19320506441614,-0.9900410139090962,-0.19902512261461372,1.3492432291975176,-1.2651908701501964,0.08999091421574502,0.18385842213923545,-0.9657618559822675,0.06385328176338338,0.8675146760085166,-1.3323879859779446,0.07312171914481745,1.166953710913504,-1.6025693890014134,-0.04871063105694533,1.2317353710193346,-1.7785457856772642,-0.3737103902665021,0.10379888863803266,-0.9217192278152647,-0.35211335419005446,0.9745687867646403,-1.1424929573120042,-0.20762715235098517,1.1457763433050632,-1.1979618024865706,-0.18019690207944117,1.090104735673789,-1.3140523276152096,-0.6830694395071397,0.18321165513880733,-0.8710381190231505,-0.5856650122315072,1.007743381608911,-0.9953725041150158,-0.4268860327112636,1.103814306458163,-0.8970175956140529,-0.39149427821612276,1.0072304343942289,-0.8872172575095576,-0.8675513232754731,0.3276662487101266,-0.8694054832802371,-0.7556809599822967,0.9644620431515756,-0.9526407028779644,-0.6571496865091055,1.0445484608587723,-0.8562673808149667,-0.6470883511502542,0.9619110498032735,-0.8265149535681803
me,point,0.5619385017778811,0.31277863359008995,-0.4306872282340243,0.857084484007362,0.6208182938477533,-0.8219780562788062,0.6960877508388079,0.9905835293157684,-1.1569114784912515,0.3719581965040957,1.1341604283287199,-1.4643582342782002,0.7012170412768399,-0.048171950724984716,-0.9824073377925806,0.7035080382786031,0.6519933655833656,-1.4492397487480662,0.5343074606476435,0.9971492597727137,-1.7254455477591117,0.2690569676799537,1.0594811356726932,-1.8695243178460725,0.18910516682733264,-0.19729506704368763,-0.9619323741300286,0.11919407561772484,0.7703964553661738,-1.307333723585008,0.17147598630526018,0.954094055753506,-1.3469038403620588,0.1797458375917649,0.8473763659448195,-1.3975690709943949,-0.2577936703854042,-0.1272863356657743,-0.9626557699513382,-0.1965282552947188,0.8355747842175785,-1.1863332287387507,-0.06246437668341122,0.949132948754738,-1.0358789545034108,-0.021418605501174207,0.7936331713414775,-0.942570879826775,-0.5851188318499412,0.04206309222488151,-1.0206672434680224,-0.4511982927810042,0.808173427349797,-1.163684241422309,-0.3155469622284898,0.8997049198309341,-1.047299718262094,-0.28797803084048584,0.7690230993599606,-0.963091086174111
me,point,0.5678797839285791,0.2822430607492383,-0.30240038737003627,0.8364088322224601,0.6919001518582464,-0.7013246971677821,0.7922988330280738,1.1041655015801626,-1.0716493014713995,0.5455965520999622,1.189487132209964,-1.4343540361073444,0.4362456572003488,-0.051031902852006934,-0.9314848903359495,0.4060793343820778,0.9650771621160033,-1.2737467075650182,0.33334337041601864,1.3197460689538107,-1.4122810181760916,0.1448372356067881,1.3353824211539829,-1.46857560150513,-0.19505475166239583,-0.006095330042254668,-0.9807734146099174,-0.08119871453980672,1.1593531446190948,-1.1924749419499148,-0.04278753728060398,1.3293911155635965,-1.069579288209649,-0.009544409325366697,1.1978375824691063,-1.027677931707667,-0.6278748302362649,0.15740680449533345,-1.032688076153845,-0.4745154813272377,1.2724322283834864,-1.1292608294723956,-0.28419368508821674,1.3627162339226562,-0.8347728790402084,-0.18412307029143493,1.1762528753585741,-0.6817715921417411,-0.9450482124422248,0.35978265670482923,-1.134131087394846,-0.8362469465699386,1.1967437019792684,-1.1354363690366178,-0.6399733733338562,1.2645083517074334,-0.9057489127027549,-0.5497357405614139,1.0889016679609007,-0.7803427742553318
me,point,0.5710982223602915,0.2822664553824022,-0.22921131927422095,0.9120136891820679,0.7262836270493781,-0.5707272924592789,0.9785510711520959,1.1106247251286756,-0.8758763921935956,0.8383057008091459,1.184596609977842,-1.1696005007110863,0.786506085758402,0.10132436444235836,-0.8889913494871224,0.7990255615991493,0.8775346154903195,-1.1837078482704537,0.7247954554667764,1.179420124528503,-1.2688702679240835,0.5948905233045464,1.2013836536330145,-1.3009281328279072,0.24427792507948934,0.12356251968495054,-0.9618007065125111,0.3343496231769421,1.1818186029859807,-1.1922980805650432,0.27487442777615406,1.280981250930395,-1.066495958269368,0.2753745541625846,1.107605345082938,-1.0017332564554449,-0.188169892647769,0.25185203179569093,-1.028207795509053,-0.0926899720519457,1.2543608712390417,-1.1462881082780658,0.014962173510642296,1.3042763222013323,-0.8731896612230876,0.09881196830797145,1.1091543180826133,-0.7229407581694256,-0.5370222351656917,0.41722715690873574,-1.1310166367468792,-0.43383303776116394,1.173501252889945,-1.170941619765763,-0.28493571739934154,1.2647301583177024,-0.9784479394225408,-0.18804740306470943,1.1312756884934805,-0.867885602163593
me,point,0.4775163683598267,0.20952034433306221,-0.2486584136891721,0.7887949322917728,0.6042851008831756,-0.5989743250321042,0.9378283520182408,0.911032784123072,-0.9060586106669933,1.020639408433254,0.9389845174011052,-1.2014702935167756,0.6774433834845011,0.10366280758457706,-0.9267432945974741,0.6677030522738371,0.8980857168985246,-1.3061567500807056,0.6202718368825235,1.1380581698074574,-1.4574156942810474,0.5151209827522792,1.124158111135308,-1.5107001645805054,0.18604530487762652,0.12479777903516827,-0.9745833257761393,0.2859107395712919,1.0988759127584613,-1.2518681595350438,0.32418469592739263,1.1807020021078594,-1.1412529083479312,0.37531950337020964,1.040982607785455,-1.0721142184526369,-0.18742476308292633,0.24931759552515692,-1.0231589034698425,-0.064833999145433,1.1540056873894098,-1.1739274833268256,0.10315184150075335,1.1845820502124598,-0.8843957732673533,0.22352695263167888,1.0166627360198583,-0.7040141229051545,-0.476386062453275,0.39237640321605405,-1.1086508686635907,-0.3383968924277326,1.0756363447584962,-1.172184919445831,-0.16149629239972305,1.151089414455936,-0.9786880079623199,-0.05491286620204273,1.0422797126792607,-0.8495616101141461
me,point,0.5447395737107622,0.2832129401617282,-0.30058198610716014,0.8773596994302957,0.6905162460456253,-0.6798005894627478,0.9953433682250336,1.0418523239011073,-1.0245990607936961,1.0155937742888308,1.0685385508131697,-1.3559423656949883,0.7776307783093627,0.042109608893714,-0.9255456264334511,0.7879401589099008,1.0201504895856197,-1.32870347932025,0.680903203692383,1.3321394319418427,-1.5140385906691152,0.5168424394943552,1.3147249548134687,-1.5919913346362904,0.18885768163963584,0.08025280871029063,-0.9787197059320975,0.2506020390259966,1.2232060688754507,-1.2503979712969677,0.2826978640776496,1.3997647958489157,-1.158137811841122,0.3315309049023838,1.2725457564598903,-1.1147816769942078,-0.26285168531350206,0.2328250375711884,-1.0425545357630566,-0.15797352443287224,1.287218865193932,-1.1885680530992981,0.028005257730549803,1.399015093006715,-0.8958631232877348,0.15766474497161578,1.2356156188125356,-0.7235215936361099,-0.6053613732527521,0.41235291483220327,-1.1537769991130409,-0.5131438040674248,1.2147842231507624,-1.2154616540666217,-0.3332999222099763,1.3034510820451555,-1.0021267355277788,-0.22828118808528508,1.1563688151080995,-0.8617492039000128
me,point,0.48593088628285486,0.289268591920249,-0.3314675099330297,0.7208683249122518,0.6759942090025205,-0.7248011419939826,0.7235104655244453,1.0134641830380804,-1.0831355781604248,0.5628312014621495,1.0400545632689344,-1.4334527255482836,0.3456313367794463,0.030114586751429508,-0.938394573935586,0.3032453460413557,0.9796798911656899,-1.3035203074811101,0.2955287791464977,1.2722723735257793,-1.4690049276174393,0.15588976479613753,1.2684446268216412,-1.5439266104890654,-0.22557845330634782,0.04747574733305628,-0.973067528396197,-0.1406559560366644,1.1483300504554035,-1.2152676327950265,-0.07515284539893072,1.3008159284547836,-1.1184031009756976,-0.0213120453094203,1.1636618493322923,-1.0860590532310903,-0.622777863634077,0.18771465693447362,-1.0148794531366834,-0.4912115749492076,1.2248519082279907,-1.155685677204227,-0.2893701436253712,1.3105318158363348,-0.885698561045873,-0.18462254842849546,1.1309163022570345,-0.7358741491432841,-0.9091618482451513,0.3719396702342871,-1.1071601286669845,-0.8147111437808763,1.1561877181640878,-1.1718420300906227,-0.6199082769339246,1.2216947930037902,-0.9786813958498948,-0.5345405502306223,1.0586869319287693,-0.8615178581461368
me,point,0.48663186547925597,0.23248617093301255,-0.28211571160651583,0.8052671912840899,0.5679329631030897,-0.6464578695800809,0.8916304036099321,0.8788330517640219,-0.9715582375698412,0.7923330503262758,0.9947584556858213,-1.2888678317948032,0.7232333241670611,-0.0011201253507699634,-0.9156096798243616,0.8029788893322959,0.5305187625812066,-1.2260631574678578,0.8301284735310785,0.7860047006678256,-1.3202739357899542,0.7585550013989892,0.8584182728495816,-1.3567510644928138,0.2912955648990158,0.008502246171197141,-0.9565953197043185,0.402566420477117,0.8844995256331696,-1.2045754110376956,0.3573414530069127,0.9433290335144802,-1.0825936178753408,0.35825225358961643,0.7735958878509793,-1.0109522461876164,-0.06526122809369911,0.126979533676837,-1.0017381895610236,0.059439348271468746,0.9733590849219557,-1.1484908610100903,0.1512550011587946,0.9979685206663569,-0.9097192243485025,0.2063560217766787,0.839005471161543,-0.7728650621590434,-0.3629600205039478,0.28709552343146366,-1.0863161168422533,-0.24420379428326572,0.9311873759905033,-1.1565838505779935,-0.11675062981560863,0.9572127058114841,-1.0103960107098018,-0.05612453639465095,0.8111717723787423,-0.9248296281620408
me,point,0.4068846807803961,0.1585150894273427,-0.4671842231509462,0.6765416796078124,0.3581139282344666,-0.8717232570213531,0.6152612597676921,0.6414968955082908,-1.2245927280314832,0.33284312248565084,0.7787456991185964,-1.5580194848838465,0.6331506634724252,-0.31122549481461204,-0.9529196624405316,0.8864401151515182,0.09396620741073687,-1.4314292547489156,0.9797523055300597,0.17110346003990223,-1.7069867851371487,0.9392790040495053,0.20004534241377422,-1.8525566988121067,0.1505785809692992,-0.4011822904811593,-0.9035368618698204,0.23949911246750166,0.5527803114415395,-1.284303013241306,0.330358630395362,0.6097156589139073,-1.2889096375604892,0.34015450760723465,0.43480803752064706,-1.2735701939401802,-0.2523882609665254,-0.2564740444175608,-0.8881679759392997,-0.08471750456185966,0.6175228543681714,-1.1473035549103403,0.06830945137805873,0.5986667005209894,-0.9457929775258661,0.11686548993344574,0.4251494053635192,-0.7793569694351729,-0.5692125722390937,-0.04336694567525292,-0.9383436158635696,-0.3618520272613402,0.6051909610231395,-1.1595106841799563,-0.20210966439226047,0.5734253599413219,-1.0787493300402418,-0.15257188023208063,0.4426853184742196,-0.9676929359216139
me,point,0.41033181774057637,0.18088641305069042,-0.4834805697088481,0.6845437020803019,0.3522390674004051,-0.873851622972997,0.6036078301078873,0.5894474433037401,-1.2073199364802651,0.34888643432308697,0.7158300319539039,-1.5149497756293369,0.6121592757248923,-0.37135010149371755,-0.9287580460627074,0.8078894077438615,-0.030435144314502015,-1.3799603522826118,0.9177238736807738,0.016055233818903124,-1.6327910356002961,0.9089420021014454,0.004547355659036149,-1.7680640103818128,0.12571953655769622,-0.48044436791292555,-0.8679676304266579,0.21908177991289204,0.4815087252048126,-1.235326022507295,0.31088462896492214,0.531435951838414,-1.2428798179474079,0.313038843775481,0.34721510695923363,-1.2291190270883485,-0.26581362486768145,-0.33500022115293937,-0.8427500311553957,-0.09163275514800542,0.5582235243112726,-1.0967097462531894,0.05281919257052462,0.525613030487382,-0.9109282135810789,0.08659368859422771,0.33560793036191394,-0.7571272914136368,-0.5690115061231308,-0.11546876876265025,-0.8842025900287246,-0.3644659641830836,0.5484974052038986,-1.106440115398361,-0.21909665504518316,0.5080922958633929,-1.0416142888736177,-0.18299396983760322,0.36445714073504754,-0.941817673077311
me,point,0.41467042905759743,0.13864650408897355,-0.44914488527604146,0.667205055417687,0.2850418043458684,-0.8185775577948191,0.5652660121946331,0.5229144636002262,-1.1361004946647486,0.27813396911028493,0.6745691836293013,-1.4283180950207481,0.5946259397872204,-0.4098259505691896,-0.8963624196504886,0.7572975735981923,-0.15102203235484826,-1.3523339874488416,0.8584541677421423,-0.0716833507057643,-1.6265761496162052,0.8487853326932162,-0.04785853590635211,-1.7789341423294747,0.12075842671984932,-0.5169718930717411,-0.8474417172584597,0.1764020234821395,0.40369706003201,-1.2211963537988408,0.2733945994339654,0.49429592731028493,-1.2495318265638635,0.2780999653130423,0.35257171782833147,-1.2504333793689475,-0.26713175111841986,-0.3589217913099421,-0.8313383870664176,-0.11686318322295136,0.5111742004240608,-1.0905421890319758,0.043296600937984715,0.49960255448182855,-0.9322845374971135,0.08496943012200392,0.32053091639143594,-0.7963461283773684,-0.5565922403932081,-0.12876794881184098,-0.8773828746512552,-0.35751203547665383,0.5257668486186584,-1.0976374973305485,-0.21062087665518126,0.4969444251987079,-1.0424244646072796,-0.178335537272158,0.35369425009767685,-0.9529224006613408
me,point,0.3739564514974839,0.10835422066899436,-0.44646356302964824,0.5950115012238427,0.2245930866100609,-0.8129055682519666,0.4959410819311778,0.4416807746639894,-1.1236471639139123,0.22835584358509883,0.5700301598194227,-1.4046334628678032,0.56652776674047,-0.41188219619302446,-0.9050516629625002,0.7036546597481015,-0.21330853997859558,-1.3680025730131535,0.7603979136124803,-0.13635592213996886,-1.6246498344491522,0.6978570497212933,-0.11908132260198023,-1.7569355665378186,0.11021333755945029,-0.5116528037328226,-0.8520941430712621,0.15525784863150746,0.3010249345741031,-1.2350659943078957,0.2508995611523224,0.4306934771645748,-1.2504647912782347,0.2613556944208679,0.30164430354494226,-1.2329552245810749,-0.2550946728499043,-0.3629081134564059,-0.8326198326242358,-0.1267560187100684,0.42649499887386433,-1.1030903254463762,0.03336638866264834,0.4517618694580059,-0.9420309952059626,0.07559449208812456,0.27858095232831515,-0.7995812659674875,-0.5250040387623307,-0.15454126928407924,-0.8728082014379053,-0.35819389413959685,0.44705966467042463,-1.093145914333382,-0.21594582382952654,0.4522191369697016,-1.0387280505077738,-0.1827100589802689,0.31986039189255844,-0.9502645036909887
me,point,0.35023662029266034,0.10050583760281999,-0.4767842535865425,0.555110881671475,0.19275162214715585,-0.840948988551043,0.4453613010018064,0.394491225623262,-1.1350827728796842,0.19075582415954906,0.5298642784863578,-1.3896326594994577,0.5043412813379103,-0.428728671398781,-0.9407899624215088,0.5375572957040156,-0.2877249479648332,-1.4001748702630494,0.5745417665808544,-0.19086447423724684,-1.6376991223140513,0.5204688301694953,-0.18300844297431507,-1.7567045528847371,0.07037815595402006,-0.5072495102986879,-0.8589207469064027,0.10787749817719754,0.24472369193611557,-1.253345365477375,0.21947736125208883,0.38396808993601267,-1.2707728223686106,0.2354604066481976,0.2646433270158625,-1.2502097343564857,-0.2620238908180376,-0.35903780212399944,-0.810421469944868,-0.13263110796067928,0.3778412532722559,-1.0920205933928522,0.029680507359113595,0.41431030780057493,-0.9456057574096274,0.06118723917002189,0.23875930485108782,-0.8090672173820048,-0.497608713678461,-0.16901926859381528,-0.8210389688669217,-0.33213445070108144,0.40334852321490255,-1.043580254524343,-0.20238282283612072,0.4187158329324208,-1.0065077268665108,-0.18232767685688755,0.2761327515704048,-0.9312671393091511
me,point,0.3741772654050318,0.11665832699939761,-0.48344064536551434,0.581210116709869,0.2589274425852281,-0.8524712887808278,0.44085556061643627,0.5152833004851436,-1.1399302712949055,0.16013017179670272,0.7032103441907923,-1.3976315408707476,0.43051513084272564,-0.40117553418693747,-0.9908472475182055,0.4308839034439664,-0.026980615211661237,-1.3994167093523666,0.5074741748406582,0.052950352875962475,-1.5954460636071652,0.5020877602343952,-0.02603583065837113,-1.7051443215407476,-0.007709862845555776,-0.4247349121467962,-0.9052849343817426,0.060194029938719314,0.37846328098316107,-1.2667331330370828,0.20235833387350613,0.4589940183304041,-1.2764853022814848,0.22361232819039906,0.2869091940260935,-1.273931926051628,-0.33784814966461557,-0.2704316310576936,-0.8414692714246862,-0.18685286814158003,0.4844339022717234,-1.0992524173961669,-0.016747339937664692,0.49289565513004063,-0.9577705811688033,0.035940285066348325,0.2917084578734707,-0.8428521275767306,-0.5684535934178647,-0.07097197642597279,-0.834457906303772,-0.3834932537706591,0.49526180897930766,-1.029896040641468,-0.253666884165434,0.49884636744500116,-0.98777005964878,-0.23238970797748668,0.3566016668084726,-0.927583263769113
me,point,0.553176648053091,0.3417244120068271,-0.3752304737427698,0.8508014020591534,0.7454711054301533,-0.7564887832525787,0.6266534839866518,1.1950521941968988,-1.0820070445208092,0.11405929918641126,1.3899410458402806,-1.3946121872685526,0.31818380941033786,-0.12591277719158944,-0.9895232438704583,0.3293497242291667,0.761398763506915,-1.3085984849241539,0.3039275131860403,1.0486948201716069,-1.4348125421221753,0.13175051218919906,0.9933447080430492,-1.4850895419330348,-0.23860483570216007,-0.06758387206641184,-0.9687621754672588,-0.19175776612618944,0.9957410321588737,-1.1691223091366085,-0.04215357238569936,1.1570474260876096,-1.0475712500365981,0.031529335361344835,1.0269962235882688,-0.9956795378279096,-0.6463251665621289,0.11361456907683969,-0.9512703082423989,-0.5331261041300336,1.15577203058694,-1.036863169500061,-0.30685797729787173,1.2240596141233406,-0.7415599994388664,-0.23697910652195567,1.0700945720372483,-0.5622062605212947,-0.9392621057183032,0.33236925032904274,-0.9926701007813667,-0.7923358018579243,1.1357249076647253,-1.0127831504486378,-0.5693580980059407,1.1609772863100767,-0.8046782187694478,-0.4943062100911019,1.0039703946440321,-0.6708430414395151
me,point,0.3334043197254185,0.1379734835828786,-0.3459972191926119,0.45904880942434645,0.4467537095971537,-0.6078116761894949,0.38570067713236367,0.7294612500791148,-0.7562387918073178,0.2474390735748683,0.9562288425448302,-0.8957519754195568,0.1883471832018831,0.2496328018481739,-1.0705685855887246,0.15871713813090776,0.8360515830555652,-1.3012626016573152,0.2103446309595107,1.0817154605307817,-1.3111973718318541,0.22491112440167316,1.200130065131239,-1.2979854111295333,-0.15071428820722033,0.2639090031452139,-0.9526999744878187,-0.14551329232972102,0.9739515407160452,-1.1472468601876082,-0.016158079657563388,1.078641880249642,-1.0626647538526153,0.025485543746203137,1.0192184264919273,-1.0094225596356834,-0.41229964269228153,0.34056137563542643,-0.8124712041391915,-0.32775913547168917,0.9862215171372009,-0.9554690410546763,-0.18589730274630795,0.997270077984597,-0.8410380332241769,-0.15714202762387042,0.8892125462924557,-0.7718670257989002,-0.5882336296648584,0.44797881376233795,-0.6866379405280182,-0.5315685660510441,0.9473400749296326,-0.8311996582388697,-0.4090408131529245,0.9731282471100562,-0.7950441670628393,-0.3418144721110891,0.8838790889984612,-0.7609512542427926
me,point,0.3135571902399836,0.1373697029352546,-0.3967311586007104,0.42050710232382527,0.38330871693495144,-0.690561170354926,0.35001713426565356,0.5765495063372583,-0.8710696861937358,0.204278655430365,0.753229692692197,-1.046997465306927,0.11617846461412035,0.18157138706086928,-1.0899172175119947,0.08661787889920101,0.6725501696428294,-1.379878359444367,0.09937447666548137,0.9642598324252026,-1.478322587156415,0.0836265377322475,1.1718258627856166,-1.5318098303139855,-0.19342877512807558,0.2227037211224986,-0.9555042446533897,-0.20943656512628517,0.8273008549052272,-1.1909289523378002,-0.15352036637125152,1.1655429319221995,-1.1775656425179557,-0.10854066494016588,1.3720674149211436,-1.180181583727123,-0.4093924418229564,0.3078420741366928,-0.8045867465717479,-0.37896447146723017,0.8614933974732121,-0.9557642028734438,-0.2851133033148101,1.058586733407095,-0.8662638523668832,-0.2178561325334525,1.1333396162285276,-0.81564307899164,-0.5280358661408623,0.4162849422086933,-0.6771682857334598,-0.5272517052775665,0.8251789700439286,-0.816486960951931,-0.47125178268798945,0.9974914082506299,-0.7956449410311084,-0.4081970912057087,1.0586381678446986,-0.7711222156060084
me,point,0.33046361262817636,0.23153915972119096,-0.4385000826621883,0.4068218285998162,0.5596086319760416,-0.740948545394161,0.20007962852390382,0.829505075854994,-0.9098746729263472,-0.0903261299142883,0.8988315984395181,-1.0576835626441898,0.05484969866919263,0.1585050690631867,-1.0903199953924678,0.06575197998971612,0.7338375990367643,-1.3384328806533214,0.12423847749597809,0.8546846030924944,-1.3626933227654512,0.09309197784524319,0.8659715205832572,-1.3777186778785726,-0.30290084483228935,0.1991640838493709,-0.9319789406978712,-0.2204026119401711,0.9191220813127008,-1.1565494191007912,-0.03809453496917611,0.8467284940135779,-1.066979911376797,-0.03128668559177571,0.6245121369554117,-1.0171710986544853,-0.5392763001783486,0.30199727404205073,-0.7640945013189469,-0.4250227692127688,0.9698830764086652,-0.9544586553795948,-0.24946804254447905,0.8554690317449869,-0.8397801111920855,-0.2626962011637465,0.6388754277618527,-0.7758422741238293,-0.688163356627187,0.4203184249972174,-0.6172384304603009,-0.5588206230923648,0.9164645950455924,-0.8104881712948473,-0.44004979510044295,0.8155654457387019,-0.8065380624488002,-0.44490709474825946,0.6245367212095443,-0.8002622354253952
me,point,0.5084884633780916,0.14175871624046207,-0.5035088742417488,0.7189332340844673,0.18781965072520124,-0.8653969302666566,0.46347603901083684,0.43699906300768787,-1.1335301564641944,0.1771570409043627,0.6355302070462937,-1.3916381127014827,0.37069509594204136,-0.3839817998315794,-1.0824923038455683,0.3465757285037318,-0.11101652569891261,-1.4795178736696384,-0.0014062720061739124,0.2625637718897232,-1.75536067199597,-0.3592337343033697,0.5442043452979491,-1.9119411005530067,0.0055413407362174165,-0.39327841645726586,-0.9194027304134518,0.02673348452711505,0.2931761133360723,-1.2426077729515144,-0.010852506241125747,0.5997911073219245,-1.3392577072270837,-0.10741394581770967,0.8075140540636131,-1.3960009829575817,-0.2742614655577054,-0.29531089032023095,-0.7507154407453452,-0.1487025829792501,0.29225170349637725,-0.9017960684081023,0.008291945877104369,0.438039413513363,-0.7841948472465856,0.11057052873524975,0.4726380220416712,-0.6980797135996067,-0.49510662583268705,-0.17462744997607177,-0.6324311117188187,-0.3609844902844709,0.2594696470916682,-0.6968410103486785,-0.25486499270200424,0.37958373197726697,-0.5541744631161519,-0.19865843398282965,0.3970277951727455,-0.43180910424324565
me,point,0.507019980586197,0.13017192475352996,-0.13895313483981303,0.823897166948653,0.2861345971850044,-0.38845621803413616,0.9434586889610657,0.4567536885978701,-0.6267142770815299,0.9368335418738044,0.5082557465578725,-0.8649177686359851,0.9434618098900631,-0.11059287421746657,-0.643652046395494,1.1633098013689764,0.07270328448923005,-1.0156177745456192,1.3823373786377025,0.14423373361414593,-1.2511122509658286,1.5437407080728993,0.14053309205549672,-1.3935278483809355,0.6559585146639008,-0.162184171240988,-0.7371666851118565,0.7965033102031377,0.49424887092406206,-1.0588213798306063,0.6812465245684306,0.7080624486575006,-1.0660504266788615,0.6009932008071127,0.7048624236158381,-1.0468146783325105,0.3247917647707931,-0.09221891677277626,-0.8323988588316078,0.44048372494257304,0.5638263743466065,-1.0910865190958836,0.38253041415788236,0.6830788756237625,-0.9612118872116123,0.34389682421537865,0.5597006037410948,-0.8404702639220636,0.011842267551546064,0.021839358980161646,-0.9443445338581519,0.14011240057955235,0.5461801541502361,-1.0789235760898563,0.16766186489429666,0.6283958107831754,-0.9603299321827576,0.15884270472187378,0.5091594017961623,-0.8592135881900459
me,point,0.4945331942546811,0.11881941608485577,-0.1390838999281638,0.8151498959018632,0.36998716519185876,-0.38720725538885337,0.8846203684716936,0.6538208879893391,-0.6148307611801174,0.7837278401913708,0.7404213543835498,-0.8463626759972156,0.9066024384331146,0.014228908006796357,-0.7053605790794265,1.129631003564154,0.2566912150139302,-1.0540949948946934,1.3523868644688042,0.35165963319468874,-1.2631522646025943,1.5215315855539948,0.38569628461973793,-1.388619712531266,0.6136428670755251,-0.023093980011560142,-0.7892459057699034,0.6932500018269259,0.7123037406590106,-1.0697468112797899,0.5906560603271536,0.8465451834074447,-1.0344182047490573,0.5249494082992211,0.7929425310675909,-0.9951715968338829,0.2756998546940264,0.03179008086168559,-0.869944811640544,0.32872972771491743,0.7330488483559815,-1.0863168825590481,0.29197894102159067,0.7833832686080824,-0.9370395934691018,0.2772436719903803,0.6491297726341726,-0.8132890270659069,-0.05331593623884908,0.12613564861598411,-0.9681714677762652,0.04103992697887667,0.6703723772126556,-1.071349990711612,0.09116863884952454,0.7118677152274249,-0.9440858086386867,0.10122022534794507,0.5829250210634542,-0.8443074001665068
me,point,0.44224199621374355,0.13668168215553025,-0.0873333006143493,0.8470831724021408,0.4731049950817754,-0.2870200203311611,1.1485155165455632,0.7422709647200092,-0.45647126239851954,1.477389555084966,0.7745311564920293,-0.6168491077589403,0.8873183040208398,0.16206858709980224,-0.7231624620959608,1.1162741349532674,0.5625772654164327,-1.0271404156313941,1.2994201047907816,0.759204370551549,-1.1543999268144276,1.4383371069669353,0.8545340994147693,-1.2118855127257042,0.5838707032407565,0.14306949343944345,-0.7991408648943723,0.6441698519120408,0.9621032821296038,-1.1065392845651565,0.534630997118652,1.0942500866941873,-1.0615879850439605,0.43966138626447365,1.0203323679024117,-0.9915039799849912,0.2388128890684699,0.19853293263429944,-0.8514522890842904,0.2695674805218782,0.9500221167263113,-1.0564243549274057,0.2234789772660327,0.9626779619380094,-0.877925861778966,0.20567375366169374,0.7961882228603298,-0.7263600354609834,-0.0804782274360557,0.2755546454568697,-0.9081582218638132,-0.02388835189355132,0.868332859529891,-0.9818999947405062,0.003328511078480478,0.8544116498604072,-0.8348771674002594,0.014211483752139549,0.6759526633289932,-0.7196059234348599
me,point,0.42267073228191543,0.12136499069971865,-0.08332761939412979,0.8073693894348672,0.5079269946836311,-0.27634753412971813,1.071519460858142,0.8637476652098636,-0.44067442722817507,1.415792995084822,1.020376176217681,-0.5937214151761384,0.9134697941951424,0.19815973189940334,-0.6888215464523363,1.0818353385160493,0.6977656694230736,-0.970610677425105,1.1800395447508352,0.9555780055227839,-1.075610592635871,1.2573524866611023,1.093917726237551,-1.1200159434380412,0.6062704249087515,0.19044827289955016,-0.7721176252557251,0.6881593831879675,1.068843880140251,-1.0506403472244956,0.5469153485760475,1.1533466983805094,-0.9811911370306355,0.4637182484475685,1.0442222019986034,-0.9050320068945158,0.2512979497697867,0.24730543410850628,-0.8354140932986028,0.2932715591181091,1.0558612148585789,-1.0079532572002008,0.2024626832395365,1.0102989521529218,-0.7955674545070686,0.1791278406036919,0.796901210877412,-0.6353242490554651,-0.09411553019799533,0.3236323657908711,-0.9070127640784589,-0.0237097891879515,0.9605699465171083,-0.9597869422154113,-0.032948851011305215,0.9086528132275379,-0.7986593544122508,-0.0274867613111596,0.695771328036025,-0.6834679049130827
me,point,0.47746844735772803,0.11339624716410741,-0.10046115970332425,0.8650639860886145,0.44049874345921936,-0.338595765973863,1.1080136808378735,0.7464713059539617,-0.5498711663124058,1.3734166643142676,0.7920944456567649,-0.7350650635026604,0.9199461181980361,0.11882861989218467,-0.7469248199168504,1.0831925530414102,0.699732261039647,-1.0476977838807946,1.0487285860464939,0.9339786548735769,-1.118475731578932,0.9524146366021617,0.9338241755332249,-1.1110538494540627,0.5485092872978382,0.1279703961248593,-0.8262936157708494,0.7008066220413606,1.0695425969336028,-1.1177357743327185,0.604216635742957,1.1800271617768971,-1.0268228133476687,0.5264780732711183,1.0393460463454254,-0.9220902222252443,0.16985775265428915,0.21825108920868766,-0.8853996905928672,0.2838996836654529,1.0842105369224255,-1.0666016655629824,0.25057736843877343,1.0859382092639955,-0.8461222028252607,0.22440415448772355,0.8573219904516733,-0.6706290896601875,-0.18550985025170813,0.32876079764484967,-0.9528277519865822,-0.0728540728530931,1.0069616413994538,-1.0273996085739785,-0.026488564048645677,1.002819098807652,-0.8720512164139276,-0.007484710958845281,0.8051477690273429,-0.747390428607794
me,point,0.48862816186213115,0.04820197288224677,-0.0756081827769216,0.9318326858021039,0.30601290531106284,-0.28620657034430114,1.2052967489767716,0.5711695470706178,-0.47340886589219044,1.4706924278089373,0.6293207315867665,-0.6355937828127701,0.9495148350491486,0.02991749142551164,-0.7202695453503898,1.1803047753979428,0.5929875675589625,-0.9903333356052347,1.1539327454196082,0.8051081826517311,-1.0468090821964375,1.0626971226464885,0.8092734330800343,-1.0347685611197608,0.5958791507479096,0.07009514874576087,-0.8000091923386002,0.8345538996775312,0.9439002898968595,-1.0683723456864607,0.7538969037660829,1.0532064088458268,-0.9925446051552618,0.6654853332650914,0.9346110502002554,-0.9079400827304152,0.24063732572233146,0.2030445658493474,-0.8541638654043034,0.4634700398549999,1.0227927683043325,-1.0143102847673624,0.40564661873373387,1.0114094225489563,-0.8141604225416539,0.34516647129116695,0.8070595729804518,-0.6608581762277984,-0.0871145294395106,0.35685979985129557,-0.9130854440325481,0.11793712355399837,1.0135363814861806,-0.9578310644847104,0.12970363513906666,0.9692669511431993,-0.7993404772965531,0.09740748933657432,0.7634235320037623,-0.6820883185954494
me,point,0.5005305434599979,0.02810963099275472,-0.10296944161805704,0.9211544200732938,0.12718108156832866,-0.3454616257028415,1.198258406623935,0.20094249207334627,-0.575749503806437,1.3309266982457901,0.07732070808621429,-0.7861685408830011,0.9464407142627375,-0.18344694686472923,-0.6717189400102226,1.1729148207848226,0.2310344195291878,-0.9555272341738679,1.1319228608290868,0.5086108468074532,-1.0082244596886794,0.9658789525431526,0.5385366338638093,-0.999642127491896,0.624339952215241,-0.10184988020235902,-0.7744844904648742,0.942244208615584,0.6400465602784027,-1.0394059784761644,0.8276596169855506,0.8105994936989684,-0.954874518593715,0.7045421233602337,0.7003022989798485,-0.8763543204380999,0.3096691202158369,0.05000171801254675,-0.8662190830002995,0.5823750034347763,0.7694742121975752,-1.0670603993126238,0.5268682255737169,0.8232974017031949,-0.8833765320921223,0.4467877453387346,0.6525517551114226,-0.7477071057090559,0.014011039076094873,0.22987668667249195,-0.9660402518880544,0.2630820706763949,0.7761469663268332,-1.080518444740132,0.28938173784211946,0.8114995756687619,-0.9496434248293318,0.25165927879604233,0.6716754277740145,-0.8476272426908812
me,point,0.5542252612228823,-0.07529897352699197,-0.08995572051726901,1.0767561772441825,0.10388121944047539,-0.3100127540605391,1.352700168513315,0.37204880755161335,-0.5050982336076422,1.4125585401569507,0.4981246024000505,-0.678975517893575,0.9606512615466228,-0.20513192958392681,-0.7144535990376993,1.296084498483211,0.16639424153147583,-1.0130061669744703,1.4184248396897876,0.4016452738094587,-1.1193214568354055,1.4109480918051776,0.486240342397961,-1.145104854355133,0.5929801141523902,-0.0683398975678371,-0.8023118113428443,1.0597143421793445,0.8027578848178474,-1.1155701037800139,1.101240495335082,1.0099027774981424,-1.0778102296597172,1.0135665864357655,0.9641874209070401,-1.0022701691071436,0.24121396130774875,0.17670387553391104,-0.8646538660667128,0.6965546047028488,1.012875838037302,-1.0609587981838582,0.7312225945036791,1.056078957499381,-0.8671019214815233,0.6548078066246406,0.8475453646143957,-0.6933195145122528,-0.0684528807472551,0.43844339565004564,-0.9345746196084858,0.3387741904361844,1.1066610921245286,-1.0094366512934208,0.43679530787032167,1.0982280431877052,-0.8469775470586411,0.4203520695010331,0.9001002595331261,-0.7069767213619584
me,point,0.370360352611174,-0.31429993988967975,-0.19282452779793172,0.9321327056258394,-0.35874313664828844,-0.4406200473517916,1.365798571496109,-0.1584266413154426,-0.6221489802343225,1.5265073150846344,0.14447626381710524,-0.7866724264829917,0.6460672091463817,-0.4186219849871503,-0.8835128027875988,1.1997839670126114,-0.14607371642712494,-1.1522172010047642,1.4716498003757232,0.02576841390578103,-1.1663811795808672,1.526685484704003,0.13760167510159987,-1.1375680645304662,0.4511035846613454,-0.020011054998091245,-0.8922472267166469,1.3019490588096945,0.4493615590469731,-1.2253581074921376,1.2190685505726382,0.35193137550097653,-1.1260038692142535,0.9548855227992551,0.22136202237521074,-0.9820648981555563,0.3140424291116862,0.3896694851102333,-0.8739688965750988,1.1150554551382985,0.7539572021044444,-1.1133394005738866,1.021198281089808,0.6196068062040122,-0.9003253461493496,0.7697240112797881,0.48127207953636003,-0.695988708968118,0.2263119869246757,0.7230840008300952,-0.8611499214679359,0.8545719777852684,1.0106361000711588,-1.00298458025015,0.8190185339385024,0.8689086847210574,-0.8823567249164692,0.6089132757074478,0.7274749075824224,-0.7653866614986019
me,point,0.37723151648657877,-0.09350185007008696,-0.21205649079785885,0.7738688720061025,0.05662408497317466,-0.4803788422994794,1.0243421087467717,0.27468893076699136,-0.674474282127563,1.205700214383407,0.37940994602372446,-0.8563571038193002,0.6468220920659148,-0.17933384655418627,-0.9401148851346781,0.9148827055623318,0.18218210268274893,-1.2411401381981435,1.0945353195241607,0.3741645569651256,-1.3084138282375761,1.1334237285189148,0.4673404018156783,-1.310517956321178,0.3435941147121015,0.014654291447253484,-0.9390039063163615,0.808810598343132,0.688158906042776,-1.2635124678252359,0.8261815493391019,0.6463899997573969,-1.1852567395132259,0.7013561196667174,0.5058074992986481,-1.0697121080204228,0.09926046579008581,0.2702663746309153,-0.9110894373431171,0.5427929711347576,0.8594754840401807,-1.1082538106413515,0.5677455047800799,0.7493661962075774,-0.9010987262293348,0.4534180404227154,0.5782014604176875,-0.719356712878033,-0.08788303040914007,0.4997518802207503,-0.8948866590636276,0.2919630064345669,0.9408903907076744,-0.9753505779854562,0.3387393144252999,0.8457249574120553,-0.8346656852647732,0.2304968759200219,0.69225287564179,-0.7174438553618308
me,point,0.45647721866195134,0.14066872348302414,-0.019363644597531204,0.8831781840442577,0.46120252899936615,-0.19436156557837428,1.1759569862378862,0.73485043317187,-0.36672197730847717,1.5088877312127331,0.8185935178055115,-0.5446895097918117,0.9752885925043063,0.17962087403485893,-0.5954947192326343,1.118969807990072,0.5241880185290091,-0.8744291346294433,1.2230558172908979,0.7103667376873586,-0.995371231589722,1.305552517193772,0.8081948852407946,-1.0581845916357815,0.6715554383298218,0.15958793501514562,-0.7235640844094202,0.7835377040325139,0.99754618925382,-0.9827980939270762,0.6348726449239116,1.0382047442544493,-0.9119670939825196,0.554281349462097,0.8978718597474384,-0.8504246440105876,0.31351887919522686,0.21058951673287318,-0.8359441240566113,0.3897664764019114,0.9777654261436574,-1.0397871935151537,0.2973843678246372,0.9365608149382129,-0.863198844280781,0.24636984531513662,0.7505009363261458,-0.731049908625053,-0.04607554783281158,0.28671638030801605,-0.9475412175465309,0.06845192861859987,0.884881113127576,-1.02843128141928,0.07107376693781799,0.8792722123091005,-0.8848547224678532,0.05525898919103503,0.7254683026264243,-0.7868775580240003
me,point,0.4333796551383013,0.0812443376208146,-0.07701359198179698,0.8470931428911068,0.41556437196354395,-0.25677571643149355,1.1283457523414797,0.7149424731260519,-0.40706871714612614,1.444350882189004,0.8077845777920156,-0.5455188654516068,0.9131554187731686,0.11773548064575379,-0.6924755206525302,1.165379703030512,0.5382926865110238,-0.9980784120370108,1.3606475004147116,0.7512282805515637,-1.1345755524570587,1.5204871459566147,0.8807684103024755,-1.2044447560801366,0.6165710845655482,0.12717284225860093,-0.7769602086783676,0.7615175128395248,0.9826468278038274,-1.0743530553885035,0.6186889336937013,1.0776735657845362,-1.017454073938463,0.5087869059325474,0.9772505395192933,-0.9430848418522847,0.271016071374817,0.20915381060305183,-0.8415145709408686,0.38140162581110787,1.0001711472839985,-1.0268221884830513,0.2719390219603605,0.9579347313699754,-0.8173767841459173,0.2184225507362018,0.755904433691997,-0.6499391486620213,-0.06330648312589697,0.3116858654435015,-0.9145736072566417,0.05700414076957981,0.9476444108319754,-0.970459198815282,0.032191810779522004,0.9008792710196183,-0.8046895069829693,0.00254192298538048,0.6961411208635002,-0.6812377352649546
me,point,0.4470967186895234,0.08492232120272714,-0.0788983558682955,0.893499858177415,0.4471060330418645,-0.26202998841948777,1.2032198742828908,0.7698394708509443,-0.4176719585282946,1.5534035659531413,0.8826845349182048,-0.5619755231781612,0.9438186507678311,0.11583807595288317,-0.6875200413516976,1.1787402187229792,0.5874397911545607,-0.9625464309668197,1.330586043219376,0.842582788472972,-1.0633674645347138,1.4454623457619473,0.9836647108489562,-1.1074956132961042,0.6262298698045521,0.13002463294151181,-0.7687195489858436,0.7717845146053839,0.9982758248881063,-1.0537144837395616,0.6397333742881631,1.1298846073925537,-0.9943016897719521,0.5404093789117855,1.052817833538117,-0.9228957948686236,0.25985824773659877,0.2210832494665883,-0.8267739851190157,0.38180754418394147,1.0291803137073354,-1.002976042614461,0.28323922369147003,1.0102464531007167,-0.7986139480400769,0.23152712226830796,0.8100361349819394,-0.6395727124367108,-0.08643553384100755,0.3320730719637268,-0.8919712580148316,0.04249473662385047,0.9885456088919538,-0.9415686761934551,0.027381475500708727,0.9478422439936002,-0.781009349005344,0.006496509418285491,0.7391661553860107,-0.6645797673247391
me,point,0.4614012436146767,0.1023480110934062,-0.08456129426888616,0.9275226939837394,0.4761200375053285,-0.27136855074126476,1.2638585182093733,0.7983441747398037,-0.43199535934562094,1.6393414463277416,0.864390597297233,-0.5808152684633167,0.9697507096255505,0.1197592898908057,-0.6751905906678966,1.2116588135342277,0.6005085365006037,-0.9537591372383235,1.3619964139173142,0.8615257213850323,-1.058101528689068,1.471238575955346,0.9901327547200235,-1.1025504462262359,0.6398378484465277,0.13111949850878796,-0.757241840369457,0.7958568144620761,1.0086993754233267,-1.0506053161388325,0.6682393273815876,1.1581284581874074,-1.0009591380352916,0.5738446750149011,1.0879977182648881,-0.9350460814390625,0.264997800184884,0.2222180846962846,-0.817676801968709,0.39607793932271607,1.0470992895279694,-1.0039588387888516,0.30236555657704683,1.0447732874744924,-0.8085126638900442,0.2536350689199602,0.8481926508920568,-0.6533300617123053,-0.08928917967698267,0.33555456350716245,-0.8853880499342298,0.05269402190234735,1.0067145689670318,-0.9430253048952675,0.042989186364759895,0.9709455628690934,-0.788455614744321,0.023237286318957138,0.7621061386707524,-0.6750961281776026
me,point,0.5037575035844294,0.026906025593496034,-0.18538658100802302,0.8179326626404861,-0.06936594500885669,-0.41711691476888424,1.0248755629366282,-0.19378529680617101,-0.6332775065691053,1.2201724487505867,-0.3365883084615822,-0.8401050582894733,0.8803595809443022,-0.3308090032717427,-0.6048012085739555,1.1061972920887644,-0.27481868039338453,-0.9723775833109165,1.2561287060046424,-0.2790586332237529,-1.1717528097515009,1.3098737939538365,-0.39128394836865193,-1.2800382646595325,0.6111830967001501,-0.4270914530515715,-0.6663693518149768,0.7339444097501343,0.12480933244649908,-1.0195530290924746,0.6121673631475353,0.358677560722303,-1.0200803516528771,0.5067759206897438,0.3262223837257574,-0.9783802631653269,0.30163678439413044,-0.35801007592884365,-0.741685813661474,0.37785968215505444,0.20382170962802496,-1.0589226520073884,0.33727664811194463,0.3623735278063563,-0.944565691042264,0.2960939463720788,0.2455505705732379,-0.8217355517895972,0.025994880517833045,-0.22449572956471378,-0.8342104821473967,0.0796349179471433,0.22045984901275045,-1.0391135393929063,0.11543737710016694,0.3280552306780964,-0.9574781076538065,0.10087137215740759,0.21573474907700693,-0.8669114670106657
me,point,0.3814626151673202,0.0020040543236854815,-0.1830380326348425,0.6765701484133319,-0.05628596557946618,-0.36682192359587057,0.6964504478035555,-0.07827415076542711,-0.5516849606421839,0.6068299887218126,-0.08946172459630435,-0.7355527626520219,0.768031273469644,-0.590352292580465,-0.4403445738814682,0.9264285424616278,-0.7096740869934146,-0.7577919420263287,0.9733162190141825,-0.8205261010731983,-0.9582886907470387,1.003525831727051,-1.0132340743639003,-1.0930179184355708,0.37407014138548583,-0.7791563974811708,-0.5029779692869323,0.45823765581808934,-0.09319003541256765,-0.8322319380218502,0.4110640810996062,0.2578641715947879,-0.8891454205172059,0.3705905607157793,0.29664833946361957,-0.890984262680334,-0.020744534453177393,-0.6737212920520493,-0.5799190082238801,0.10772562392918268,0.07269611780743791,-0.8678755654788988,0.11101842115128537,0.27285778834335556,-0.7754750517502433,0.09270785740153092,0.16963295371088016,-0.667202850399133,-0.3642562749101682,-0.46910927003928243,-0.6800093398893433,-0.24102322252638295,0.06661527890211094,-0.8778825044067902,-0.19526681218780087,0.2121826004153468,-0.7992199446944265,-0.19883877834051425,0.12823306289499756,-0.6957136141995016
me,point,0.39302443651438024,0.002855851883528135,-0.21542142095771036,0.6303768369226215,-0.03268345504596989,-0.46082927011237007,0.6784907065990733,-0.02864803725430553,-0.6998238581663503,0.6215431439464789,-0.011845446489364635,-0.9341359295071074,0.7579181082595836,-0.4985679714156173,-0.5795534167993627,0.9306609606698022,-0.6232992766148372,-0.9858529567640241,0.9803540693431335,-0.7216966698780616,-1.2363570362093308,0.9861406190811604,-0.8883876320430354,-1.3827811437085082,0.4306353612218852,-0.6364035861754147,-0.6399559837741718,0.5582123520016746,-0.07571791004639807,-1.0114328037854403,0.49459118846317873,0.19914814827887986,-1.050904326793326,0.43055293173843756,0.20248868552508031,-1.0351194104310302,0.0887228096499377,-0.5449480742902197,-0.7234016029408004,0.2352649561694123,0.05781340194672866,-1.0487501696258936,0.24856313987505874,0.24598556992764994,-0.9524188988417797,0.23362010330370842,0.16864973398014094,-0.8332711470393493,-0.19915754523999288,-0.36994401629006446,-0.8317876361492471,-0.06830293838636801,0.08597972129976598,-1.0399205431709344,-0.03197956221031571,0.20466103213186032,-0.9610531124679788,-0.048975697402391744,0.13002344289552747,-0.8606428461719511
me,point,0.36503524924013553,-0.03552273491775831,-0.1932734854456738,0.6323489491496657,-0.11300197589305123,-0.38752188092422,0.6925676946899202,-0.15007883156398885,-0.5789667195716004,0.6812897248190692,-0.15418740844297513,-0.7647867480762849,0.7458928540748985,-0.5885048185199486,-0.47928452934518717,0.8929153303303462,-0.7601543390150469,-0.8343027489720649,0.93305716944453,-0.8782667238769568,-1.0528065039078194,0.9464717472033344,-1.0698023340231209,-1.1854513382259686,0.38493125831137215,-0.7507207943480598,-0.5368856631613864,0.5017043160184206,-0.17751982161332763,-0.8764684432750988,0.44479102649206614,0.174422145169873,-0.9137831302509644,0.38389869949688726,0.23393831402701112,-0.8945537766489705,0.01829223252240851,-0.6473224606347502,-0.6149314849823035,0.15844906134448167,-0.016128625029255862,-0.9206306409930204,0.17099260836164476,0.2147354317770712,-0.8228212255559301,0.1445205519701912,0.1504866429920835,-0.7009150733421763,-0.2970684974296402,-0.4488778276025114,-0.7157544672231738,-0.1672811604582613,0.019937506290531832,-0.907611020502444,-0.12243610750797748,0.17418302257947899,-0.8180238652703965,-0.14115786853222775,0.11559164889520489,-0.706810906695757
me,point,0.28357725295421704,-0.010554424727744592,-0.2072038328045652,0.5492181373903279,0.16190865859828313,-0.472483343603887,0.6786304416818297,0.3889946313819161,-0.6742710599930241,0.690167049085479,0.5556202282321654,-0.8613927879976696,0.44254842920307147,-0.32354246001190506,-0.9355015172664574,0.5521108484570514,0.18307235793971077,-1.2138685881652411,0.61021445191374,0.47969841395256396,-1.256584848735664,0.6124678047532361,0.5821119634467352,-1.25490501400177,0.08494135383352212,-0.3031664111101035,-0.9491444008071417,0.22636401052688976,0.542922707545523,-1.293702673118055,0.25406538071445534,0.5305272410783977,-1.2202143603799656,0.22017838174645665,0.33034825209179947,-1.1171713286768108,-0.2445551803156852,-0.1844368438141441,-0.9362918013109485,-0.10239415198141551,0.5894389054124162,-1.2061895028413605,-0.058160935008749845,0.5127908239450422,-1.0155552043480145,-0.08334488282285506,0.2992431248780808,-0.8362851640784021,-0.5241561963862187,-0.04463793113567057,-0.9296429619517589,-0.4137420085433993,0.5242641741856839,-1.0812283959416964,-0.3381311115766107,0.46879437817898995,-0.9704945289852633,-0.3420931421878974,0.2750705066552612,-0.8785750338919311
me,point,0.44274108438270976,0.17412183181632546,-0.17958185581898192,0.7489797372847495,0.6999186197872284,-0.3548964177018056,0.7095676074244048,1.2099152395441815,-0.45032440330498025,0.5218837744727859,1.4742531395290062,-0.5396440002635426,0.6382851900417309,0.5189964291482309,-0.827250614029538,0.7290369329089893,1.2297312800441438,-1.0816516008464334,0.7726906647785163,1.6353949648183077,-1.1679145399812645,0.7757885938545167,1.9209629551210763,-1.2205013538084082,0.20481185884727096,0.5648909132522307,-0.7993437049233492,0.2664683725135292,1.492030678220133,-1.0455038232694704,0.30391730463329053,1.3221273644922291,-0.9768146517202371,0.2751918439548312,1.0250325597808383,-0.898409917168155,-0.20487718725543166,0.6254188695434335,-0.7444069540454865,-0.12291898875889909,1.5003529334787273,-0.9235939576869084,-0.05797312283183447,1.3409915810341855,-0.7703489014224173,-0.07709877466082492,1.0512577185808567,-0.6405173884920116,-0.52937677257267,0.6980476360752964,-0.692435163993867,-0.4239579504925953,1.3466826342892348,-0.8379148379762174,-0.3147409566598481,1.248883817493625,-0.7771856349081061,-0.3191990426584568,1.0207949723665708,-0.71774298785583
me,point,0.42354154065144084,0.16532565633696647,-0.1876595263222452,0.7104350930846524,0.6457370366639826,-0.3833853901313901,0.7512605217077867,1.1368187034463566,-0.5055429468375725,0.6961183946141157,1.4915794757741094,-0.6184824224665779,0.6158734897118261,0.45667002138017065,-0.8750352085512748,0.6897368165619263,1.1554426756526301,-1.1198523728566203,0.7190267909160417,1.5077117297031002,-1.1379757514173676,0.7232101403282589,1.6667915651607266,-1.119033516367059,0.1874849400124976,0.5030681974284192,-0.8436656837898713,0.24114219024006078,1.416528375668899,-1.0827288190867783,0.3008852555764739,1.3114860737345289,-0.972226793839855,0.2868970789720511,1.0247632524130719,-0.8630619388570643,-0.21400506584018847,0.5539054406721784,-0.7874681015099472,-0.14013978627849935,1.4110280242973179,-0.9843190332162406,-0.07357895958185395,1.2794824714607786,-0.8279212325534383,-0.08726767183440315,1.003681486650253,-0.6944082207838012,-0.5346052473571776,0.6122617310411121,-0.7294620751391465,-0.45901604405696544,1.2519293029126828,-0.8972036145958704,-0.37277523621376063,1.171149121875453,-0.8419892663183608,-0.37090462594648044,0.9402331656464534,-0.783195743423217
me,point,0.4603650964829025,0.1468814993902956,-0.09289246060590174,0.7196701842872076,0.6133666731737061,-0.23630765428369668,0.705065711797291,1.0755762910597007,-0.3142436502449629,0.6227797635106059,1.3716839782212857,-0.3935475738320023,0.6815282120112757,0.5407416451741996,-0.7672116542959077,0.7510093163486427,1.2820899819320144,-0.9945279978647279,0.7517276021485414,1.6879005839902743,-1.0800756468609929,0.7303669021124504,1.976765338556166,-1.125610174839714,0.2743226695150022,0.5615319627116591,-0.7806592904996101,0.3446537137536365,1.4311850493347786,-1.0023639076494226,0.3705437893059981,1.2826705053546703,-0.9146363158098222,0.3595917099670199,1.0215646622404309,-0.817949780979394,-0.10666277262074943,0.6091743795998584,-0.7573926897834375,-0.027334949663056208,1.4030662240357366,-0.8566103636681491,0.04555765640193436,1.2390775195492392,-0.646135307632226,0.040725832274411934,0.9875270955301356,-0.4864645908041937,-0.43120062924001834,0.6555224943428472,-0.7382832155770985,-0.36292979377685325,1.2702263462001824,-0.774911224990942,-0.26623133891292267,1.1626690373339184,-0.630374591892588,-0.24772705844733386,0.9536784702463991,-0.5166272274196833
me,point,0.37209316166247397,0.1766297316163054,-0.11017746669058451,0.6247480837298733,0.61281856327182,-0.3008254789365705,0.6768614904198447,1.0241759423668948,-0.44070516528310033,0.742514140783808,1.3510636144445034,-0.5687697697159803,0.7438583328718672,0.4110030040535235,-0.7760073881968621,0.7340165127254753,0.9680443893074381,-1.048420838550668,0.7516184563854115,1.3138821995855847,-1.125782453172058,0.7653651956254178,1.523099978797975,-1.1551380200335781,0.43283680398317004,0.369682052652616,-0.8221845784640961,0.38561850208026593,1.230347328556018,-1.0908824362623133,0.30527369105469937,1.1278653211653202,-0.9956313333641245,0.2726100971668763,0.8975995919816762,-0.8918964003361044,0.08494657817235447,0.38707944992209525,-0.8431344683480607,0.043894475721828634,1.1736468479331972,-1.0142623286382542,0.01371640486284285,1.0303941737023243,-0.7887379258018901,0.00987352378363577,0.8104054787152101,-0.6121317085942712,-0.2355582353770934,0.411827245958014,-0.8697056975001431,-0.25787907058453224,1.020588586284211,-0.9427431361241011,-0.22627043892472995,0.9218465548113011,-0.7932927167951539,-0.20579115319759414,0.7263874695326951,-0.6815071137973201
me,point,0.32361850719595814,0.13497684245210365,-0.0807894021395327,0.4915181419039179,0.4313454039076323,-0.31809204108109074,0.5742308149337494,0.7217599633848792,-0.5112711433173408,0.7598965983150573,0.9504690591207949,-0.6973069632880673,0.6405368243510899,0.23331185913383304,-0.853876967300546,0.6392942110816539,0.6955902850577113,-1.0542161462012343,0.6653928792452061,0.9309772213651285,-1.0232421932204543,0.6714390351047116,1.0312144620993056,-0.967766504100095,0.37387122437899567,0.20384989727482325,-0.9048013743150453,0.30987724387890003,0.8832401759518159,-1.0543208743503634,0.25129252395639434,0.86667017604424,-0.8378311679519126,0.2413455890423216,0.7560010298304097,-0.681776536673306,0.0994112146829461,0.22825357996227788,-0.9253661588485489,0.06643183822151615,0.8397614149771451,-0.978812826204655,0.04757939337632187,0.7615319421437273,-0.6943404695638884,0.05352435221672656,0.5968751336159338,-0.5241301839406459,-0.1522271877659666,0.26243715788844685,-0.9531482286592036,-0.16983986147077196,0.7129564686615236,-0.9404063612652489,-0.14457540124510151,0.6667807855965341,-0.7680923833964254,-0.12089796865430055,0.5085179922985852,-0.6660082324698154
me,point,0.5454361771285466,0.11305481009816351,-0.1732003770481518,0.9334749120168161,0.4468521241761915,-0.454517794788441,1.066852428876965,0.7861954408751887,-0.6913726531242204,1.0067016424366002,0.9111316972914287,-0.9052082901363318,0.915382928036029,0.10897990358300534,-0.8318800626452408,0.9228664590870599,0.7798975563352776,-1.1144230444195304,0.8391581034032147,1.0242651195790726,-1.1828686397063644,0.7477352715250206,1.022040918698039,-1.184648419676202,0.4755278128048615,0.1250346089999678,-0.8707695710124751,0.5400294054298351,1.077323805440768,-1.1431784516314587,0.5350257104537781,1.2386279823419664,-1.0644372216977491,0.5157131994422426,1.1245798635562787,-0.984530551497179,0.07776294490906377,0.2388902152683056,-0.8878305706860389,0.15412892209543405,1.140336541428233,-1.0390110115946927,0.23847339597030476,1.2132619251216752,-0.8421802393297307,0.27147129923911323,1.0174726770204523,-0.6962633794724312,-0.2532124244916217,0.37504582867344227,-0.9206065546555067,-0.16937398019199926,1.0492323509580663,-0.9735181483759962,-0.06025927126184779,1.1111102763169425,-0.8332628219425763,-0.00043999533608470005,0.9714305658042741,-0.7270622377608398
me,point,0.4729798154729023,0.1353129218627422,-0.32613272095517537,0.8677411806118124,0.5099218137970717,-0.6590576686507067,0.9007005933752693,0.8833775353170485,-0.9022611514420174,0.5224883483422464,0.964301903108598,-1.1183778087831167,0.4770646949429013,0.13132711275446823,-1.0534338556732064,0.35242343473426324,0.8894904560096054,-1.4126440041747812,0.3803882112714609,1.2309602044953238,-1.5429880781917567,0.32381724386670696,1.20650680249973,-1.5712424009343717,0.01975232350060659,0.1329745604615922,-0.9909226064564143,0.03184707395155066,1.1697667415216944,-1.3737556994673368,0.2583065910954758,1.374729995934213,-1.382998684842161,0.31708117561330684,1.1645426603434428,-1.3305850909103458,-0.33675004504926437,0.21675993416560466,-0.9021009053110131,-0.2970904528619259,1.166343978720838,-1.1300479822030092,-0.04160998173085809,1.2399738881869362,-0.9708191311747693,0.055789436207053136,1.022877200752735,-0.8056810160254722,-0.6276633928049633,0.34514136915832644,-0.8318721966943038,-0.5671249546958411,1.1153485308129352,-0.9279303323090482,-0.3684953981666505,1.176876598023454,-0.8091279912502352,-0.26940719947843716,0.9910943112148541,-0.6969681639311469
me,point,0.5023746544323758,0.02586213195774558,-0.3562679558170962,0.8023957662454229,0.06933948908241132,-0.6596349278294172,0.6538802003312437,0.16116424990460207,-0.9282116497733258,0.334752706088516,0.14376749032395572,-1.1648113827390756,0.6783316623474874,-0.5893561226372331,-0.7369256023122214,0.7242237142614769,-0.26798794704344003,-1.1610640253280136,0.6496003189627216,-0.10756578122265661,-1.3981750143596114,0.4549162936951602,-0.1351365214833703,-1.524289854039535,0.14845589557516942,-0.6588800336490273,-0.7374536923276139,0.1295447568995786,0.2780737749430811,-1.1191540291484205,0.2183593219673154,0.5650022824980343,-1.1579303555597145,0.23204652537181392,0.493795577744292,-1.1564280007144445,-0.29080166867823487,-0.4997852322649694,-0.7647099608835589,-0.23715833451469137,0.3894840093929215,-1.0558797970565152,-0.07346500914573684,0.5380304625984521,-0.9079298969379614,-0.023317875878179028,0.36467903443624705,-0.771811257286645,-0.6191853551688425,-0.27066183956480994,-0.8394284980578637,-0.5160998093749095,0.4035230724035205,-1.0439294213659398,-0.3785421676437958,0.5085418920904338,-0.9455083074754319,-0.33486956676504015,0.3867627713884582,-0.8291174033557267
me,point,0.35837836856908756,0.015174426461348695,-0.4269879181243682,0.6273749350275445,-0.13506180750806407,-0.7030630768800178,0.42879702649797424,-0.30348114312670205,-0.9086596799507668,0.02340648141766107,-0.4292261237518623,-1.071931114711366,0.35253364190825937,-0.7352970446653091,-0.7286568991353264,0.370031665171318,-0.30730819822469885,-1.1270698304607347,0.35231149614960716,-0.03771870377394319,-1.3256868501498396,0.26290493301711276,-0.04156918336137356,-1.4402953501603621,-0.08215538229228288,-0.7450785627710301,-0.6618975966563596,-0.07039523343945309,0.07934486562312812,-1.012380786785343,0.08253875606829762,0.3138054340866854,-1.0606553533487448,0.1300824504238475,0.21229298226482682,-1.0850209726445639,-0.4118609096060726,-0.6118854386317426,-0.6279152748065998,-0.38405597030462246,0.1737442918517647,-0.9026049770107819,-0.19644986752553387,0.31003472438219093,-0.8049983653564864,-0.14387377685143438,0.1568845683398176,-0.7323994713149757,-0.6830662014210592,-0.4232275551739434,-0.6412561898052285,-0.6271467397010505,0.1662505655473883,-0.8330445839334835,-0.48464663681255493,0.28112468379244876,-0.8060979798274337,-0.43734717617266067,0.14606941825891115,-0.766784933551954
me,point,0.39111526158008414,0.04887361966554211,-0.49249357500260094,0.7075950018920667,-0.006662835431739601,-0.8411274703986659,0.521400143819622,-0.099099413805129,-1.1176038098442687,0.114764164323395,-0.21170047477831652,-1.3482839908208006,0.3809346157031815,-0.6605720336840376,-0.838980951630552,0.3915897603623482,-0.09620683393514957,-1.3152129452695436,0.4151678074627211,0.16761350863427063,-1.5794490461555861,0.33877088919985143,0.1337089040135509,-1.7343343373689906,-0.10340723857957812,-0.6275068703490898,-0.7717137232640333,-0.056742391138087406,0.27299096288758834,-1.1913141075054248,0.12548156243849926,0.44218409169318734,-1.2726936714693105,0.15508397940873273,0.2736737901641315,-1.3185304335704038,-0.4642239392287415,-0.47200263926405434,-0.7437892901934074,-0.37957598713068647,0.37682237462100854,-1.0707031018682747,-0.1667703909633056,0.4607446899793822,-0.9709854834685533,-0.12515248511498694,0.24034441727996844,-0.8885836393286224,-0.7460075083391923,-0.26793078630772094,-0.7715485310226873,-0.6303942624310744,0.36107372082288974,-0.9863535088530068,-0.47486527701907166,0.4250386566140134,-0.9552642800132101,-0.43313879526138166,0.24701509566678678,-0.9112183259884301
me,point,0.594815445393904,0.17546337371142154,-0.19470708980588214,0.9497888012792208,0.5431033838599502,-0.5118417338660336,0.915583850012373,0.9140835301473429,-0.7906020560158391,0.6558950914045766,1.000370839121227,-1.046242720782459,0.8310556662986746,0.07752785601312889,-0.8839630878732538,0.9000226732211323,0.7648653564230278,-1.1982654642480666,0.7638216594462772,0.9420219307927968,-1.2946210195702947,0.6158265640208783,0.8612295618918191,-1.3144759893151958,0.35306534325398137,0.0911936458920077,-0.9311436958611015,0.4044236225310191,1.063707736508825,-1.1968742760300823,0.43582522730962375,1.1180660438893981,-1.10500508864157,0.4720509926140009,0.9298184088715914,-1.0346500390089692,-0.068638912979578,0.20016963398722554,-0.9607548076763263,0.021586222310605363,1.1317919916057397,-1.0931752705269417,0.12364370959673363,1.0731820061264907,-0.8604256021984966,0.166955342939917,0.8091155743559353,-0.7061310156945891,-0.42251413712744806,0.3423675584613103,-1.0153485038936818,-0.3107289920920026,1.06108805272842,-1.0232953673287963,-0.18230140194490732,1.0323881770597447,-0.8344761236360709,-0.11641935183769717,0.830206466556771,-0.7141962288622282
me,point,0.42155424597713825,0.11688047596893335,-0.21115147829766237,0.7365150254688032,0.3261554706632768,-0.5043022970455656,0.7765398557212596,0.5205482242361531,-0.7446999452124814,0.6291167995213863,0.612262205115622,-0.9554259794549008,0.6518792935529626,-0.022899003757075296,-0.9531933416694476,0.7120977326916794,0.5617341691259556,-1.2591349466841422,0.6193805952369393,0.7170270519612134,-1.3039226481774964,0.5057800763495274,0.6134878881828687,-1.270706473213651,0.24561264736389893,-0.03947644543864722,-0.9685639048149722,0.3110326060158481,0.7899835688243202,-1.3024251372335058,0.32739158000524793,0.9509477493225365,-1.2488724389462846,0.3129109738808436,0.8358783172732352,-1.163592214305693,-0.13396452289202584,0.04745690229619702,-0.9563076699296325,-0.0339480994494997,0.8676155996408121,-1.182476208613175,0.04824043684173733,0.9167497171732142,-0.9985253691768075,0.09585261615793735,0.715400329684031,-0.8277426912972121,-0.4319333790451277,0.16747509117005427,-0.9549853948744031,-0.3740277110604603,0.8221864588317334,-1.0493941209297897,-0.26982752146458716,0.849397471921266,-0.9057601219115532,-0.21579022482285298,0.672114458591339,-0.7800252810796863
me,point,0.4389376926591701,0.13482130518277222,-0.16010376597765252,0.8077851761421428,0.37723209816818454,-0.41941823075026086,0.9479075402508819,0.5903524518635198,-0.6415848332092952,1.0174537596624549,0.7480452860547223,-0.8348939074875226,0.8059983955318549,0.09722093077356149,-0.8444572690511906,0.9464558769941824,0.6152376798552568,-1.1735971089089814,0.9436407069248531,0.7878960687145259,-1.2641789302690414,0.888707877153034,0.7554741558767897,-1.2646058900504236,0.4320765411219514,0.08318090358123395,-0.8979926502435864,0.5174376272847,0.9763949726283846,-1.2647267596000449,0.5054951936010676,1.0986302560110202,-1.231520346559683,0.4552679828011079,0.9491368926142177,-1.1447030664519071,0.047451511473009994,0.1686353679983281,-0.9290870714013308,0.15079804805250077,1.029983416628143,-1.1845566903908313,0.18541204612752754,1.021470637217189,-0.9964772974995789,0.19687407326577733,0.792055240599278,-0.8094668398883337,-0.28602650085413783,0.27371216677100296,-0.9687508671784607,-0.20984059609410624,0.9683263542561922,-1.082306350012641,-0.12388330206397424,0.9580079035683638,-0.9294002264352296,-0.08468117574829581,0.7568568605213163,-0.7874838633314094
me,point,0.4807913398277824,0.12490701333084786,-0.11540835019322328,0.878148095323564,0.3848678522028627,-0.35234177683759027,1.0929363762293547,0.6287230434064961,-0.5648868397010329,1.3161356513371347,0.6631053284770244,-0.7544965775964962,0.9421957428665496,0.07919212964635983,-0.7502430049652666,1.082557889035615,0.6507476169420511,-1.041308980263464,1.0162826652495922,0.8950295072298268,-1.1203341106995344,0.9154053277723339,0.9242776017030205,-1.1216031666818593,0.5700202906986209,0.06884553945513637,-0.8187412044651173,0.7008246840848464,0.9517314897846726,-1.1096601928550849,0.6185598609797414,1.1332460598083498,-1.0490390194670227,0.5370582656704228,1.062749160393614,-0.967853940567289,0.191049550186932,0.16013752097430045,-0.8649172528650724,0.3265000180214086,0.9993819311206513,-1.0511436082292038,0.30781818900917196,1.044523243825997,-0.8572279283450142,0.2821490762341829,0.8554490842059578,-0.6954257058764077,-0.16217816238047522,0.2872874073078056,-0.9199366685371836,-0.024936555173929714,0.9616366591982847,-0.9960556446718772,0.03642330985413711,0.9743189380689586,-0.8448502045079814,0.058215403313659875,0.7967251690637207,-0.7176741718334713
me,point,0.47091372946949156,0.1213906241036794,-0.09916641678272833,0.9011371682384027,0.38432346478861884,-0.3214127763496157,1.1655455189171662,0.6346951897538441,-0.5219449905386753,1.410444932267794,0.622156763870411,-0.7017470400537525,0.9615101653909526,0.07773236123891897,-0.7054489483179336,1.1418345282308644,0.5682680673851122,-1.0105898397372493,1.141905764629829,0.7795032897158742,-1.117597790180956,1.092035516390721,0.7929493090505498,-1.1406833014395297,0.6157400111065713,0.06831306132228043,-0.7849825248852728,0.766211255756157,0.9111032224201062,-1.0915483678290636,0.6923099001257769,1.099763957785285,-1.0617756513902887,0.605466470522852,1.044555226982354,-1.0003937948176753,0.2493607791234349,0.16168218470921886,-0.8437450280097682,0.3873203487967301,0.9764376559243866,-1.0439576098417584,0.33871894302788125,1.0084126650110656,-0.8665207056418833,0.2920853310078346,0.8194626621764516,-0.7124580585645854,-0.0952642276930734,0.2877899475349162,-0.9098609754809314,0.03231390358719224,0.9520408286103971,-0.9902139941815475,0.06376671112162931,0.9576451063992267,-0.8454941945676062,0.060315322494810884,0.784630074989469,-0.7241145241779935
me,point,0.5116871808383106,0.13409662305001072,-0.055237146689529636,0.9426560714345861,0.3851714583429357,-0.2618171076890461,1.2176905693021873,0.6082460544306649,-0.457892302992844,1.487382427466908,0.5569705220337536,-0.636605621305512,0.9974426230112742,0.045299029593927904,-0.6503422202146926,1.1855494809195526,0.47525468645409835,-0.9581688010001693,1.2253932769507196,0.6632468414489264,-1.0728892528960416,1.223992569372791,0.660650707507206,-1.10683065900669,0.650264284692393,0.0364830746689499,-0.7588315658406616,0.810772585598191,0.8897793973687268,-1.0641767895997478,0.7001930568816372,1.0793719910146464,-1.011987259987336,0.6086349713091415,1.0274985974320798,-0.9361832865687938,0.2711541353065142,0.13094680704478318,-0.847961279732593,0.40351241720271425,0.9473574478493992,-1.0576950389634854,0.3485204364081305,1.0029103628916953,-0.8592897834762321,0.3093121685193585,0.8253100698498341,-0.6898608519866976,-0.09094683004662465,0.2659290105885106,-0.9419630553747398,0.055660365771541154,0.9183601813197408,-1.022626214216439,0.08428310878831415,0.9425814405389636,-0.8594343831490592,0.08691816771872815,0.7772820359392824,-0.7252296803538264
me,point,0.4900849463085093,0.0682495013165137,-0.059591596003898226,0.9786584078885993,0.2900426529556819,-0.24219621264552987,1.2752893027579526,0.5012032547282007,-0.41294942016658565,1.5480345210846913,0.49958738569533256,-0.5712286502292394,1.0019595323263004,0.0495076709900783,-0.6189555603699305,1.3108017631287094,0.4220619766249046,-0.9286107149046811,1.4921935181908565,0.5324867000038699,-1.0753272778712812,1.624017802441055,0.492018002088862,-1.1382272781995966,0.6903963742442648,0.060687123843019705,-0.7208813490651808,0.9035843669007501,0.8887426172646034,-1.0313201997270274,0.8101024545916817,1.0630906610005826,-1.0179374949755056,0.7117216276445342,1.011453125585628,-0.9633382760750024,0.33312831845998736,0.1643078305664394,-0.8043067005610974,0.5240444513051471,0.9732962392458271,-1.0163522689282825,0.4493166123629682,0.9853597386961752,-0.8470136810395684,0.3891105763176727,0.797491132157782,-0.6922902403850721,-0.0117765310743888,0.30554149294220656,-0.8927935939029735,0.1603658546163312,0.9486819956426695,-0.9824645237178895,0.15965547519391934,0.927828346991449,-0.8322376050539496,0.12340347856452498,0.7312101419006236,-0.7030872574541209
me,point,0.43936763461832684,0.10544784801867127,-0.06609376992291988,0.9671689680553837,0.3702554245697963,-0.26394628885228333,1.3267424609460414,0.5827183543640604,-0.45100559655345307,1.6532475443423083,0.5884969022833707,-0.632637212160048,0.9477979810974989,0.1540249934774103,-0.6356628672022284,1.2581091510846938,0.504168489863535,-0.9560860783419912,1.478549991309314,0.6312232366458411,-1.1003921618424437,1.6484169110833677,0.6108443941842716,-1.1576711026197972,0.6552844379532977,0.16217444193091216,-0.7377680907715025,0.8773944322537864,1.0351591495653434,-1.0601066241891803,0.7672394527834231,1.1473333209282863,-1.0572789618977412,0.6363512071194145,1.0477408787743607,-1.00041076557516,0.2981497924761294,0.2769974973209121,-0.818378987404831,0.5061961751160268,1.1168182103530877,-1.0349834048041724,0.4307116477490751,1.0518168561197874,-0.8595141395201354,0.344284609636169,0.8219178242204335,-0.6922628265105318,-0.0471242239721118,0.42807202287667656,-0.902812592175711,0.15085905876126943,1.0892224485857582,-0.9860539937621879,0.14540242310617396,1.0293927151265636,-0.8268794483229027,0.08294921608195498,0.8229533179526852,-0.6917620663642304
me,point,0.535735469805383,0.04815820542866386,-0.20736539946174065,0.9479375994083985,0.2551121284787538,-0.48402100166568923,1.192935184751709,0.5281101502681539,-0.7059369879456736,1.3204429891719267,0.6765825563512561,-0.9143742301596368,0.7116031878243423,-0.2628531375269113,-0.9282634954836337,0.9337949700338168,0.35309832907898303,-1.3009745256988006,1.1511797167749127,0.6025616457251755,-1.4119486948152147,1.240598012073709,0.6355322179543942,-1.4247880409623968,0.18120185795659693,-0.18265255705752015,-0.9663353093380302,0.38383429294106897,1.1288655382062502,-1.3948539050586342,0.535981058662881,1.0464479552667159,-1.3740595533133384,0.5080139572400252,0.7021125369065822,-1.2649592951008615,-0.2847869125395545,0.04076077948190783,-0.9780115044734449,-0.011870843072689279,1.1796193175753493,-1.3140374756747528,0.13469530015363226,1.0076433071213862,-1.126641559299133,0.05825407022669206,0.6941947092432282,-0.9063166277607927,-0.6424236307602645,0.285353071714318,-0.9928606039784931,-0.42312940384111075,1.148481546033747,-1.129347952083563,-0.28291836383774627,0.9951957592097469,-0.9495201584224655,-0.319049239261596,0.6882212160717692,-0.7934727481321092
me,point,0.7267520976653461,0.08124745247330777,-0.3277139871530441,1.1887823039311833,0.6193458354651645,-0.5925743744533825,1.151978147589626,1.2201110666417223,-0.760046577953953,0.7141556023464735,1.4715064999417904,-0.8969764947720807,0.742593875834603,0.222667673584806,-0.9876625726367113,0.8305953822197295,1.1471841807017582,-1.3060015998502132,0.9270711846270109,1.3025514964703695,-1.3464292356901515,0.8641623290319781,1.1911125623375385,-1.3105270807568408,0.13501610722391233,0.38822770137756935,-0.9116193847616393,0.271834679488875,1.7403405950976383,-1.2675304949285142,0.5263011464594497,1.6580503867075727,-1.2164116675434997,0.558505816451188,1.2723892805997445,-1.0946932812404384,-0.33686489630743677,0.630225068113622,-0.817067916099261,-0.08065709086966845,1.7862936503259728,-1.0856099300319164,0.1616713300859586,1.6407308063376551,-0.946568503364191,0.15998612042243207,1.2959861564386885,-0.7717111332989244,-0.6404042765471659,0.8718954653461206,-0.7324339457122319,-0.4064100218264561,1.745260130961518,-0.8823233209092475,-0.20065528311787642,1.6150703319652575,-0.7886817828097434,-0.20403877353619443,1.3021717620469297,-0.6861676167928819
me,point,0.36744502857702016,0.04698742433349877,-0.608755682298581,0.4339285980318634,0.21362338956096277,-0.9939680770654187,0.1603417697137558,0.43469400700677335,-1.251748008767112,-0.21081211607936426,0.559098630756376,-1.463725270448748,-0.08904964904301198,-0.21558231988400106,-1.0686725150232752,-0.16580055382291728,0.38488854987485643,-1.413844992364313,-0.012663412751721219,0.5799596224838509,-1.523079433757123,-0.0028827482376712495,0.5247212808032595,-1.5896354149030436,-0.4048564417710667,-0.1662254873095126,-0.8991442314363063,-0.40486621266468714,0.631145184877689,-1.2312806635894682,-0.15593422667986628,0.7546782583011351,-1.2542529714261028,-0.07082720013662652,0.6163812307693621,-1.2706607110762447,-0.637578147157986,-0.028622126300861205,-0.7483488255614968,-0.5668638142274612,0.7435320110177368,-1.0286401600014419,-0.28076435276946,0.7814308981099423,-0.9518275513590841,-0.18204727450010874,0.6017778940904123,-0.9010924539307195,-0.8122212258595342,0.13661014297974183,-0.6475745057175428,-0.707290394639021,0.7178589211061293,-0.8855922696804861,-0.47455319636255977,0.7689292404943894,-0.8888430995271461,-0.4047472888430193,0.6263720364201802,-0.868703012361858
me,point,0.5154689873534141,0.1632403691872201,-0.43623757381690165,0.754260719402919,0.4974776676942055,-0.771682498020056,0.6088014528271017,0.7946090222308501,-0.9987947895035904,0.2815002108346245,0.8879496855838394,-1.2102953259202784,0.24164771704810592,0.1450548378636042,-1.0829413360322155,0.3714116882632413,0.8273111435154039,-1.3777777398021467,0.4878624336176214,0.8926482415492796,-1.4379137388568863,0.4316395556161863,0.829575710078674,-1.4660371493638855,-0.17112279279205875,0.24071003580608305,-0.955392939292143,0.003815006751821644,1.1160816371024127,-1.2221006624898094,0.24296796599087087,1.0452843610784563,-1.1525376227384851,0.22952669706292841,0.7667789786902871,-1.1053799076187492,-0.45466655276148044,0.3837667381837197,-0.8220621748929293,-0.26723186697269685,1.1912846876881802,-1.0651531741358584,-0.015925876981673345,1.0765042277102372,-0.9524343506772035,-0.02439701892667604,0.8001109703678485,-0.866922662057257,-0.6407337542077135,0.5476746489712142,-0.709196114919516,-0.4848407994071005,1.1722152493070082,-0.9145855226920544,-0.2989321553565661,1.0919757730160125,-0.8871686913058134,-0.28519244458452436,0.8402237793534605,-0.8550559715180319
me,point,0.5627763190143076,0.09045899206632499,-0.14517228532064488,1.0260455210494648,0.45812724542570715,-0.34990851685573604,1.1948574613164507,0.8049570638689654,-0.4964238071071523,1.198245137159365,1.036929871549727,-0.6113561826544704,0.8890153707846913,0.24783382284590091,-0.8179639220742819,1.0496755452613789,0.8692869484030266,-1.107526140390145,1.1579022527836436,1.0891317787645263,-1.1546548038312738,1.163360158994347,1.0522885387145122,-1.1199125009840862,0.4513004400151271,0.30182312674652073,-0.8397801575430954,0.5540525575193616,1.3403264898747669,-1.1949728782348927,0.6694715680847022,1.3597060984312628,-1.129628661363133,0.6689631434390071,1.0969676309100527,-0.9916875896009028,0.06366670319281649,0.4204161956993247,-0.8317478391837022,0.17611714666136893,1.3568574821561181,-1.068016942990031,0.34404383835855207,1.2983413291717842,-0.8784637222194153,0.37971252399015903,1.0528030759620297,-0.6716792926504564,-0.2508424814193475,0.5206813831738917,-0.8243490021119932,-0.15256565140463146,1.2899016238791714,-0.9134188155229838,0.012813020201141818,1.2462134203955169,-0.7636222446568437,0.0711109892568988,1.0236591253415344,-0.617415928449307
me,point,0.47525119776995634,0.08940739528060372,-0.15268975525462758,0.878319117345871,0.38548445719561636,-0.4013556684013792,1.0619450276600202,0.6658698864198991,-0.5983436144798041,1.1752107705805295,0.8115738027757753,-0.774448860445926,0.7372226230685697,0.08808312778976059,-0.887680775596043,0.9034356719584075,0.6277305041768451,-1.2138032777098056,1.0411305147626928,0.8619173008547221,-1.3003593043049162,1.0939172551263865,0.8821262368486787,-1.3035384501290643,0.32879343387073817,0.1157372303966448,-0.937283186312228,0.45360714021636567,1.1472275616495131,-1.327388955574655,0.5304622395253481,1.170396261404621,-1.2923055036620208,0.5065170960737873,0.9343141791549351,-1.1833859314145607,-0.04910436491791248,0.23982719524998672,-0.9536119640614097,0.09584889393976664,1.1755503774699307,-1.2216527825448695,0.22725855029699704,1.095047395078298,-1.0314009490866085,0.23589971800222673,0.8419771261642367,-0.8296885461483494,-0.3617000787275118,0.36942317802370267,-0.9729016353793982,-0.23456215865661248,1.106384018012556,-1.0864701667515928,-0.08959268373611265,1.055557427471954,-0.9321624328023939,-0.0546902668854607,0.8402796233914215,-0.7884246476042566
me,point,0.37539650111824324,0.0015786637278577536,-0.18341186397216153,0.7556870271184555,0.15581617124866978,-0.4554889485003935,1.0149383366369373,0.36510825458420854,-0.679337434268427,1.2687737077752566,0.4671214811815888,-0.8863978923842685,0.6200789477864699,-0.33202541821597564,-0.8941976154855796,0.8159236770725784,0.24063978873003666,-1.2371277505039884,0.9871252601479403,0.4560942250707805,-1.334092300634396,1.0890483445231223,0.43010186482493584,-1.338345646436318,0.1749520976188605,-0.3054977584231434,-0.935982309200978,0.32781992041825375,0.8329126378614555,-1.3178705455676247,0.4082891559102586,0.8555408989191489,-1.295939498285417,0.3772910542369244,0.6070743301806641,-1.208165894699868,-0.22487550900104067,-0.13578088752572576,-0.9527147989911521,-0.05964638216421514,0.9031977247095154,-1.2501395595509015,0.07304168726860047,0.8219441237200892,-1.087790355669251,0.05167299644051729,0.5536772391364282,-0.9033591554445237,-0.5584065728967981,0.057954613444286394,-0.9718569911714167,-0.3989595071151296,0.8316666672878009,-1.0949501829167743,-0.26473631421423055,0.7820495685753653,-0.9479265096541787,-0.2541097851385973,0.5599613482237494,-0.8236153298733369
me,point,0.5179114654150627,0.11382779778119717,-0.13626427928325147,1.017262374831771,0.477827533336735,-0.3595264320551058,1.3256537497820682,0.7870873803439152,-0.5500860922468555,1.6744744106675329,0.8439950284859737,-0.7231623045928492,0.9258430938502037,0.16650639781931986,-0.7568230716505295,1.1874794253427692,0.6492815028046732,-1.1116247960029537,1.3967439296450068,0.8496490388987639,-1.2707430174061796,1.5338136773645117,0.8976085321474082,-1.3346240006195553,0.527459831073848,0.17651968026396422,-0.8310396675749332,0.6758576020142615,1.2454003892759367,-1.2238729601753102,0.6750875097941231,1.2392690300329687,-1.2190393257820253,0.6269359102070136,1.0101503425956255,-1.142866523375622,0.12434683523549585,0.2927352639874733,-0.8840136502079556,0.2959201592741689,1.2759257114131495,-1.1444801193848635,0.33767904887657363,1.1588862790320575,-0.9481779312357201,0.31571002915207313,0.891800128245678,-0.7536933218565097,-0.23656055083812036,0.41989257467211377,-0.9460735820133203,-0.06362539705084776,1.1972629580521845,-1.0379418056455887,0.018543053902442253,1.1188021038690643,-0.865949056379876,0.023271120098161385,0.8930183991361403,-0.7201615285770399
me,point,0.48080900004873706,0.11108487269503142,-0.11401453366752437,0.900849579345413,0.4613816859124709,-0.33479883063799215,1.1563999041090542,0.7331132476554598,-0.5235291470030812,1.3943884100111905,0.8208325527358299,-0.7137994807516709,0.9011133392287749,0.1958107738205305,-0.7262152102172884,1.0154077417068572,0.5728543668524309,-1.0468995298728596,1.133073010964094,0.732081606176181,-1.22026989385143,1.23193475305262,0.8202139545929595,-1.3212734280720069,0.53399825605856,0.21491277120916025,-0.8177153314556452,0.6378237374183325,1.1433097563492978,-1.1026324702123782,0.5842655269675603,1.1349303523714929,-1.057458046845977,0.560245071665959,0.945182381793667,-1.02256690714332,0.15688685378978362,0.3021287280663694,-0.8988627483571441,0.23161495329538265,1.1622200250543842,-1.1176804485433072,0.2633383316422659,1.1385694265980248,-0.9671864201376782,0.30296844748975615,0.9532061740225697,-0.8587531980002582,-0.19791711435535544,0.40525594187568725,-0.9892295787183575,-0.09836516189756271,1.0493768175943887,-1.0870422758162388,-0.00711481327602603,1.0658511748253465,-0.9657891760048242,0.04714598337431752,0.9053159649363025,-0.8891028591833557
me,point,0.499473888614873,0.06830370834342611,-0.16735945024721666,0.9018248083537231,0.3824671056640491,-0.407842529234347,1.0964111731437545,0.6895710308600799,-0.592565764805839,1.235930284167457,0.8101873454111582,-0.756522537611834,0.8457907214451337,0.1172038388110031,-0.8510495595008869,0.9599434384029815,0.6174548831714117,-1.1893568794293972,1.06104390794031,0.7975480375142939,-1.3285733462365945,1.1081225756538227,0.8148203207784503,-1.3718746223062723,0.4536186464709815,0.14543552558362405,-0.8792489018884526,0.5291786919768483,1.07597403791734,-1.2205417007883541,0.6093071512947841,1.134211295848856,-1.189253835370814,0.6151893132463432,0.9614081270060628,-1.1140849756429014,0.08920155228361656,0.2663725170614594,-0.8837219681426104,0.17716555814513946,1.120099793670569,-1.0903828067306063,0.30145183136786347,1.1063621124381418,-0.918018783678219,0.35039979463300497,0.9092624903377813,-0.7608269169256446,-0.21706065561165525,0.38754097602644527,-0.8985522980406794,-0.13084178357191292,1.0618999369158721,-0.9711864011423362,0.0035699041629104434,1.048943482305369,-0.8325681623419126,0.071210441299678,0.8722713907074439,-0.7159671948810639
me,point,0.5636326615259787,0.038366877190048436,-0.13367518623542174,1.0650611330309718,0.37555373457492663,-0.34269128278472344,1.2449400113222384,0.7427823850539461,-0.49417215678312565,1.1339760426199024,0.9579257940508641,-0.6049800350331666,0.9200564706872891,0.2174080854160683,-0.8300390696278482,1.0388614764640383,0.8943821260263537,-1.0908079695322537,1.0398121286486277,1.0695945272754868,-1.1165185450453912,0.9647097552437109,0.9594226032892937,-1.0692491944347635,0.46881687582252046,0.2604411914917286,-0.8440267310449238,0.5542540466416755,1.2632506302532307,-1.1324707552938063,0.6701753318298496,1.3416473169377248,-1.0502791881740665,0.6886783075162707,1.113651172651321,-0.9351377525815293,0.07016703649673556,0.3794291240760734,-0.8239741242318331,0.18176770393248537,1.3024018593072424,-0.9874181632904591,0.3690429228108634,1.31594844023205,-0.8057522744338291,0.45403766600234563,1.0847502259903639,-0.6368517697709651,-0.25210993893370487,0.494066908281884,-0.8068022601290546,-0.13310307555182987,1.2539447606807854,-0.8559560404653695,0.051079687652096535,1.270987370686569,-0.7190438332037488,0.1536819159951429,1.082661882505512,-0.5959613889093915
me,point,0.5517453780270013,0.07818842959114489,-0.2335283611824531,0.9523388943744772,0.4883222037687517,-0.5062474710205451,0.9303057357100787,0.8966035127845492,-0.7001905240597928,0.6009501006250432,1.0210189157549288,-0.8653122997069123,0.6816414745762805,0.20995196511897213,-0.9780188696188176,0.6997305368279948,0.9256306542206635,-1.279105045311034,0.6915489540229222,1.1236280151135805,-1.3612511964506486,0.5555010740849674,1.0127853222792438,-1.3517793063703851,0.19571864338671438,0.2610910420197874,-0.9452648731482016,0.27334567588562486,1.1923175810053943,-1.238634795545824,0.4828612562622719,1.3561758846701388,-1.2084741396407395,0.5148007877632991,1.1666270762479376,-1.1492321184089025,-0.19245760200457182,0.37974944472363914,-0.87887650277848,-0.06038300531839492,1.2436282516213548,-1.0354690817501844,0.2091072412818396,1.3074864273594131,-0.9075758801613605,0.3186635691391568,1.0911976329086495,-0.788017319375036,-0.47553535964977345,0.5051287395969292,-0.8233138215137101,-0.32069744917997683,1.2208479928719105,-0.8698295509432193,-0.0829863447920062,1.2711081447698782,-0.7594299862559747,0.029119612535327993,1.1048288550491312,-0.6651643805799267
me,point,0.49353857488971764,0.06872832399511165,-0.25536082467578386,0.8604921613254324,0.4523914986103849,-0.5402799888510369,0.8366323529083288,0.8768423114733274,-0.740367266373728,0.4744468350432499,1.0687924504590622,-0.9095951247144707,0.60385987155822,0.08705987673656582,-1.0273928319006609,0.623159054640671,0.8996108405931912,-1.3289250023789934,0.6127638751673753,1.0243195333946067,-1.3663430733649136,0.5066437302807598,0.8739175749725748,-1.3249716458050207,0.11156226188978888,0.1255533135660064,-0.985794211372044,0.19069929889807802,1.2021655925573949,-1.2984373825722229,0.3504526136885072,1.2724236328123733,-1.2296506263642357,0.37082794407872377,1.058792123556176,-1.130076594332568,-0.28077015737117844,0.266906342282511,-0.9128983740786887,-0.1483041531770484,1.247147669098663,-1.1096994168450445,0.05407419990689059,1.217825283523604,-0.9475143274081397,0.10057515877189968,0.9875756529256322,-0.7921576725452912,-0.564146071746683,0.42361535654268084,-0.8485958017937383,-0.4193645462601253,1.1763964538627956,-0.9088226828292493,-0.2191437449148211,1.14612565486295,-0.7777279352587322,-0.1586520185424109,0.9436351261387309,-0.6722396397354167
me,point,0.4110169323160278,0.07188120810121536,-0.2536044488634364,0.7850511466765298,0.40532291737227644,-0.54046334614898,0.805337706835402,0.7563386512695065,-0.7477293226390441,0.46190275117615076,0.8773986127220302,-0.9259116059662005,0.5499146908855261,0.09283446481069967,-1.0164655205983957,0.5683863795548576,0.7939221385160952,-1.3084241674289319,0.5542382246787689,0.9126422216017807,-1.3172090540796537,0.47124297505071916,0.7635212326669634,-1.2610522270859683,0.13377840216868186,0.12294374247418256,-0.983355569109992,0.1781178154775873,1.0901309044725993,-1.3027984592175241,0.3200303343509476,1.1479989213946091,-1.2328753351417525,0.3500383416523122,0.9392780400593005,-1.129850381511381,-0.2152521851658593,0.24306552539343565,-0.9223686661546489,-0.10745661066737958,1.1182102063059518,-1.1398521622753262,0.06776662374560133,1.100634087743724,-0.99348996582433,0.11184689660407376,0.889808229595814,-0.8457057329789525,-0.4828114641549289,0.38596695316003743,-0.8681812177506032,-0.3577409171710468,1.0660603480449777,-0.9589328507088388,-0.1671015544194398,1.0588284639712264,-0.8549588998755595,-0.09749797767676813,0.8770135188450279,-0.7659256904429426
me,point,0.41273384815643915,0.08741544289397853,-0.2441720386840604,0.7789108451758774,0.43259540149768133,-0.5237855074103319,0.7977227508202671,0.7844374298006193,-0.7261592044899197,0.4668725049372371,0.8982625419460197,-0.9024561964874951,0.5469503243550191,0.09135677484947016,-1.0077593129884852,0.5992419102165812,0.7465796317096397,-1.3061493518691254,0.5832278408089469,0.9075175906952395,-1.3262646178282336,0.4981988733216579,0.7866464678541925,-1.2774136195004044,0.1317238676713254,0.13652370005372602,-0.981840161130796,0.17712275326975163,1.0879501015302948,-1.3092835718388407,0.3139940772884785,1.199118022821264,-1.2561558393639494,0.3500628737153285,1.011432047768503,-1.162186992901338,-0.2261941234708302,0.2642678606674939,-0.9262022790341413,-0.11790693117008871,1.1258099893545552,-1.152717208226202,0.0574601928427754,1.1350859354365832,-1.0187738538348994,0.11230125330693057,0.929679402114025,-0.8741877411454145,-0.5021761423570544,0.40895671857661875,-0.875941470644774,-0.3765008493539179,1.0822183430925276,-0.9720681250329531,-0.17972314137409548,1.0868735089391701,-0.8701167507386359,-0.10066498514684875,0.9052403513464106,-0.7773420918581335
me,point,0.47607316897541907,0.06119390958648791,-0.23298580897076437,0.8759546350160007,0.4397073666281327,-0.49085503652103235,0.8906554721496667,0.8463998353868979,-0.6647541270933433,0.5607181942836623,1.000779487785094,-0.8053347103180676,0.6458375738785449,0.13583921353486292,-0.9992820899318504,0.7133758884651209,0.8714593023430112,-1.2680140908264317,0.6963075593843516,1.0208995585190817,-1.2627274544280278,0.5797253980325164,0.8788963805032307,-1.1957207322545873,0.19355005607682046,0.1942227043636048,-0.9616734980763207,0.2692600493582959,1.1987834190133764,-1.2687032218213719,0.4263115721519717,1.298370938685609,-1.1894462032383644,0.4599356281199133,1.0923905134484575,-1.0748596866123186,-0.17034922342454506,0.3236820065372005,-0.8903765910944818,-0.04153415107539632,1.2114842650681894,-1.0863727078083973,0.15158648531876306,1.2262823936435046,-0.9321711890188293,0.21014349593518877,1.0315468530519072,-0.7768098626310433,-0.44237255032659195,0.45843436433833973,-0.8239776896802111,-0.3165653548982067,1.1685933831673192,-0.8932229842821985,-0.10943207622773858,1.1875772503435715,-0.777895447892333,-0.01321237837688677,1.0255111728532589,-0.6770880740826376
me,point,0.47991895658035355,0.05837024503582063,-0.20125945651485802,0.8915964923556073,0.39035152192259504,-0.4430787130622548,0.9677028435476509,0.743084926435315,-0.6118139236504272,0.7365648445620473,0.8950050642022949,-0.7404667652038364,0.7214982288224354,0.16038362739161857,-0.9469390842648323,0.815468332809288,0.7865983225290073,-1.2054424402967254,0.8046925415762058,0.983747693348127,-1.2063480414488574,0.6929122815974254,0.8889501040092038,-1.145738312529887,0.3110334593247917,0.20302191706585276,-0.928461247641149,0.3717582673561553,1.0634112089024323,-1.2421394935688097,0.5082800436553443,1.2251999966123488,-1.1746914286573942,0.5101920325912332,1.0462813010684529,-1.0692402734381663,-0.04627301538687252,0.31193561056777264,-0.8746199940543168,0.04435880865224374,1.1185201808912082,-1.0572232541769786,0.24344924621295344,1.1912246136327838,-0.8822985061360668,0.32519496675643617,1.0033210609438077,-0.7141676765072814,-0.32773194369833714,0.4288261716874815,-0.8289209573024384,-0.22252456152393843,1.0953162767582867,-0.903843188783929,-0.04216750028616669,1.1370946149711187,-0.7841041116048817,0.03997040100115765,0.9704841479840658,-0.6669286249526143
me,point,0.39480184852061717,0.07361786438005465,-0.24686450095260198,0.7784919981950877,0.36252191646133564,-0.5254267590048777,0.8442215551643208,0.6624753474460666,-0.7254080354810025,0.5856877740411176,0.808977033361736,-0.8928046489386903,0.5511648841577714,0.07734043442923115,-1.0093883404151331,0.6101842872213253,0.6939926708972028,-1.2895027453278116,0.6398689798504755,0.8225363081597888,-1.2833194514107198,0.5912657921476856,0.6726249490122477,-1.2157527237561254,0.1658400299126228,0.11941913095061017,-0.9788953752273944,0.22996966827730003,1.0151610013530104,-1.3101868345395715,0.37511935929611384,1.1494938488080106,-1.2499917837396215,0.4140844760125107,0.9875058045303912,-1.1494630537730626,-0.16189559615070517,0.24099449064703835,-0.9179383938508422,-0.05617980696123136,1.0495046550719311,-1.1456831753186816,0.12180500603209835,1.0732050413020606,-1.00649237925584,0.18460853261708537,0.8844854560412595,-0.8584721385207815,-0.41599227989687915,0.37274492231196066,-0.861848146012559,-0.311013776311399,1.0168121555585157,-0.9597911584702218,-0.11431918404116193,1.0369811766346109,-0.8565869160347601,-0.01542963954939167,0.8733624959755718,-0.7611089314713294
me,point,0.4791393225401945,0.058641995733975584,-0.2600846752852212,0.8995008174890233,0.4298807433398085,-0.5210035410697024,0.9241999576821851,0.8387189725160548,-0.6977652663871338,0.5410157084323709,0.9683481119908183,-0.8433321332981616,0.6116637515894086,-0.018468194604810965,-1.0297038335483237,0.7193731816935253,0.7308155600740918,-1.3205083427871123,0.6921743815572043,0.9407978294193952,-1.3110864909232844,0.5734120854796327,0.8294016293737567,-1.242973779233539,0.12339163445325606,0.09452216880238351,-0.987846174336798,0.20593834195347654,1.1963756030545727,-1.3309040862209631,0.3859060455023459,1.3611417834121422,-1.2634449593990067,0.43844327260936616,1.1712475201538632,-1.1488490825998503,-0.2986991924010535,0.27404265167266195,-0.9161342500829476,-0.13860045409267396,1.2620973645079687,-1.1724020908265045,0.0823024607420052,1.2838025288233457,-1.0297299975794543,0.14838941310878606,1.0488507084955345,-0.8618826524741634,-0.6243074643570931,0.45999108423047935,-0.8483954260831315,-0.46747208089489817,1.2092628992670071,-0.984511107934867,-0.24165010710319954,1.2379929953886746,-0.8932691716212847,-0.14933876208059388,1.0435576881470896,-0.7950513886978424
me,point,0.4303591269961899,0.0656176225221386,-0.24910703636162188,0.7411929671595601,0.36543415613440067,-0.5220383068522564,0.6971293100137033,0.6902421565287787,-0.7111557836994404,0.398233506324367,0.8343244602900554,-0.8752500564591028,0.49150776986562045,-0.05455500408534658,-1.0274740707189876,0.5432082517223953,0.5283126021513831,-1.3411061096776071,0.5356238267898938,0.7478116667072345,-1.3956912373070678,0.41032633731290197,0.6898476393564975,-1.3706041472578172,0.04867774874531515,0.0040332641039182,-0.9988063924293618,0.12739993565882157,0.9488631614464121,-1.3535635874333358,0.2832561152356629,1.101498969617114,-1.3143072935334157,0.31114773255581724,0.9285356546519093,-1.2225956572006909,-0.31953688645250344,0.16016182127291517,-0.9382080738028182,-0.21219011816857622,1.0177952598076678,-1.1810709844872886,-0.017833391254436285,1.058018924496085,-1.0447153065064627,0.05120331680938293,0.8655053661162232,-0.8914874061535564,-0.5857721234229695,0.33045265261174034,-0.884544308943849,-0.4893514683559737,1.0080946559011672,-0.9838627097281344,-0.2867610781919706,1.0168898447958252,-0.8708006317961661,-0.19668554267011945,0.84020348760327,-0.7656747154735583
me,point,0.5724134467447402,0.1541596515574052,-0.3372096797935481,0.8889804757005114,0.4095152759087392,-0.7346806030404072,0.8326417926824891,0.7145692605859252,-1.0982491783067232,0.5850244824777342,0.8535281578457947,-1.4491197786759316,0.6964073130272774,-0.09377420948651706,-0.9231617157275152,0.7214464398834922,0.6414199107043631,-1.3608501377455573,0.6781834395277109,0.9944764563135342,-1.6266121533842335,0.5606285759176511,1.0180027283856554,-1.7860048302705758,0.17223328381991904,-0.097499358391317,-0.9802191444049074,0.1802151733341121,0.9008281629068854,-1.321673440000993,0.2549538747503144,1.1237175949388671,-1.3567009378061126,0.3078956163504064,1.0384691304359064,-1.4161960629342616,-0.272212432112029,0.037746168034868514,-1.0479728425322958,-0.2008616867811531,1.0196208167948397,-1.2571421573717692,-0.05252922578973614,1.1463465479847335,-1.0847515897568105,0.029868864554227194,0.9927503010662759,-0.9958243196185611,-0.6116045534010475,0.23614461897394484,-1.1670689740052236,-0.5009604628996415,1.004073762921813,-1.2872754821207437,-0.34219845922336234,1.0779506818974642,-1.1460165825611017,-0.28215773822358886,0.9291360890052468,-1.0610506298670386
me,point,0.4944660000682383,0.1898121745605295,-0.35104756469024356,0.753864264978996,0.5142483100321573,-0.7621583208286188,0.7231544423811933,0.8721611968902441,-1.1424461701732533,0.48425684951387254,0.9784759712303706,-1.5226368780835058,0.5536061429645207,0.033653059573076814,-0.9477258914264796,0.6012393632554721,0.7507516752375865,-1.4012474411843767,0.6271721405451148,1.0469421607320901,-1.694453269783878,0.5229294563025009,1.038086894497303,-1.8693531791310574,0.043341804003910245,0.0007504820550053915,-0.999060020620569,0.07670250146433735,1.0061111072208548,-1.332109311173552,0.17366700245352504,1.2040210323898914,-1.3679445753099857,0.21525260186094658,1.0867141928617385,-1.431345186779701,-0.3755817649555567,0.11209894890402462,-1.0617915831604807,-0.28387313917674883,1.0838705199953966,-1.285543708851301,-0.13078300578880273,1.207151909416615,-1.1219457325821922,-0.07361898381752982,1.052663502059268,-1.0354653947842092,-0.6832256397629121,0.2951687420406725,-1.1757287168417399,-0.559192830477185,1.0416660444665977,-1.309435109304664,-0.41926219634094547,1.1286506893249733,-1.1679005864654277,-0.3908965067474005,1.0193836906684994,-1.0799839152623687
me,point,0.601269169871107,0.10878136354173551,-0.3939276651956159,0.955404315957313,0.27782044473318646,-0.7562477853045869,0.9490463613147223,0.47945660928442707,-1.082385750070641,0.7001420482611739,0.5367063144199404,-1.390757780087719,0.7720879114486043,-0.3753088373366151,-0.8644380327012988,0.7424830800873912,0.19173317815440932,-1.3524999222409237,0.7504356736328364,0.5618647441934564,-1.6685545646856543,0.6928211144967719,0.6418627980914158,-1.8545769761523883,0.22176044554746424,-0.40303348177968357,-0.8879112102880194,0.2785044975796878,0.6001453715321138,-1.3045916722071884,0.3663143459203538,0.8443123911223398,-1.400594200572117,0.3933073461810392,0.7478740670747321,-1.4712243898556285,-0.23814030684115206,-0.2447159269833286,-0.9354772983658145,-0.08914565852990518,0.7301656756334208,-1.264237007480554,0.03922037228509917,0.8802958555422226,-1.161884966223419,0.09150725756170432,0.7276842657039667,-1.0747999467070277,-0.5667019058872417,-0.013698869797810372,-1.0322091474955892,-0.35959060791019715,0.7171728924250872,-1.2387502788090683,-0.24438573062770355,0.8280528828570656,-1.1374887722965226,-0.2158542407213063,0.7417885718619736,-1.0453306480354694
me,point,0.6153548054913883,0.11582113086308901,-0.41107395587189227,0.9707741577863546,0.32388814298348073,-0.7962148160533553,0.9566609951526477,0.5608583708570465,-1.143941359505374,0.6925602648363083,0.6281562082081608,-1.478693063530531,0.7177348709303423,-0.30234368466688016,-0.9175026784094907,0.7291915999003523,0.3192180539929721,-1.423814524896025,0.7743800513920767,0.6676125404818658,-1.7616345647853486,0.7222606823075755,0.7181789679692119,-1.9629606328259033,0.1493871658045524,-0.30833024696257527,-0.9394764145527446,0.2685382655237667,0.7390000010770549,-1.3535872768022756,0.37381091336664035,0.9600733284712797,-1.4482154962132263,0.39638005430044915,0.8319298828464642,-1.5286890112635028,-0.31295651741992686,-0.135737552922247,-0.9849182705789705,-0.11196613848844408,0.8633761712814759,-1.3094069311809406,0.035742182331067136,0.9953429736580918,-1.2016050312692397,0.08669494787921067,0.8203028327958877,-1.1200084516079851,-0.6323828392632916,0.10411307444492585,-1.0823386532576906,-0.3956106535842497,0.8419188307596024,-1.2813802458667802,-0.27627261609368176,0.9387017875931812,-1.170100983856156,-0.25877244461720583,0.8388717450865383,-1.0792837385668521
me,point,0.5351780166141682,0.05529729622921381,-0.4236762047517288,0.8844374401973499,0.2543223855143299,-0.8164101027723624,0.9481093146629932,0.47408926532532836,-1.1726653475472415,0.7320236764277972,0.5294094481268121,-1.5082652224467366,0.6965407480103132,-0.3099596427024696,-0.9230368152307601,0.7419755209364943,0.3450020840710228,-1.4210471974131318,0.7849013533775872,0.6854660707832562,-1.7175066630315234,0.7255753846907513,0.7267477255150978,-1.8900574317079997,0.10649853176023319,-0.30502424875318235,-0.9463711060706953,0.23664683940176112,0.7904064878820448,-1.3894279674114907,0.34400870352706464,1.0442183359534998,-1.471927703063313,0.3766133276125488,0.9059863002648056,-1.5297334629740262,-0.36728299658205626,-0.12661888827517573,-0.9952608772697191,-0.15721485804128396,0.8935176480118023,-1.3493504006762935,0.007577839439283424,1.0408983525635966,-1.2261725641689836,0.05612455045605309,0.8519053299910195,-1.1253038907853525,-0.6978279587659657,0.10396070492438056,-1.0974491840530516,-0.4892256733921749,0.8537891809709861,-1.323919683922982,-0.34048337672485096,0.9643258417933556,-1.223637637888297,-0.2919000312989965,0.8517560904676762,-1.1309040284049097
me,point,0.5358273178562349,0.005388155144488058,-0.3810612912538755,0.9013245424612472,0.16672363737388188,-0.7464613608284238,0.9965685742402239,0.3889103555237746,-1.088668639280135,0.892803095121437,0.4738016016089879,-1.4132499230179907,0.7590647795501959,-0.4159769911720431,-0.8616744880996632,0.7765927699763283,0.3146244642412405,-1.3502325715319228,0.8262196274778447,0.7237227263901362,-1.6430165594471715,0.805234990154912,0.7574022310765285,-1.8182251260987137,0.11545329722416917,-0.40098832241407895,-0.9087787967638826,0.22340391611678365,0.7657497505296341,-1.3374301032737101,0.34507054930143916,1.063880832000884,-1.418539606783263,0.39796025319318395,0.9097146521659067,-1.4807144950681062,-0.3981897225046466,-0.19440071914013474,-0.9793002703188461,-0.21565155615099493,0.8700132341052743,-1.3174781627780854,-0.021442726688598892,1.0570833768974515,-1.1803510559650618,0.0354576795359133,0.8611785806882345,-1.0755460010351665,-0.7643750153411433,0.050823333591280453,-1.101590852811909,-0.5748861878744814,0.8431765348599612,-1.3116870775269227,-0.39433103722129387,0.9941345604722088,-1.1922927170652486,-0.3312392058735853,0.8893447072472549,-1.0878947960654615
me,point,0.5252204433291575,0.0028171649363121234,-0.3628811907762164,0.8967193831434891,0.12325019866157444,-0.7064400223033793,1.0170811293900823,0.28673808675405954,-1.0274967279288256,0.9226629509545926,0.33839949233474054,-1.326087401542444,0.7926941734265155,-0.479229870738766,-0.8087224127657276,0.836480072293706,0.16131795780751032,-1.2694441388560156,0.8537583237826437,0.5919571045094589,-1.526607129587393,0.8040679228647732,0.6729107887964719,-1.6719641810413475,0.19317859096203283,-0.4764728622856017,-0.8577037037924516,0.3178097287554597,0.6378290010446609,-1.26195330625245,0.38842361850435964,0.9475811167260807,-1.3176916026338914,0.40893886170553695,0.8283598064470815,-1.3533206916140146,-0.30897540136159285,-0.2766701013051083,-0.9328523283784781,-0.1086264031450062,0.7601708368107033,-1.2646360398641765,0.03332489106167356,0.9456708414653051,-1.133726775060111,0.06878464158787452,0.7673709540018322,-1.0259793931790606,-0.6822783809059164,-0.027768600926030864,-1.0549292300820041,-0.48655750330505715,0.7592250295736201,-1.271907608225085,-0.3351588584952899,0.8987345434833857,-1.1666507865919096,-0.2832091110232759,0.7897722461794153,-1.0652457804824111
me,point,0.5036295972538233,0.005073312541225687,-0.35981426054047655,0.828712473734102,0.08502040081093808,-0.6745083110786243,0.9126347934770394,0.20942375169903413,-0.96188550902999,0.8141219765010759,0.22173405262854495,-1.2197527702973647,0.7953230956274988,-0.5168000060593941,-0.7638254315349758,0.851426026594783,-0.06773012979370235,-1.1855115542261558,0.8592285211703676,0.2900856495798817,-1.4080333622767363,0.8073146897451758,0.3683700406296073,-1.532837822412772,0.23693837754943145,-0.5682778685202018,-0.7879850692712265,0.321632951266028,0.4361324342034231,-1.1883318536257321,0.4002082355240412,0.7396402613281752,-1.2450618144713599,0.4414759095470934,0.678712893944196,-1.2678888468345089,-0.23047523778140871,-0.38864738141328165,-0.8380511873856428,-0.06920276738945735,0.5808112345501525,-1.1594378213786662,0.07631830304225777,0.7363271048737619,-1.0403723831135312,0.11205781939409351,0.5775652757619065,-0.9309206612869041,-0.5827280739369413,-0.15572602991200388,-0.9349901252489434,-0.410804847627064,0.581689699404553,-1.1676721314205056,-0.2761583028250045,0.6753552357241089,-1.0988731433849284,-0.23391277667088026,0.5453275291813315,-1.0122563900696622
me,point,0.5057930397092507,-0.0016445501185752185,-0.3389399547186725,0.8810082424734264,0.08528219751155865,-0.6370610289059665,1.0134065795098786,0.2719108414494453,-0.9223602612611632,0.9998098936805935,0.37188010628530016,-1.1868210233869243,0.8602763179055268,-0.48081765438070806,-0.7347565953863887,0.9350175050474263,-0.0989248795825689,-1.1583106506038812,1.0091113012362762,0.1708085194611499,-1.3996507172122619,1.0136253281247136,0.24214143428506593,-1.5428692396684156,0.2738289913160355,-0.5641182009753805,-0.778966198780886,0.3493549842080099,0.5659047983110477,-1.1835716061818504,0.4356959151766013,0.8331850234678969,-1.2416547747430757,0.4686325038411522,0.7442789616283442,-1.2624690170056132,-0.23491207132987343,-0.37405644182959474,-0.8496151142347644,-0.08947031520060744,0.7072492813784153,-1.1858566601156768,0.06437686465266364,0.8385579748274777,-1.0561434049335081,0.0970920810308374,0.6518506207433237,-0.9309599186690304,-0.6264005968348413,-0.12307044679613999,-0.9678735834429505,-0.46558847092399486,0.7077741796663362,-1.2202875937030093,-0.33189543397117893,0.7853609845650106,-1.1414242906092957,-0.29145940816205534,0.6285482359716424,-1.0376320903671785
me,point,0.5449997655941542,0.021063091520355154,-0.33618216310953836,0.9447477321396563,0.1297354635600382,-0.6377734924785051,1.100551288149737,0.32111647142378363,-0.9305648173684455,1.105912929422527,0.42143641894811384,-1.2038206896868155,0.8664435419995659,-0.49249304919450376,-0.7360416903091186,0.9598171347681586,-0.07414732627891608,-1.1697556051378737,1.029339525609432,0.23568482381108802,-1.4240314985822407,1.0235746093968427,0.33290281570091435,-1.574863918749042,0.2692149262752573,-0.5528779063388443,-0.788574247711009,0.36465079495550756,0.6231670717607762,-1.191346086061208,0.44875337813245836,0.8870175957880461,-1.2574222621730269,0.4773065208212909,0.790461979104219,-1.2927165846482251,-0.2497352108904884,-0.3578010311914486,-0.8683005989192886,-0.08631619504162681,0.7616899428505017,-1.197519799163992,0.054652813792697576,0.8914613853685837,-1.0729076702050009,0.08524269337260985,0.7093113098158775,-0.9606118202001297,-0.6512247488223519,-0.10261056471287677,-0.9967664452908053,-0.475240103446837,0.764173526321218,-1.239187315200001,-0.34534735058101046,0.8478279687114083,-1.1574272469172642,-0.3041353091721306,0.6995765426715136,-1.0583400748186624
me,point,0.6159979598967406,0.12359735550454425,-0.351622868282095,1.0180799262346332,0.3349008256080852,-0.7246603638990528,1.1094227862741375,0.5525755867112946,-1.0672324690898498,1.0153152108361772,0.664051842121652,-1.3945723721073604,0.8722606587928301,-0.12830926338213677,-0.8762264192553612,0.8991434542341304,0.5407527022608795,-1.3419191629211698,0.8670403954172364,0.963519513243643,-1.618937620270766,0.7610433017252434,1.0793480302275593,-1.7775087850169458,0.3319578605888691,-0.16734416797358953,-0.9283317877992157,0.36710274414873406,0.854374601743227,-1.322309858360885,0.4362770244703739,1.140185783911984,-1.3922357411323965,0.45402259664937794,1.0752143006749324,-1.4571208689740798,-0.13939019637438813,-0.03677518782431687,-0.9973409102801513,-0.05194885463485381,0.9657768382432688,-1.2973450086977631,0.08717463868173038,1.1330160202114106,-1.1864221327597655,0.15081596349644324,0.9661995516800712,-1.1128984442012455,-0.49793704264830474,0.15691643927662358,-1.1101818159179946,-0.38230599334689713,0.9561845917023655,-1.2874132150920785,-0.25899938445775933,1.0694383080203023,-1.1763735201935828,-0.22576405450937048,0.939296447195351,-1.095486796335332
me,point,0.5630169002083707,0.21010302756135057,-0.3557813942837114,0.8977444893955774,0.500687665043554,-0.7389486463069573,0.8736050482752764,0.7725706999010533,-1.0874826235496309,0.6559440204065133,0.8911881716709013,-1.436705273442797,0.4871318457991436,0.13944008286563828,-0.938269256395742,0.44769496498238437,0.9420646892188258,-1.4184695874145594,0.4541278821184088,1.2854247316604668,-1.74600734607806,0.3946072274181193,1.3243806253457473,-1.9470296566342962,-0.06319989722546819,0.09585660360647405,-0.9933867748947143,-0.0021826875989301125,1.1372266783035667,-1.3672492415369508,0.12690084740712212,1.376095335571306,-1.442244457053053,0.18914723696233618,1.2815858091969026,-1.5317741029311855,-0.4936686480276385,0.2031859059886201,-1.0590094722881802,-0.38219638783794985,1.2094854910579382,-1.3341964256163175,-0.22449949479527911,1.3666872577593157,-1.203892939267636,-0.1389985923891208,1.2139248642760259,-1.1328433252831607,-0.7918581484078676,0.3654582303941218,-1.1734258207586135,-0.6848850355807525,1.1701679045323696,-1.3216995654542818,-0.5458630753957704,1.2952564777713342,-1.1876295460096498,-0.501499145621209,1.1999608282644223,-1.1092236482889197
me,point,0.5724601394810398,0.24486204023781702,-0.2971821368817249,0.9054264162550796,0.6614094738068992,-0.6892935514401302,0.9770768193689761,0.9975392598969702,-1.0580191018202887,0.9010653175005636,0.996658875403402,-1.4209786076980406,0.6075167290560753,0.19354578795969551,-0.8900837654102995,0.5662975418736793,1.2121849952458483,-1.3239959173707487,0.5656299099274855,1.552486401752037,-1.6013636751102962,0.4771385519718013,1.5410594220780838,-1.767465698325332,0.01487259492620314,0.1742969848126654,-0.9845808077579892,0.026588343717170525,1.3395639901911764,-1.302654500063439,0.17382380512856233,1.6185194619124088,-1.3259483231914708,0.27427866958366937,1.5553722159698413,-1.388919417157231,-0.4483482616207335,0.3039733694182162,-1.0846447968889612,-0.38208508710387223,1.4284459419281454,-1.2807199658177058,-0.16802890248397773,1.6053680322790358,-1.057273200961651,-0.03478274222909885,1.4377115171386758,-0.9438884810965282,-0.7814131722400712,0.49621702169426835,-1.2352547370590388,-0.739247062603768,1.3930734612748292,-1.3444936446026745,-0.5451730064088849,1.5234458198068592,-1.1564736043224688,-0.44164294324519215,1.3767932459436554,-1.0415379587414622
me,point,0.540557750795032,0.10341800429779652,-0.18428253338823405,0.9392761127255079,0.4098152685502479,-0.48144236447241145,1.0769207820200029,0.6915197213793669,-0.7340903508442058,1.0448017102707319,0.7939010126022391,-0.9640444510029178,0.8479888280858328,0.09326167620717594,-0.8556905511207535,0.8559117280086749,0.7663768654703765,-1.163666635285128,0.7806990461003236,1.0133995808968017,-1.2595886450441716,0.6429003748635712,0.9848898213344911,-1.2799182347723101,0.4014154626127136,0.1397978631170323,-0.9051641750772799,0.48856842844409604,1.0366266738346352,-1.1706543234131699,0.5590779843704139,1.2186451694341718,-1.0868760668099582,0.5680426307649943,1.1426544110461292,-1.0150811613396038,0.017484487179315854,0.2594941727152296,-0.9366135717140068,0.08250670723322152,1.0931203863278343,-1.076110864373607,0.2434668039129488,1.169913354833273,-0.8414905720320005,0.3161613207291139,1.0185462458060381,-0.6792831929550024,-0.30491224552353985,0.39237334857445216,-0.9922991406816452,-0.21480064237811183,1.0275523593902653,-1.0468231616666202,-0.03741927192821264,1.1121704265850865,-0.8790015117829855,0.06106763684575412,1.0190602522886378,-0.7526533182918764
me,point,0.5045669112138635,0.05215228857099858,-0.19136212951110793,0.9506216716647072,0.3238435819216953,-0.4445718884336004,1.1560831478468467,0.6090028423548816,-0.6435030031932015,1.2434938475437107,0.8251983425028551,-0.8080678166154986,0.9063665487872609,0.112417576928184,-0.8541808324031915,1.0251940737293037,0.662932926670142,-1.1988011307023603,1.0299356653597762,0.8785573079278236,-1.321488442384862,0.9368785504080078,0.8374911496613486,-1.3340556007384576,0.47487903381723306,0.14701634071714273,-0.8676843313111932,0.5458399035154753,1.0220524848856818,-1.2016491637672229,0.6450043437299199,1.201899730513978,-1.1771718177999126,0.6472406405446305,1.0614733389606514,-1.1047187452600173,0.07564785874939692,0.2586118677839048,-0.8614206258673088,0.17835209852991538,1.1032425054358443,-1.0835214351174673,0.32951184489981955,1.1991780328287136,-0.9207660681992572,0.39405704535806113,0.9996192560666594,-0.7576549146214476,-0.2468841571723961,0.37015208966462987,-0.8651095118876968,-0.13586767841461356,1.0647320289241342,-0.9827135643294354,0.019679144309750693,1.1620980635972213,-0.8670937401775416,0.10280380918986283,1.026585101203397,-0.7447376573769313
me,point,0.5392699823923051,0.08594996666787033,-0.19100433535836933,0.9947317763963722,0.38982349655276005,-0.4305875512161288,1.2003254971464685,0.6911269133964696,-0.61617699388301,1.3251997758506233,0.8737314547827563,-0.7710088665139638,0.9042357153019763,0.08001251556956573,-0.853090761341271,1.0519525644800125,0.5269221707597757,-1.2354593525490234,1.1486280684010053,0.7706442321929288,-1.406397656933107,1.1795339188771499,0.8275939505380417,-1.453382149638827,0.47855077884971375,0.11597863630591486,-0.8703666514653194,0.5493114028657033,1.0317616995957914,-1.232230335278311,0.6712596327890211,1.244047959463269,-1.1993019089525163,0.6978566445077803,1.1284999563005493,-1.1028863311014578,0.07943290550686635,0.2404013178403337,-0.871366656425694,0.1777282809537258,1.1305304720140723,-1.1190082246947606,0.3468631218718712,1.2518467862802316,-0.9218476144483613,0.4278891540999807,1.0669112680159802,-0.7100807888331804,-0.24522387971986154,0.3717101597339391,-0.8856447604023371,-0.13548193683794074,1.1018663097712902,-1.000582369117869,0.04412056987728954,1.1987182318956977,-0.8500575940460826,0.14502802124237507,1.0569678421782727,-0.6877093169490728
me,point,0.4323000112644538,0.08968411678803467,-0.1335832801193662,0.7931744180698503,0.32728050584830864,-0.39021899920393105,1.020941578588294,0.5236708418082567,-0.6132871239259845,1.2347758987725674,0.6070776627263099,-0.8336452626036424,0.8141038362341669,0.06977452664687,-0.7886423271796991,0.940025531133232,0.3476239107181814,-1.1478958680763707,1.0710484272833014,0.5121251215304056,-1.3202586283964988,1.1583613706929663,0.616096973597589,-1.403533590899262,0.4971350815366642,0.07854633856752453,-0.8641106314605613,0.6408066222823581,0.8563201710470355,-1.175515188842512,0.5889291499309434,0.9198719134271188,-1.1045281722674674,0.5382538618314773,0.8069069486024305,-1.0286073403194869,0.17720415004943846,0.16642359911115778,-0.9313919438263868,0.2729265252594155,0.9026249303399113,-1.1668571190431503,0.2940153017224248,0.9148252780197101,-0.9734632940468777,0.29985221977515436,0.7654738994231295,-0.8156620745510993,-0.12029371087171467,0.2830322171261051,-1.0100199141977004,-0.008467035106374641,0.8268082399622133,-1.124527692993803,0.0632799979701274,0.850639248388125,-0.9863213065910907,0.08960980743840602,0.7216566591691734,-0.8765254999270619
me,point,0.46547771988403824,0.09711287972185341,-0.12177577129372093,0.8452443964872969,0.3593607089177645,-0.37953442851613445,1.101526545514605,0.5769167269852878,-0.6058847137272407,1.3141492025579051,0.6151353844703008,-0.8260207166712261,0.8146953490791804,0.03140413593424119,-0.7989422857769705,0.9747055296023304,0.3394278696781705,-1.1456923216353134,1.1175979651709524,0.5309534936959078,-1.2943523258895542,1.2058297738265848,0.6334198334786885,-1.3578492098817574,0.480765137236809,0.053485308076140534,-0.8752166615402569,0.6426249287832418,0.8690057936213833,-1.1790839051206676,0.6053132196769188,0.9653237456691802,-1.0838540401005095,0.5675923369043716,0.8651732991704255,-0.9877608711320381,0.14788261992964943,0.16028545421800924,-0.9385917975397491,0.2607223565140465,0.9222679160614016,-1.1503632455618469,0.2958155593202037,0.9382753238865299,-0.925418425111955,0.2998290212654814,0.7714483397508892,-0.747448761169209,-0.15423850412643694,0.2921833728366348,-1.0145685924548726,-0.026139875960757033,0.8817686231459219,-1.1030922768043703,0.05995512420425117,0.9053484252187155,-0.943644681546507,0.08591597242314943,0.7648826770305788,-0.8192469869736821
me,point,0.4284416249110268,0.12247732455945981,-0.15402486594115178,0.7636464479181972,0.34466429001756194,-0.4221298784184568,0.9809980726362694,0.5179349114275215,-0.6507663182030933,1.1893491049687697,0.5922572550965313,-0.8750380940937686,0.7501097530523477,0.06573506880140434,-0.8289876384072786,0.87909891988404,0.32571940709498065,-1.2053926037912883,1.0257900332271235,0.48897625671958356,-1.3926060976408317,1.1197691761984423,0.6029807586518133,-1.4851395617546717,0.4390169479819122,0.07035336056509865,-0.8957201147913584,0.5679299198863527,0.8120886783560698,-1.2074867387778958,0.5258882231871258,0.890027457061745,-1.1346734809337982,0.4681661432911455,0.7998830502578261,-1.0621304753071978,0.12645501946099724,0.15437776949888962,-0.9560124680445209,0.20947530713320817,0.8477747590255132,-1.192270558522553,0.23110955128878125,0.8725947503876986,-0.9989574209722596,0.23277273202950605,0.739037298043519,-0.8442575280938591,-0.1657568957691153,0.2673021683749512,-1.0302331474329738,-0.07231356831419057,0.788959894679878,-1.1471174446331587,0.0029116053180037005,0.8217221681863244,-1.0106428455217207,0.028513953405250352,0.69786438336446,-0.9044889254052202
me,point,0.509908656733456,0.08114402871212884,-0.20620541946829854,0.9386929600440825,0.38471013914567453,-0.46634091309345893,1.1872157774690832,0.6809624173453748,-0.6692209185950764,1.4168701647439914,0.8042545337846858,-0.8485298586008571,0.8480137899480495,0.03478236234852961,-0.8661977170700942,1.0374467861703358,0.46879367675368805,-1.2541563808637317,1.1768765680014652,0.69660354872878,-1.4540238273585808,1.2510544072008365,0.7917782639977217,-1.542049486634359,0.4425553518554065,0.07473305449968776,-0.893621693508659,0.5727532536355979,1.0475742536891892,-1.2881132425016748,0.6428106530899292,1.1636495015795731,-1.3003651244008676,0.6382798922503586,1.0063181698395773,-1.2519297307857546,0.05481694103760362,0.21134485938827552,-0.9033833936091015,0.18290920782916892,1.135187248753673,-1.1723314355284071,0.299486020537489,1.149619952123543,-1.0185666720795146,0.3437064227546065,0.9116665209306433,-0.8592536148785993,-0.27144690703312335,0.35381480076335164,-0.9264627491604517,-0.15680371697685774,1.0729607522708866,-1.0509923758272537,-0.006776431512456927,1.107013406035366,-0.9267550185191858,0.0770429196803933,0.9331916320001421,-0.8095139322082158
me,point,0.5693981766880012,0.08342148656342584,-0.19613219889877798,1.063815276226597,0.4058437902699128,-0.44759340453592467,1.2834168715752845,0.7391679694823706,-0.646614427245539,1.231310987397655,0.9565719586456718,-0.7976173761778224,0.9793665327181496,0.16765137672849753,-0.8262054736759342,1.1022693124484717,0.8759349852833022,-1.1221957800169775,0.9838430426586173,1.0444329140336717,-1.1878275652124242,0.8309498895114216,0.9142857207268116,-1.1712881533137103,0.5107832004495411,0.182729325505908,-0.8400657806021382,0.5657732194986486,1.1211148820766423,-1.126108707771745,0.5937251527980457,1.2577014429908862,-1.0742043529826137,0.5927658700512358,1.1025721780431321,-1.010818109534298,0.07345242565877094,0.282567813260075,-0.834918529992189,0.1489638658639043,1.1950276605817376,-1.0185191611297224,0.2600707825775632,1.2237287745607441,-0.8562803594170166,0.32378650264401165,0.9818879361220281,-0.7216817312548935,-0.288668738656183,0.40601856575696005,-0.8421271526351438,-0.21015586075932557,1.1504544463020177,-0.9290446847319335,-0.07462652544606768,1.201850869878026,-0.814243157814464,0.013436816598300412,1.0328484389860142,-0.7171129221403956
me,point,0.48809449868168353,0.044650506865079785,-0.22488592331833832,0.9144299538330448,0.31557167105919465,-0.49154549328937314,1.0447564176919595,0.6066421397663946,-0.6906034390487321,0.9366771831247297,0.818141026674473,-0.8506673848364754,0.7734697566284587,0.1019870577413155,-0.9457753411944629,0.8260259095192513,0.7677707825414897,-1.2514192270597557,0.749204605689712,0.9660276912688935,-1.3046517405694862,0.6178746313422617,0.8595213325423849,-1.2712369046423542,0.3294818343563142,0.13454346590669097,-0.9345264986136099,0.36728237317631457,0.9911151939425233,-1.246410109659332,0.45015627401811187,1.1587996164428336,-1.1877881232284357,0.45733864761296295,0.9974963682930682,-1.0987107030029635,-0.06028771262135839,0.23142901009242473,-0.8976603029356576,0.012367199413932066,1.0410838651792473,-1.1023698243330087,0.17725994735267195,1.127025526004102,-0.933115251159475,0.2596212571651513,0.9249919244346118,-0.7730126988321818,-0.3651311778616301,0.3374090221822464,-0.8716719377492366,-0.279838625980737,1.0202211507462442,-0.9845499327400483,-0.12031426335752629,1.107562185081137,-0.8726231509757937,-0.028263750277069392,0.96125650694499,-0.7585388151726933
me,point,0.6743875631587806,0.17584155088355422,-0.2853534524576262,1.1109950590571818,0.5419235857347001,-0.6587989794849244,1.052326059468309,0.9035361077971732,-0.9854566136206644,0.682533186108797,0.9636638677817563,-1.2992327481433645,0.6508201766400511,-0.03698301490180519,-0.9675929123208551,0.6305055371084504,0.8769765642595593,-1.3183210270000383,0.5324289490601873,1.201686948560909,-1.462252618779349,0.35696011230684094,1.1537753304209848,-1.5154438796809073,0.04587410856742922,0.05453208077400652,-0.9974576774628591,0.12715117715752652,1.0882487984061306,-1.263564273350185,0.27686007145861424,1.370686548073931,-1.1867326879101117,0.3334642203313704,1.3128783699572184,-1.1433523973183526,-0.40508485551039924,0.22075536546406344,-1.0170286718521064,-0.31245730643968656,1.2270609733182607,-1.1328305572743924,-0.06463684101216172,1.4158452866568514,-0.8736095991501245,0.05982709231512965,1.2836986617926642,-0.7121999690347599,-0.7465989198787266,0.4023323155949312,-1.0791771291531689,-0.6638002572088197,1.1746380664807758,-1.0861953969359066,-0.4243341244549816,1.2941377991226883,-0.8764853440326575,-0.29147212960628577,1.1632722172206713,-0.7421151709448112
me,point,0.5715851483081783,0.06083806614321078,-0.26864073285504453,1.014372251816748,0.38392000381252556,-0.5753678217197439,1.0081857056935415,0.7236704455286154,-0.8106371945828654,0.6570625865186162,0.8382067030738771,-1.0230911746229494,0.6130186121807213,-0.08165584485165737,-1.014812952923855,0.6138927739420547,0.7120391267707009,-1.3757569756817771,0.592651663218797,0.9349310831473424,-1.5228464820481875,0.48595839445780364,0.8520203216525125,-1.5661178588273594,0.10179867251640912,-0.02275093577451052,-0.9945448331750968,0.14595914262090814,0.9604696014740705,-1.3377064719960414,0.34406167210404937,1.169157205374697,-1.325287550196777,0.4009710367883468,1.0433023048917847,-1.2949081744721151,-0.2992352690291586,0.12081361270988521,-0.9509054155190706,-0.22331484487965078,1.0556217322101806,-1.14362740766013,0.05524235165862593,1.1545481483795466,-0.9962889433356467,0.18844210325375993,0.9410187261387489,-0.8754755893409791,-0.5852940981015906,0.2740882977047798,-0.9290698511441434,-0.5229034449775709,1.012286194057016,-1.0006908718870728,-0.29205961766932087,1.1367134300499577,-0.8908657445377203,-0.16173315728210091,1.0283892205565053,-0.8081765911065195
me,point,0.4782599495458368,0.04974195401617686,-0.19623963868740255,0.9123193556421998,0.3198152269772099,-0.44519428445985054,1.0659006464570449,0.5943223361068757,-0.6319859524189185,1.0070171218779262,0.8101553795453266,-0.7774848244451326,0.7423169598258884,0.10111370180358512,-0.9361069724736376,0.8866778381134652,0.7700990677262312,-1.2291966359527668,0.8443827869892181,0.9315801371257318,-1.25149500587291,0.7356629463578784,0.7884223747977201,-1.1924634818898903,0.32382902792487167,0.15235452226598187,-0.9337680976657625,0.44046931987639515,1.0125470475915581,-1.2558689345647118,0.5291095400403708,1.157294189424048,-1.1847589458074448,0.5318127640518933,0.9789294548056031,-1.076223359467539,-0.03846451118342927,0.2594049308629228,-0.9020148379748385,0.09120388769061154,1.0589742867705305,-1.1126636187369567,0.23673833172120282,1.0924423281454128,-0.9211996331872401,0.28921008011168303,0.8734139502614108,-0.7370319437535034,-0.3251037845354863,0.3719382703963342,-0.8776432347943426,-0.19992174175277133,1.0430519968740748,-0.982370257614983,-0.05281269332597724,1.065277981179726,-0.848282176877716,0.0014448565966418809,0.8641460463146862,-0.714182549207091
me,point,0.5388559507683647,0.07316762367101631,-0.16803634344307025,0.997204268950092,0.3812278593223082,-0.4139730293610375,1.2144693523547758,0.7159645337776156,-0.6112179106474456,1.3265188088885673,0.9579475820778467,-0.7801871285412489,0.9054903521896552,0.12310522545219399,-0.8291466543297812,1.0446847296744772,0.6676466782884058,-1.1906379959126328,1.1273499752279934,0.9202203596610746,-1.3372192305277772,1.1199801910622122,0.955908455484885,-1.368355947172294,0.48483599828977353,0.16827270923237406,-0.8582647319387857,0.5751794340405462,1.1579309327307596,-1.2282404491045367,0.6970608693944156,1.342102601170771,-1.206163330364247,0.7164117771567411,1.188546104454467,-1.1101934650029401,0.09239396708404807,0.2964893753926765,-0.8659797997394514,0.21547392454872086,1.2212614556923358,-1.1088842417900506,0.3860135820128966,1.303623690271172,-0.9248822103257223,0.4614489051261544,1.0897639120820493,-0.724197024246443,-0.22794688610777256,0.42719097739604467,-0.8821653115839507,-0.11082512010060147,1.16721486938906,-0.9973447205611805,0.05372902916280639,1.2437068041318535,-0.8578631758127729,0.14167050367818432,1.0805598768978026,-0.7053575542099185
me,point,0.38062689367474817,0.07683194775685238,-0.17725363131882826,0.7015341491871341,0.32511163075424604,-0.44106569161879783,0.8576272522407983,0.5697155826546255,-0.6422611623046265,0.9789772460481533,0.6987664072844059,-0.8281027781499909,0.6162600250508115,0.04504392089875306,-0.9379265708534449,0.7476288480993719,0.4498946778253733,-1.2853533879112662,0.8446107808952829,0.6687647224828911,-1.4008267400062528,0.8725111040064312,0.7490596027562573,-1.4243058082263735,0.3140086947721075,0.07590736707506843,-0.9463807961023132,0.4184587888922665,0.8286959734496911,-1.2858045403355873,0.4833511815902184,0.9184498963787545,-1.203447408613248,0.47395558983546493,0.7914718173745199,-1.0796174854124994,0.03724062610229223,0.1846865762442645,-0.9287674867447819,0.1506275804253587,0.8816100895205555,-1.1436165127455558,0.25519962076402364,0.8895981984266566,-0.9132099671441674,0.27780504878447315,0.7141336713504908,-0.6993835889335658,-0.18368909504420636,0.29303865785170946,-0.9215960774136153,-0.08930641431605198,0.8449176383917305,-1.0273104283058707,0.03176460929741411,0.8775319359024717,-0.8816267710658374,0.07669863284705941,0.755203943139529,-0.7378607302578482
me,point,0.3503799315560283,0.08665761109950444,-0.1873891802639088,0.6306360761970086,0.32263833574093703,-0.452205920251533,0.7647908883620969,0.5501115181199558,-0.6442317404280743,0.8482195013721987,0.6674737337504981,-0.8230611669649249,0.5302438276261999,0.047510218273373525,-0.9693141012077271,0.6450263780273344,0.406611147733835,-1.3239268391062264,0.7420180360298676,0.6173225498253199,-1.4532758221287991,0.7684776803968759,0.7051941483798561,-1.4891917152592686,0.2416305470318579,0.073763269811993,-0.9675606744632236,0.3526412950616283,0.7608812319891921,-1.2956705544069504,0.42244682452908555,0.8190581886599179,-1.218691746475514,0.41334611378790515,0.692904177454005,-1.1095425477120915,-0.011276089833421798,0.1760769290944948,-0.939442000246295,0.1095916952758353,0.8095189662658522,-1.1512398521498255,0.2114639206751317,0.7907384561417219,-0.9426925829914712,0.23213338704391517,0.6287730436773923,-0.7531811649005218,-0.21342774800268352,0.2798720263206444,-0.9204000390609482,-0.11643175093088722,0.7709671771104213,-1.0164390499791236,-0.005133827357839991,0.765945324305302,-0.875903680738713,0.02816906055184214,0.629237146983687,-0.7468347005122676
me,point,0.4458510930034076,0.0926262891688881,-0.21527898466288609,0.8272740278848505,0.4453709215860071,-0.47409864359517023,1.0226712191513578,0.7928775070385019,-0.6606801639242267,1.1256532249272677,0.9769207739882444,-0.8291328719712788,0.6582696189647765,0.05694898970546614,-0.9652119520019653,0.8300864204696796,0.6713592604371508,-1.2715014543319314,0.936760453788803,0.9461791003025658,-1.3191039181317818,0.9496844169875003,0.9946896988352023,-1.2950468727546411,0.24221896037281707,0.10325583384851683,-0.964711463605652,0.37226828464038436,1.105065778177187,-1.3315392782112632,0.4712369248053745,1.1738503570547782,-1.277712289447689,0.4510614491391919,0.9769717375586262,-1.1647791331854376,-0.12508438976986086,0.2434625897206377,-0.9338920066928948,0.03618177036096177,1.1642772330520377,-1.2016159005449814,0.18081053380578171,1.128944357718119,-1.0336830955877214,0.19073517576833496,0.9034240249876607,-0.8516606368774762,-0.41249416054360744,0.39753703712895283,-0.9063185994125745,-0.2711413777170039,1.1067828584715886,-1.0399385471625313,-0.11281853489882879,1.0958725474554976,-0.9218168140680775,-0.06536379700384558,0.9149500058027229,-0.8060617445540024
me,point,0.4085526419177876,0.09482084945598726,-0.20614980116251364,0.7479290922100431,0.4362561466508626,-0.45683819929567027,0.9137992478402936,0.7829918437985831,-0.6336752980269134,1.0233416566611369,0.9597359317465646,-0.7948144555391614,0.6203379640343007,0.07100731249973104,-0.9641837948344676,0.7488478629073857,0.6250784483267156,-1.2678742403107928,0.8415680453138016,0.894443229534838,-1.31665133934321,0.8656360893884353,0.9709314106713546,-1.303145340681241,0.2345914736242099,0.10843738518686978,-0.9660270047967894,0.34975351530388127,1.0697833058272794,-1.3323375385292433,0.4185808008071286,1.082113828657506,-1.2727569593768644,0.39019411798879083,0.8708974456356202,-1.1587573211178552,-0.11490001503279637,0.24006794622895072,-0.9366596019347948,0.03017505806515468,1.1092365365779382,-1.201631127539507,0.1356728860347648,1.0370910566763178,-1.0278711355545014,0.1285778059996702,0.8092897751278917,-0.8472596962577206,-0.3876874542428805,0.38576638823934584,-0.9108621819907863,-0.2683801857151631,1.0416858934859883,-1.0516480003487005,-0.13911625166135802,1.0020659027302654,-0.9419429961847302,-0.10927887826826872,0.8192082645862228,-0.8362656250116103
me,point,0.3902230379174262,0.10149345524002186,-0.2112132806863342,0.7010960805913358,0.4221640192512391,-0.4710156351627168,0.851656510138591,0.7420476493216115,-0.6585314339217191,0.9424619871169451,0.9059200727747455,-0.8372477790819202,0.5998745988100569,0.05770976312431475,-0.9642490851052757,0.7372991827895381,0.5252254495261967,-1.2786134536704166,0.8462040873186135,0.8186408009697608,-1.3683628900394953,0.8778190508874175,0.9581475772243465,-1.3902222723514928,0.24531241501205087,0.09467654640860312,-0.9648099142323813,0.3678342549943444,0.9597201709770082,-1.3225132507937891,0.429946027732568,1.0415617786232552,-1.2876600883006264,0.3963282395093546,0.9046610740290708,-1.2017555486280156,-0.07502899900029718,0.2200815811148622,-0.93330505664707,0.06222474551202902,1.0249788300592593,-1.1746454805921218,0.1664479691055758,0.9878825634125125,-1.00721515800605,0.16339717332573445,0.7879925828008613,-0.8409493893514611,-0.32402099246744853,0.3566154958151453,-0.9092389890362023,-0.20237394824021412,0.9709769416722058,-1.0150091114470152,-0.07493418256513906,0.9495800151086197,-0.8920289035469416,-0.048609615074933776,0.7809458529460386,-0.7830821651147841
me,point,0.4010719447809819,0.09188380753806492,-0.21562142157575412,0.7208656410705869,0.4104957205225475,-0.48039538616972816,0.8793245048385663,0.7317562513869372,-0.6714339299603285,0.985435306664683,0.8841660771776366,-0.8465207467459231,0.5734442973524988,0.026823556408172983,-0.9809411730203051,0.7094461670272926,0.5928868417418229,-1.2871947360094032,0.7928888591939649,0.847538205259885,-1.3363980132354374,0.8009734766289791,0.8951001324979758,-1.3199462727014493,0.1881313489403368,0.056433702525327485,-0.9805212046484116,0.3116328238215476,0.9950236416726601,-1.3497466038490868,0.38961920815650847,1.006311536185644,-1.2907839269118688,0.3670241856652329,0.7937617756738531,-1.1779573646904848,-0.15198272972283883,0.18590422679574478,-0.9492772322223898,-0.00132744852031994,1.0447357571941125,-1.2156680807050557,0.11376866260736414,0.9780704168152834,-1.039821372332763,0.11073724219881965,0.7527091319240506,-0.8591157815026228,-0.41153879660139264,0.3357650527430275,-0.9223342586222627,-0.2867561466546314,0.9816972261131302,-1.0597790341782378,-0.15456951766868346,0.9439019394202212,-0.9447839553124344,-0.1280715725143655,0.7615271100774416,-0.836943329557959
me,point,0.4604075172107741,0.08861024018334882,-0.14894768174279935,0.8172427745762206,0.39538030747244846,-0.4068899737454689,1.0028715323506436,0.7064472302596586,-0.6075014466407035,1.149536349128487,0.8312885006633615,-0.7964610061430216,0.6884303672988417,0.05889776709053933,-0.9099911123178073,0.839792683161606,0.5124398576196059,-1.252741216896686,0.9558778671946976,0.7781166005399052,-1.3765799958585008,0.9982662661221432,0.88961638826233,-1.408988799721209,0.3264874593067108,0.10024379240577416,-0.9398708001632761,0.46584697838512557,0.9865023922896269,-1.281324292969236,0.5394724822955623,1.0705526571316868,-1.1992819146379134,0.539753507838336,0.91075667135875,-1.074852503791833,-0.0014695768456391032,0.22548943556424814,-0.9393666508153706,0.15067819857711442,1.0386324027386993,-1.1437394023689929,0.2785511971316883,1.0438985572371586,-0.9020293102557931,0.32108306939134407,0.8496252465277591,-0.6836461600763936,-0.26636700906304417,0.3491214307393219,-0.9470287530278789,-0.12930704867033235,0.9953394955458474,-1.0241262546439414,0.017354465943515425,1.0278536270532337,-0.8537389763930661,0.0850796860006683,0.8959398045779101,-0.7001281145849401
me,point,0.4338899848939851,0.0721775587077502,-0.14204519052710168,0.7755379107992708,0.34310363349257883,-0.3908429605764057,0.9547312059132286,0.6127793433737388,-0.5835851110873441,1.1075219459797612,0.7133947329977361,-0.7652032702259628,0.6739766716323063,0.04518967441957081,-0.9065002389940024,0.8337550606530452,0.4183404983007848,-1.255358255274546,0.9469672216683326,0.6486006721685043,-1.3880488770747812,0.9838731365309735,0.7463232710888358,-1.424614079864875,0.3457349976538593,0.08802453702643204,-0.9341943011379208,0.4918861664487017,0.8723329689785572,-1.267075993727584,0.5618420993554244,0.9841812820851596,-1.188529865583488,0.5452492741101727,0.8590032141723924,-1.0704686078568761,0.04242023137712913,0.2096013740853042,-0.9325279897170257,0.19903761626834582,0.9413754610261746,-1.1351378215971402,0.31484952193354837,0.9549639065767364,-0.89625404418969,0.3418879395672623,0.7725946656673202,-0.6801376828641644,-0.20213611793613445,0.3294498444592957,-0.938973108885545,-0.06855394166070053,0.9051133004747888,-1.0257387316395947,0.06359067799486283,0.9265620619263358,-0.8609754556266105,0.11599804515140894,0.7938382422697421,-0.7063023813211037
me,point,0.49489327405660205,0.1355624811311594,-0.1873205100014523,0.8856057294301742,0.24026258936738462,-0.42714694807881526,1.1430950463240297,0.31557789439020417,-0.6452334365905982,1.410490985682097,0.33867831809486093,-0.8520924500808386,1.00918420160011,-0.200715257067443,-0.6369015187479675,1.1602060908167247,0.08331763750775122,-0.9309655077640214,1.2255567891808006,0.29298426167712616,-1.0693557456576517,1.2126906899531535,0.3873323078444919,-1.1511378863604,0.6829831576173978,-0.18977473532356456,-0.7053506619007596,0.810864330962683,0.5787017226598011,-0.9885987152916981,0.7300539962289214,0.7223216669175436,-0.9879321253388108,0.6829534806674405,0.6456786037394224,-0.9880768575409103,0.3254400585005376,-0.05175680047425442,-0.7793136682135051,0.394818603826512,0.7034599677326553,-1.0062159800653958,0.41478970730028536,0.7684747458516373,-0.8958933453755272,0.44423095378966754,0.6378486829195312,-0.8231493197822783,-0.011737005423886603,0.1226607124925059,-0.8741448208835413,0.06817377529982277,0.6699232450781064,-1.031485788811932,0.1353160483043985,0.7068308126793451,-0.9606719063870607,0.1697248737902891,0.5710972895885279,-0.9063288453306129
me,point,0.5581923669547775,0.09554660324788271,-0.19824723176971262,0.982076793949864,0.13631129737424333,-0.42401842907243614,1.2418082218639177,0.17260879835647996,-0.6329049953451316,1.5215901293855434,0.19581632788029857,-0.829704607466438,1.0395084387217064,-0.2969534651526344,-0.5759830412297883,1.2086294778207247,-0.11174886425327962,-0.8785955646818702,1.3198705465137848,0.09127072458530583,-1.0546730510094438,1.3458395020448393,0.2069490258527382,-1.1669142492437738,0.7083525767260289,-0.29738049351427626,-0.6401573784022182,0.8166671354692855,0.4804525696431411,-0.9558329509131923,0.7900138997768736,0.662563019774192,-1.0208817396545802,0.7433050105632377,0.606486940379148,-1.0613505280333029,0.33783791131532187,-0.15373589547990202,-0.7116337922675077,0.4243461085458388,0.6321548463298058,-0.9663397858191117,0.4811567633558796,0.7171813189169194,-0.9033156818456436,0.5126832240905164,0.5807605571718664,-0.8534394550502441,-0.005297967255974078,0.03698505996096641,-0.8048006960444489,0.09782005700360033,0.6282791037102382,-0.9844822343630785,0.1710059078747635,0.6870032643064695,-0.9316038140902697,0.1913165270478103,0.5504130268084234,-0.8805611705752997
me,point,0.5889606898738191,0.12188105064144454,-0.2113493112002466,0.9914871551506371,0.19371135630380648,-0.457339250905593,1.208249737344723,0.24965218009295623,-0.6878047924820454,1.4110861972689521,0.2869819771559387,-0.9023605100905165,1.0737648637676187,-0.26330605311620614,-0.5869495710558995,1.2249221687568186,-0.03379472635478301,-0.9011735930826864,1.3070238740321025,0.19777462655972086,-1.0820352840229022,1.2987316275743754,0.31680222460324814,-1.1947537371518573,0.7162090843465523,-0.24275071381020144,-0.6543062268113536,0.808608690814745,0.5605319175177629,-0.9707813353689054,0.7735401829170155,0.7542268801147601,-1.0200968273356594,0.7507656284678578,0.6920826018599471,-1.048908751259338,0.3273425252297869,-0.09095816057891976,-0.7314346689608443,0.3751729811041914,0.7396472838439991,-0.9862537095380406,0.45517401763642856,0.8269099428151354,-0.9043059598060864,0.5200196881720497,0.6642318735012107,-0.8426402893462127,-0.038155136495002726,0.10102806605747561,-0.8337190804800357,0.015674847503715554,0.7155320463663035,-1.014199009685191,0.11483333606865745,0.7525602181762583,-0.9516634935642138,0.16518557995235306,0.5785526760374867,-0.8945595062692002
me,point,0.7857431699887207,0.03696255275295846,-0.3442401454824596,1.28184446833853,0.19260348470361008,-0.688715257969845,1.298064039592021,0.42823037785474777,-1.0311931628484083,1.029970438314437,0.6191275409036873,-1.3618013708446086,0.9427718493975646,-0.3598700940404771,-0.8061771202743814,1.0847577446386611,0.26149011489238544,-1.276113593690619,1.124331771967277,0.7039606857559931,-1.5728417914976591,1.0721189571634147,0.8194728935977407,-1.758567359850051,0.23947244421384548,-0.38427611473427725,-0.8916192102612949,0.33878303278915517,0.9081165684232568,-1.314532219360691,0.474964256019779,1.2396329703874311,-1.4192746083465309,0.5321989184806435,1.1413423097323012,-1.509322462093799,-0.36124793357138857,-0.17094073363795947,-0.9967793017655657,-0.20320903797306572,1.0635790105354197,-1.3325644508151135,0.012889526704253087,1.2738335657880124,-1.2295856728852508,0.10598127228909582,1.0743401967418154,-1.1555081226368158,-0.807689719407077,0.1123213157167449,-1.1533606529724263,-0.6301305393947078,1.105430389664264,-1.3618562077886676,-0.4436907173934911,1.2468175910420485,-1.2505730172248806,-0.38211353793324176,1.1000471479072387,-1.1619646577837315
me,point,0.8333106071935866,0.21295477461532314,-0.3977262767946175,1.271141196916657,0.49988215141636655,-0.797902799291577,1.1546594423908323,0.8082501910314482,-1.185090014227217,0.7857917582595829,0.9817963632959765,-1.5647427864943677,0.7388586210745574,-0.16245881307462148,-0.9023792146246574,0.7410854205089897,0.7851916500442515,-1.4394811581119464,0.7887373957022004,1.361888364635445,-1.8174259511275446,0.7745517855784472,1.564266991464946,-2.0503264003722013,-0.014021829791702547,-0.1271426936667093,-0.991785321395949,0.03278672048297974,1.2324476008149416,-1.4576083346092428,0.24399109279951123,1.6735391270155935,-1.59254997180155,0.35947440038128375,1.678246607294903,-1.7098670498123658,-0.6276708249288412,0.08983197942615587,-1.1058875535172807,-0.4949446013724817,1.4218562704666058,-1.4883875417574544,-0.21578496663003446,1.715173379273089,-1.4070540755907224,-0.04161618825028412,1.581188039674674,-1.3446568344866976,-1.053665658169292,0.38782684500917347,-1.2741621010833435,-0.8994200565189847,1.437751611503217,-1.4788722985891034,-0.6915496430607014,1.6287003198787826,-1.3458840921887618,-0.5961140991187154,1.518407075265945,-1.2562955936840503
me,point,0.4489029490315501,-0.027510885649615142,-0.35862414545221327,0.7053721555403615,-0.12256337555027337,-0.6267930697831968,0.5789962127202666,-0.11864524744842862,-0.8416876347453839,0.30382205114210414,-0.1397867657762038,-1.0178640071632752,0.34736934231853495,-0.7571784767050168,-0.7313384313569332,0.39560645784118753,-0.29539298039431133,-1.0658800991682913,0.49115250799162913,0.05991081150934841,-1.2308066692365112,0.4614422320529149,0.10468982254486359,-1.3284528553817319,-0.08651396830693185,-0.7082924950741883,-0.7005976553695908,0.00494149645830384,0.08476128128187721,-0.9844161940715264,0.1882114271210215,0.2773038852545025,-1.0319407887129237,0.2316556918684314,0.15245017560507323,-1.0798527933760345,-0.4074339272565536,-0.5227146073705086,-0.6851665595830756,-0.26763030475340477,0.21287146303075477,-0.8915075144127322,-0.09840963084493934,0.3243376898075376,-0.8045344655247683,-0.04791783968397619,0.1624298294733939,-0.753813458241115,-0.6237832984816261,-0.2954992485015909,-0.7129578209322631,-0.48058770172781656,0.2617756569994365,-0.8486960252614143,-0.33180975819376696,0.3461592532943766,-0.7976809093502928,-0.2753130822264475,0.24315044721524873,-0.7546643693142129
me,point,0.4283414762332313,-0.03230377693837043,-0.37072352765592426,0.7077401838510783,-0.16715836661278002,-0.6233288230238309,0.49119569619759357,-0.1817177380250914,-0.8184649290914429,0.14018842498967501,-0.20315534794478565,-0.9647039242796157,0.3740374286942296,-0.7793282754035775,-0.7061029152311771,0.38338976328330326,-0.330329170831183,-1.0498591188719009,0.43728314968113735,-0.02621580179491933,-1.206298802563806,0.3637547910207221,-0.01226381834682512,-1.2948956792281971,-0.09318706750307278,-0.7385471527964562,-0.667730689384894,-0.048444468331864075,0.11621026876797332,-0.9687376174054522,0.17596439374318007,0.2594787743553769,-1.010571600734754,0.24035124013885067,0.07832339191379221,-1.0444808613707857,-0.4317032227786017,-0.5535363761672952,-0.6509011490132963,-0.31677039695124387,0.24573474531576697,-0.8715181992052362,-0.11465811610112657,0.3054039311663816,-0.772360374991429,-0.05604822852847159,0.08293353612441472,-0.7044898651172449,-0.6631267019123674,-0.31788705354609764,-0.6808575063230314,-0.5070503282404493,0.28203908179904463,-0.843352641772319,-0.34267036188632916,0.3332363222054245,-0.8049847483095459,-0.2951793230241148,0.17816914981341267,-0.7595099153056462
me,point,0.45735515866764387,0.04968584715856411,-0.41775675351409497,0.7083966180121343,-0.04900262682369342,-0.6855487262767297,0.46431960576051046,-0.12221814696411727,-0.8783049841964178,0.1462638046079237,-0.2317451075639458,-1.0207825216762032,0.4627429794584587,-0.6738447507866907,-0.7768025271802504,0.33683763114446075,-0.1518694179720846,-1.140018747754314,0.32137827893726967,0.09082266289158794,-1.3151577983546985,0.22775497441604992,0.04216357722805432,-1.4136792707237562,0.014848105237504605,-0.70144574638327,-0.7125681712311274,-0.07422010447658864,0.09573335293466934,-1.0162697331642216,0.13472313881782372,0.2227494901846771,-1.0521059153536862,0.23075210918412775,0.0614050420032796,-1.077816790905145,-0.3219095945111499,-0.5657390008320607,-0.6718413696199295,-0.325019838640936,0.1916508523573344,-0.9079907204987702,-0.1262814530332838,0.2561131824778051,-0.8064893752662926,-0.033448538943141974,0.06461698508322027,-0.7267963107742199,-0.5618846515816527,-0.35667050632774855,-0.6803797513280198,-0.4642573458738795,0.23153796470804977,-0.8639706400534802,-0.2936454199435825,0.2959148045142651,-0.8295382310597631,-0.22392277306704197,0.16379470240393737,-0.7791709190142596
me,point,0.47053521591326747,-0.014271683797290706,-0.3915596368502072,0.7379543314115355,-0.09158655471242098,-0.683290799787643,0.5769518679652844,0.020926550558697226,-0.9120476437540372,0.26660628771765743,0.06227737332544325,-1.099724668763353,0.3741473576544654,-0.6389424131113294,-0.8297263952553934,0.43652659462103954,-0.1001423659738501,-1.1964488484430524,0.5253871950428604,0.24220927228937333,-1.362930155567918,0.44810305462523475,0.2555614285906141,-1.4595833245362522,-0.09698287904713879,-0.6032923118881494,-0.7916013564846764,-0.013248823472978158,0.2535901467566616,-1.1197744206850804,0.2130005465725253,0.44620021242516705,-1.1500413896496626,0.259422697237232,0.2872885246995798,-1.1757864454874078,-0.4449218971883309,-0.4200091970768217,-0.769307788516067,-0.2971478722436058,0.37859960682480787,-1.007310288318352,-0.09723484464022457,0.48485287302455415,-0.8797893140647026,-0.049114558515799774,0.2860110664885705,-0.7919698775902101,-0.6742104032480076,-0.19755865522483906,-0.7949860575554506,-0.5146459679230341,0.4227811858975483,-0.9681229660352887,-0.34066690913608205,0.5084459982272789,-0.9094988489450674,-0.2862711126108806,0.38532774929440766,-0.8521025437840303
me,point,0.7192032495908474,0.20214511414111022,-0.41982286934234275,1.1279516653993247,0.5161343790743722,-0.8452258831719797,1.1158673797815686,0.8530801018969595,-1.2545010123052942,0.8437575973364461,1.0249557161279357,-1.659294359243778,0.700536352649612,-0.14085987017542645,-0.9284861472171749,0.8558728070304602,0.7036728371243713,-1.4384224578643938,0.9246708444770677,1.1836052635878873,-1.7950530620736078,0.8714764131709366,1.3148141110939808,-2.0174266888055636,0.004455275843752026,-0.09020909474578916,-0.995912882606858,0.13071446389734442,1.2227677948890738,-1.3995316166617604,0.3216360962122524,1.5455838253356926,-1.498648803225351,0.41094663569677015,1.4682910043827,-1.6111789062545,-0.5592520796483971,0.13553841898791347,-1.0895547004215604,-0.35780160259037597,1.3863384873935483,-1.4087170713388573,-0.10835876643103926,1.5748519574712816,-1.3014279968183813,0.007901101483937033,1.399051294820965,-1.2434879246407762,-0.9491964482293775,0.4227951252330584,-1.2419472429843474,-0.7452856998576299,1.4133725558251815,-1.4219778774942498,-0.5584665277891661,1.5229528232684146,-1.28918457269131,-0.5072975230750936,1.3712117947667921,-1.20672542294632
me,point,0.5901908538244226,0.1264883921908061,-0.1628925437310002,1.0654198829209185,0.4607611972774108,-0.41189057538299034,1.2705166870756344,0.773939518256831,-0.6224675822605754,1.2882535224107827,0.9262844767577861,-0.8194548553486235,0.9934593954223551,0.08377157872020517,-0.7671016784804304,1.1416706397573857,0.5113466696373026,-1.0837785680180663,1.1861846502343953,0.7436709547553834,-1.2585182976246816,1.1865236629771472,0.8101253035799546,-1.3533934160305874,0.5541508198230047,0.12011177186618531,-0.8237050632044562,0.645071192191434,1.0383467091234202,-1.1158009789155077,0.7416671425005714,1.1643223546065133,-1.118134140842019,0.7872658327032025,1.0548955235564155,-1.117890752239889,0.13975028616349544,0.2521059001030231,-0.8637274903633059,0.24389416863904526,1.1622478140399712,-1.0458006856427005,0.4060396956408216,1.1828633721881257,-0.8993114139901228,0.4785454756072395,0.9718112307648056,-0.7961009573363618,-0.21212507783342652,0.4076518515470447,-0.9226924893897192,-0.07005867432708145,1.1286807209720227,-1.0059615884152044,0.1274824806253121,1.208376295533977,-0.8881923731279424,0.24488141239822253,1.0950685335724968,-0.8026069554456273
me,point,0.5179427126077987,0.13921716921084937,-0.11277501538405953,0.9773910933936548,0.37524046908123987,-0.3446990681275812,1.2661147779163824,0.5284935949588451,-0.561916310379366,1.4849396081793291,0.5736443591659489,-0.7838490927326568,1.012931319644333,0.03535418561206038,-0.6503222050757598,1.1571999340179355,0.35581250672662307,-0.9562658277144359,1.2878122047715763,0.5221350615987256,-1.1214125666089938,1.3700731243927289,0.5912861356824359,-1.2238895859985064,0.6583152078246778,0.048035847084848024,-0.7512081233197576,0.7966371639529842,0.9147155619719425,-1.0342928846541826,0.7288282274824589,0.9915458385204526,-1.0145538364946982,0.701289231324153,0.8506877517355138,-1.0004736974002182,0.2858702706602917,0.15380911280366286,-0.8449836359637898,0.3751865012836172,0.9695495723990822,-1.06358316549798,0.40412000161038386,1.001011671612923,-0.9293887376981811,0.44829744769157226,0.845561285403538,-0.8396635972236378,-0.06481425744991669,0.2896719461711754,-0.9502280765711747,0.027054827916776953,0.8916548255214193,-1.0773876536876794,0.09656475820204197,0.9253901551206162,-0.9804282782049989,0.14933909652870378,0.7849072927923352,-0.9164867571394943
me,point,0.517607701865789,0.12395622258520524,-0.14545243118296944,0.9771768952697323,0.4220809455248122,-0.39974290770712784,1.3347578111888396,0.6515120040135179,-0.6217233930894149,1.6769860234996867,0.5847984881356566,-0.8311180791729084,0.8821322421249388,-0.022833698597383555,-0.7814796659202329,1.1399472269723576,0.3177092901132849,-1.1472708965460157,1.3561750644491266,0.5275081968948763,-1.3166619221352065,1.4977229420752203,0.6337005183415978,-1.3975579834201817,0.5133704478649428,0.010240340297184658,-0.858106006673736,0.7123590532515869,0.9496315223947803,-1.2296715708648063,0.6585739081378447,1.050671702834507,-1.1879845455411622,0.5709977962175643,0.9053516976301026,-1.1103051491492666,0.12533530662847067,0.14361932282676168,-0.9202058674561858,0.3138343725076681,1.019554206123344,-1.179102842808032,0.3195056062505098,1.01761513638581,-0.9729942776879076,0.27788351398811756,0.7920438155408825,-0.7902103745023416,-0.22646210578921827,0.2986495468855356,-0.9945228713213526,-0.03630191837169998,0.9891995489638338,-1.110381730507766,0.0586462026076066,1.0115226432121944,-0.9593744441722906,0.08659765495149392,0.8422142709662384,-0.8344530858093
me,point,0.5309122158344085,0.13566314845228675,-0.09783231108026985,1.023901928862425,0.4213036002787178,-0.30108785182025005,1.3930167289764963,0.6200253144965245,-0.4846549532425868,1.7210563563420396,0.6187916905030459,-0.6648844484150586,0.9138815970869938,0.05615208406020135,-0.7093110623433428,1.2050710698854636,0.3673780364253674,-1.0721676742729749,1.4668049040327271,0.5264516650301942,-1.2629580208260363,1.667932258447649,0.6339072266802112,-1.3686617415372229,0.60325523364258,0.05654663367305655,-0.7955410745543446,0.7853312684372594,0.9365008604225136,-1.122897482259671,0.6961383224654859,0.9825610125217834,-1.074150078553624,0.6075837032181599,0.8342018877229902,-1.018524512396709,0.24943836490383076,0.15332919630671318,-0.8699078320255339,0.38574528934886915,0.9778692772156328,-1.1213385962409963,0.34897170688356083,0.9277806194084641,-0.9438483607178721,0.3006996600747537,0.7275684597231177,-0.7977760651264351,-0.09828752066030666,0.28019629397605705,-0.9510518416630379,0.0578096780684669,0.928467057807472,-1.0604789090570956,0.09117196210632676,0.8836671266485328,-0.9171783428484244,0.061686733645883826,0.687641529686454,-0.8110485627656916
me,point,0.4519324951082388,0.07392651951489218,-0.10964844668439527,0.8236044124865052,0.29987208847635327,-0.3226933777040614,0.9605191269000715,0.5442947059818444,-0.49438455314953716,0.9636877081537917,0.6830885687272699,-0.6560453844595733,0.8515718836068208,0.04447229263090843,-0.7748309313503922,1.194892398996724,0.4208091102498022,-1.1383884788449332,1.4498811765198156,0.5766577048766821,-1.3738133049440293,1.6772792038212865,0.677105045202748,-1.5254108215296054,0.5447055740965026,0.05575161374906166,-0.8367721285467,0.7581028422990653,0.8547460726144823,-1.150993107489402,0.6587444576914617,0.8976888002886892,-1.1414599257893145,0.5749095376547358,0.7568053983001454,-1.1141542697725269,0.22010173859315377,0.15786633459185792,-0.8774130234357277,0.40678887421979476,0.912708818735647,-1.0597535489271377,0.3616710890548657,0.8660810456835791,-0.8814072463188305,0.31616396554487425,0.6546815898918104,-0.7434354702873428,-0.06118850643739284,0.29064002313521703,-0.9294225379174994,0.10469075777493207,0.8824685549844906,-0.9883437092702979,0.11551212066609028,0.8380251022309942,-0.8344774055924106,0.09233767695011273,0.6395980335899292,-0.7222459211204019
me,point,0.46814410568423204,0.0740071323276995,-0.13633349518673393,0.9267848218083088,0.34011264720967466,-0.32853958476459627,1.2283651473658892,0.5946248798008366,-0.46896349268392734,1.532956158343589,0.7077747148006347,-0.5919831876780054,0.8628283664707307,0.06612988661950632,-0.7985496778782529,1.192868517739722,0.4927042748789479,-1.150491603786079,1.4608210589983663,0.6873411302003732,-1.3536958321764212,1.6865310127774829,0.8081525495431118,-1.4802830080267488,0.5275657367175958,0.10417350774666992,-0.84310276581528,0.7492794700098979,1.0055042978616717,-1.185482605338769,0.6500704055511786,1.0224053558942414,-1.1685529683281333,0.5406656807482255,0.8357868824649974,-1.1210095300130727,0.1717691112239556,0.2223768755025824,-0.8643205136060171,0.38497554226085307,1.0546767379265012,-1.06235843219603,0.33250519804634027,0.9634214778614482,-0.8498072841504447,0.2579098883662108,0.7230065406758502,-0.6801331219378819,-0.14760327696697892,0.35773340085335165,-0.8987577424991027,0.03785285644857226,1.0161536494827053,-0.9802798270284341,0.05998221868004528,0.9298493676101679,-0.8196179905894482,0.01900655928201767,0.6944704860364055,-0.6949061452959899
me,point,0.47423865035924906,0.07986068965206415,-0.14379189081050964,0.8733176567755653,0.4067022135751331,-0.3532708602632835,1.0763786825323491,0.7246258695889576,-0.5082149357349012,1.2016214224272121,0.9069674527866458,-0.6467610227695142,0.8330857624672212,0.1307943765843385,-0.8127111587951441,1.1599428608306386,0.5724458042045771,-1.1788840345684404,1.416233812370357,0.7949908512776822,-1.4045934681143972,1.6385650082188945,0.9397013018022466,-1.5460061016880693,0.48652263621960523,0.1673761884182706,-0.8574852395210644,0.718318787591085,1.061169023893938,-1.1923173574921901,0.6345955800982548,1.0729359949690511,-1.1801542292889386,0.545232046557455,0.8725960787956354,-1.1407442123563691,0.11922024539790445,0.2840416026214008,-0.8804176684678661,0.3223909152147421,1.1279410671457477,-1.0770924374354782,0.30196563135808385,1.06063281007132,-0.8824094978026228,0.2579424085599487,0.8166456664069469,-0.7246360562286326,-0.21018868254087464,0.4223565649612415,-0.9169673120031874,-0.02695171060896682,1.0926547655771712,-0.9938144890336307,0.02518959011076893,1.0426936033345882,-0.8412368506628984,0.016163890439984036,0.8222803290220624,-0.7231512174029672
me,point,0.47715837498059266,0.06511559773697793,-0.1558631801132473,0.9420131285084522,0.4112670770549376,-0.3603300614762656,1.2339704557317193,0.7546277421598806,-0.5074835590696581,1.5874884282172022,0.8860015280600084,-0.6358739041078116,0.848158722928341,0.08472512044069476,-0.8275765263383031,1.110399548455171,0.530099634629617,-1.1673864433055499,1.348614318847423,0.7846149907976709,-1.3251784284738373,1.5146210840147856,0.9504401038723878,-1.4103726416398226,0.4686920766993928,0.14504684649513808,-0.8713719926420784,0.6838675745978519,1.134977546486634,-1.2537875485234222,0.6314449322916159,1.109133857512846,-1.2322514501876969,0.5271981474261865,0.874047732182561,-1.1566348405150335,0.08536535441596588,0.282369151058794,-0.8888095424518021,0.31975788778733333,1.176836420943626,-1.134362735878813,0.3131607883028883,1.062159108616853,-0.9242851203298523,0.25819575864144734,0.8083345002973484,-0.7326805580785766,-0.25698651710708204,0.41736287117274834,-0.9157023371805297,-0.055529400084065296,1.1246953455638395,-1.013751867382188,0.005099366233168584,1.0422209056801528,-0.8531272101156826,-0.005426809896426512,0.8170209698181369,-0.72009957403646
me,point,0.42742288433595305,0.12001235305449315,-0.1693424114479819,0.8173762974808938,0.3920341213772315,-0.42524393324208687,1.0521762388707077,0.6285452316777843,-0.6288046064608678,1.3132088340684582,0.6881264412514592,-0.8229268064282084,0.6481668747098662,-0.009515065942711308,-0.9151672702083117,0.8518256976247107,0.4359915977682664,-1.2822567361518398,1.0396138616656538,0.6608305698374456,-1.4299070637539804,1.1354380141818954,0.7270856321221585,-1.4846315454721248,0.2365673544857846,0.018765372672014526,-0.971433861660215,0.43957894466279357,1.0218271116869695,-1.4085393686579497,0.4973916959523865,1.0429761011707401,-1.4016862008615907,0.4422998306131695,0.825808287243416,-1.3119351138652415,-0.1417732348530908,0.14534732092345762,-0.9972746352507237,0.054602978600222146,1.0590989770007158,-1.304972201317211,0.16836517207423846,0.9915712675421521,-1.1176339907581219,0.16386511466164125,0.7558181799192177,-0.9143631939295452,-0.4539994050324611,0.2821296518972479,-1.0274961188363867,-0.2805172532630136,1.006031118438759,-1.1470479358794001,-0.14914076584865407,0.9587699330768629,-0.9774639438190358,-0.129947062023835,0.7466811454514615,-0.8280251687101874
me,point,0.3977689642934201,0.09039817999324483,-0.18506624492417761,0.7375441419731031,0.33420481456488255,-0.46373799727243514,0.9422791180526728,0.5548917330540505,-0.6844727123898353,1.1569329297438251,0.6347654104608769,-0.8970665739741721,0.6203247630247436,-0.013737520832528556,-0.9320226774006299,0.7711873691317046,0.3763166477304355,-1.2923686023501546,0.9200548232452925,0.5949416914163489,-1.444539302145942,0.9842692287495001,0.6891265366806928,-1.507922355436821,0.2625428253524839,0.03073530246012165,-0.9644307160385446,0.45146076274558083,0.8650661876622662,-1.3466325605618743,0.49502165903307477,0.9044220304997419,-1.3182112098143661,0.44737574036438765,0.7533100887177437,-1.2392083700599326,-0.06113139175392377,0.16165752854304258,-0.9690636353393399,0.12876755758165848,0.9338397907612463,-1.2212646001326286,0.22654073689769474,0.8877522346425749,-1.0264588413605844,0.2305891317224147,0.6889333671471903,-0.8454978906665029,-0.3202671544647774,0.29597071980646855,-0.9821490631859614,-0.1638617725586399,0.8995640966880009,-1.0885677456089229,-0.047071075998940705,0.8859617420372029,-0.9376161951968315,-0.02318500995105557,0.7284228889009667,-0.8094721809372366
me,point,0.42785538834719117,0.06607347304079202,-0.19162213962503022,0.7900208127926275,0.3020014265560159,-0.4664251521006955,1.0034500722858526,0.5289777806846405,-0.6842566894688576,1.1997886890192022,0.6301686704255298,-0.8887984585658897,0.6739308792009968,-0.027262157369670702,-0.915898499054067,0.8460426575796915,0.36070713571426183,-1.2823915347526773,0.9825034772736484,0.5772997414027485,-1.4506649145311785,1.0425374763769673,0.6790603616357597,-1.524836854024732,0.3277849431340658,0.018852336192173795,-0.9445642489924623,0.5060734446578692,0.8587008123749049,-1.322771421882517,0.5567996833167765,0.9854290223626314,-1.3171983917304002,0.5167628556058367,0.8886755814011381,-1.2595411316860892,-0.0021004598384476453,0.15859991824794312,-0.9462640276408711,0.18521557969749572,0.9514106169266404,-1.1882411223222804,0.28360252791056934,0.937912621637068,-0.9967677928390236,0.30082456866070206,0.7322666260604402,-0.8203171459737203,-0.2697932732965445,0.3049378472773,-0.9599484986842839,-0.12494829510130985,0.9223362357745944,-1.075960585644707,-0.0058124212631178555,0.9235482009741783,-0.9324547730268464,0.037093029367743974,0.7604100912476296,-0.8022006321669677
me,point,0.511780096782366,0.06078201126636649,-0.16908954556085068,0.9328359354218971,0.33797223029786105,-0.43452184053636705,1.1728121138971763,0.6203428751318618,-0.6492070134514968,1.393694757147328,0.7186620123355114,-0.8444144011057754,0.8183596147830293,0.0008618723817610819,-0.8794135114677394,0.984680845337164,0.5326681813040474,-1.2286902926269592,1.0534028657285204,0.7590414452027353,-1.3763522308493128,1.0328401831478264,0.8101422162895827,-1.4231376244443372,0.4151223066798837,0.04678714969689912,-0.908561738749774,0.5902690327064031,0.9691035865231498,-1.2471147904017112,0.6511374666033246,1.1273953214844263,-1.2196590716881517,0.6286629495391716,1.0285601145128451,-1.1590436659166599,0.052897823762669105,0.19142915315288356,-0.9124753799148662,0.24823314530671017,1.072912970736639,-1.1329266199257662,0.35860646468897994,1.1001593023245477,-0.9603704804391968,0.38725244683486193,0.8892026699641472,-0.8073446598142395,-0.23661029163960204,0.3523995412949308,-0.9247307291678092,-0.08116269443788028,1.038030510375796,-1.0253858555034525,0.05770730106705574,1.063151809239888,-0.8942601198102863,0.12614640223724344,0.9002477287506226,-0.779548481520214
me,point,0.4794326364372729,0.08597221239697855,-0.18654149811339987,0.8859690975833473,0.3555728382366212,-0.4486423735650702,1.1032907290582317,0.6216179522188886,-0.6586550360363904,1.316176956855826,0.6984963293745046,-0.8497533472878204,0.766008821572327,0.015911156740580638,-0.891502795653975,0.9699021876639716,0.45460365140346987,-1.2620949649256188,1.1005692314484181,0.6680891460573791,-1.43347428093115,1.146405642615236,0.736491963292505,-1.4990067485576901,0.38674479068041995,0.05521440866123762,-0.9205323655134283,0.5514221222611541,0.9017931441047712,-1.2900329772808734,0.6217946023105665,1.0671391305834945,-1.2866741958856298,0.5903268752998363,0.9902063006083566,-1.2326892990174194,0.02837463535693409,0.1969595998819133,-0.9254464109035251,0.21114516678075004,1.0318931496701789,-1.1665284801545834,0.3331630733499306,1.0440543508238311,-0.9846391268377577,0.3568036005865272,0.83938056577943,-0.8120232601904813,-0.2611075581228495,0.3550902662021954,-0.9427223182310247,-0.1089416550822213,1.014788961667235,-1.0543838987944119,0.043362166517038905,1.0346318692347232,-0.9146768294445874,0.105318041470247,0.8765596217857787,-0.7842047296124457
me,point,0.48482520854371125,0.12040707830280367,-0.15367735633281573,0.9021298130577583,0.37610549219741457,-0.42033265964270466,1.1443686712902117,0.6157605735548045,-0.6471724207095634,1.3796847115757591,0.6726177329896267,-0.8586407838307414,0.74563470475158,-0.012531413221572045,-0.8761459754849367,0.9524163360189551,0.47525709522471665,-1.2453278549228222,1.1089171669760196,0.6902024853873908,-1.3910635847505544,1.1708470590150366,0.7185949408710836,-1.4341406803329675,0.34024402353224487,0.008780930897109926,-0.9402961765864889,0.5133189231555826,1.0333538540135492,-1.3489488482921497,0.5840756862613228,1.1299083273137205,-1.3336758878898356,0.5550799679967229,0.954747759886195,-1.2486496947996648,-0.03990022952801788,0.14655553930779378,-0.9780665467284765,0.14501992157939889,1.1116888375551757,-1.253861758056683,0.27009513312062566,1.0853954027277384,-1.0622756724421354,0.2845797983633827,0.8483152758252956,-0.8663859943987339,-0.35782194054145067,0.3029454541633093,-1.0234899291741808,-0.20552646317302908,1.0650573399224108,-1.1277741141961948,-0.0772368704215983,1.0459701532232648,-0.9627082234504452,-0.050985004294347276,0.8363556508047574,-0.8179844490544007
me,point,0.4868852118378778,0.11723221197196265,-0.1574978753801461,0.8884894038052599,0.3487484515092091,-0.42094157194818,1.1026936778616387,0.5647843893210012,-0.6403352597502261,1.3014264932719368,0.6299335658352304,-0.8459827081876646,0.6886823180118139,-0.04788576608955127,-0.8982101806084981,0.8889079762289377,0.38504536207982215,-1.2688889776817363,1.0643160234665932,0.625868451375463,-1.4324251908605021,1.141208891269161,0.694369154972239,-1.4948807490214981,0.27000950900706394,-0.02861399408271978,-0.9624323895154393,0.4303654888259619,1.0229787214138286,-1.39334172772287,0.5251485612439849,1.1246753624142527,-1.4050435781449135,0.5046296694043999,0.9251236614778982,-1.331855469317644,-0.11572577702461838,0.11016081898685448,-0.9955659340812857,0.06332873036876206,1.1029255630540988,-1.291667276301244,0.2126955464588267,1.0724029376732709,-1.1185209284937194,0.23034453152026108,0.8069177282104785,-0.924979328197109,-0.4324544206868515,0.2679966440048591,-1.0355159371171538,-0.2898348741587478,1.045897772380031,-1.1618779734993123,-0.141006175824632,1.031843662844643,-1.0107879851368886,-0.10437912362407589,0.8126158646612142,-0.8689047887273559
me,point,0.49902340788240107,0.045002271655304384,-0.189380169735132,0.9102331289292743,0.22146085213993322,-0.44817330723644694,1.086462094272032,0.3987076686044422,-0.6548858968085957,1.192759143984916,0.5551021499707486,-0.836353162588806,0.7154643809885866,-0.023627890130976492,-0.9199762090743718,0.9105188357700881,0.4147058575980832,-1.3043230906629368,1.0187069301870955,0.6245488396026044,-1.4596283762026965,1.0241734106717824,0.6222884425416997,-1.4910316910806887,0.3181076694724242,0.04070486026437232,-0.9471803550399897,0.45759739206173805,0.9567986696736813,-1.3614276383975932,0.5875298764031169,1.11253407357741,-1.3630744709972555,0.5750547217344479,0.9128739490770147,-1.2729056708548012,-0.048887031834131074,0.18492572084653108,-0.9478390224755283,0.1319745830066905,1.0493381641505464,-1.2384986618995044,0.30399749098281775,1.0708886932908526,-1.0581683600958909,0.3466334145903255,0.8215792966907219,-0.8454350154876602,-0.3306348155696454,0.33757337512994906,-0.95688200481108,-0.19215359548559227,1.0357391253678265,-1.1136015556139496,-0.00490129921405289,1.0510059081292005,-0.9735437815647283,0.0734991508696562,0.8365978490826517,-0.811091642728825
me,point,0.5347141996772244,-0.019055375498395973,-0.2166405864641261,1.061919635706347,0.2143408653155058,-0.4650408613653678,1.2935984242747116,0.4942037937457001,-0.6583776179255538,1.2374302284771006,0.6958831027085166,-0.80503144675324,1.0337538374087971,0.00749664373836301,-0.7664787114221522,1.256768547192066,0.6275357055271106,-1.0394207354233849,1.210302382737345,0.7995289958592838,-1.102361519344446,1.0613310789384445,0.7006475351398835,-1.0918588764100183,0.6423105730477483,0.06326880622637215,-0.7638286364818766,0.7899057875264952,0.9429267978565408,-1.0348807393061783,0.8479228363176772,1.051818693665212,-0.990340681370415,0.8373942096918664,0.910601690678623,-0.9325654204188468,0.26532330922952707,0.2068561235028937,-0.7481813970408145,0.402896317483645,1.0615772264578205,-0.9081438894882995,0.5242598619945623,1.0161341044561067,-0.7504601144589425,0.566505682052244,0.7581435150058825,-0.6261979496645043,-0.05534508825850007,0.36616575390598316,-0.7505065014516127,0.09556644742178788,1.0590121652729088,-0.8205383916995532,0.22946006034376534,1.0407451942627164,-0.7097271468755557,0.2950531862385784,0.8526246637476583,-0.6205453632719737
me,point,0.6673020256809773,0.027269931338867463,-0.33550415330869504,1.1096911152246172,0.11415502223372784,-0.6689921177858481,1.2145631806965813,0.27978617779264203,-0.9915547927816737,1.0859262916995307,0.42608110579655456,-1.3035137081875339,0.8806522285274138,-0.3289728454921568,-0.8129530843768198,1.088512354764336,-0.04614959879093323,-1.2366252462617762,1.1539286911567828,0.25689781636297293,-1.4959731080541296,1.1054688908393147,0.34177152487409584,-1.6605042117294493,0.2917479537471798,-0.37583450030737703,-0.8795632779186713,0.5192454718135466,0.7364842114977627,-1.2900725244487867,0.6207951028840967,1.0618423451287182,-1.3685860507960168,0.597208756220012,1.02843717912193,-1.4212820228606777,-0.22270851239080147,-0.18978107438574712,-0.9605361685078724,0.025702642831951773,0.9187253790740743,-1.2762919137613848,0.19086261207214253,1.0777315994491448,-1.1612902372897307,0.19625369944063076,0.8845155860570022,-1.072254105250259,-0.612088986793074,0.05542632243963983,-1.0888271505872484,-0.37879948727486235,0.9438328521800575,-1.2939007667176872,-0.2622768077892909,1.0468202958051092,-1.1905736492880181,-0.2918264539433051,0.8796856022916356,-1.100414446046434
me,point,0.5176329064049392,0.14365701477308213,-0.3226672799715701,0.8430325643264325,0.4264710039712715,-0.6961183566723682,0.8231422319347586,0.7298277091733888,-1.0394705086684386,0.5225561476896106,0.8134841859734727,-1.3804486719755644,0.3807080350474254,0.1130813889868643,-0.9215486543121126,0.5226074988979673,0.8092440273930076,-1.3234531843889903,0.5396364526535545,1.20739562138697,-1.5591215175617976,0.43992490892767505,1.3090422126034054,-1.6980410484647857,-0.11522586010106632,0.16816996061441725,-0.9790004420381612,0.04548623056402801,1.0968531031210997,-1.2946936052496145,0.1390141957392632,1.3620878992028533,-1.3180358551734777,0.13411663005877023,1.303231041946409,-1.3727593866894512,-0.4916666097340468,0.30374368121030987,-1.039250479903936,-0.3070360192808774,1.2319377034573946,-1.25455013301592,-0.164725299231235,1.3866882537314567,-1.0999250583031472,-0.1238524165727516,1.240018150991512,-1.0233561645869094,-0.74820664154345,0.4873000825277995,-1.143562868632456,-0.6082558444169845,1.2207299673343517,-1.242761235173953,-0.4845286801393987,1.351104880432902,-1.0897869901767876,-0.4651721770485115,1.2544978521513723,-1.0073363737085936
me,point,0.6796955451765784,0.11118723637434295,-0.20520063981077696,1.1703836572593322,0.35607349129755755,-0.5122985167742148,1.3495323455786727,0.5477273998130044,-0.8028937698958603,1.2253880236296344,0.46710495772950467,-1.0839606626602454,1.027856061708921,-0.13398324250591806,-0.7406360450239994,1.1487586630513547,0.6338825274642649,-1.0769501508243382,1.0758799983409595,1.0057802394360662,-1.259327881471583,0.9497285896165741,1.0618141972939172,-1.3682243833989278,0.5317082217894729,-0.05361494228182112,-0.8452288476179654,0.6783544138042378,0.971068264925254,-1.0960103292512318,0.7002843782434988,1.1536655603081731,-1.0924722826942759,0.6961102278670217,1.041337970393272,-1.1325637661147325,0.09582462030187176,0.1259865911012806,-0.9494464307909402,0.24842337942353773,1.12932706868708,-1.0908058958447313,0.3496624315300196,1.1980228234829868,-0.9087809671165941,0.39462076037230964,0.9958254855146966,-0.8315168281752028,-0.26413660753061363,0.34545779565612217,-1.0904704977445672,-0.13723130225187283,1.1036210518225333,-1.16645683907858,-0.022665996146356795,1.1462778120523907,-1.0126542197657749,0.003649845923677287,0.9616003569059786,-0.9266503670308255
me,point,0.5150750802189986,0.06944751025992199,-0.13027264391088889,0.9503590584553444,0.2967824717948477,-0.3691569100843694,1.1627843307151424,0.5114441820845578,-0.5836142704355586,1.1989040601405425,0.5049805619286359,-0.7836774247650411,1.0197628985716176,0.0053507556711418144,-0.6760918783200922,1.1728657699072063,0.4795723067828141,-0.9191465115432477,1.10958013886091,0.7522703212938818,-0.991682488474943,0.9414327933143694,0.7922454880043829,-1.014260435526822,0.6498867009149364,0.0785908533209838,-0.7559568464854192,0.828695881612948,0.8786984155386535,-0.9722693320946413,0.8056877287841399,1.0277190281797177,-0.9217084347845151,0.7474831079789703,0.9298807016867475,-0.8938406508146443,0.29323180383386394,0.21288470850473715,-0.82200673179029,0.4271570303377124,0.9772464367279043,-0.9428683091315812,0.45698545014383873,0.989043958951791,-0.7826115221432802,0.4496155099212381,0.8082545676596673,-0.6952562684951671,-0.036749808402506266,0.35627450599061705,-0.9063881583799066,0.09519959646639087,0.9257918595534822,-0.9572412725909503,0.15972387956701212,0.9279346371949055,-0.8308538201080065,0.17874501411508262,0.7759140831883387,-0.7539492487861446
me,point,0.47907258783354034,0.12608634018099313,-0.17047505526312268,0.8822305713260205,0.3341542617965569,-0.42061467009869413,1.0993666858407676,0.47906116988686037,-0.6385985245501469,1.1714122252199235,0.4385131867397906,-0.8494189381925874,0.9863648013036203,-0.036828501807528176,-0.7042361247937049,1.1305606865874267,0.16908002194433483,-0.9983402344392922,1.1713817205564054,0.3192691789195762,-1.1362741428461778,1.126938300398943,0.36546802317051913,-1.206405557193858,0.6400252471642615,0.007448548641780913,-0.7683177741764518,0.8132942922032104,0.7764633619517988,-1.0489439776648013,0.7999748313582958,0.9090806824251494,-1.0349678144686767,0.777497495607626,0.8473401807588516,-1.0179739050067604,0.2981398851498743,0.12310293296379853,-0.8276924602489584,0.4272170456925482,0.8724561699038282,-1.0211014851029283,0.46694366095140083,0.9008114475636099,-0.8943214620568514,0.4874146760115824,0.7632774229161934,-0.8088571086549543,-0.020232090265476302,0.2679422280638743,-0.906423207409208,0.10925500864642974,0.8164337588931234,-1.0075757343407594,0.16313749194877977,0.8331381296772906,-0.9023759713539626,0.1829963687332258,0.6952554316133501,-0.828282018257006
me,point,0.504025919683714,0.14872552224276023,-0.1663715267105035,0.8998765978769768,0.3731140207634674,-0.4219224896217162,1.094491419207832,0.529212890440394,-0.6506565230239165,1.140390518858446,0.49272941139062404,-0.8755067273401219,0.9773554413751274,-0.011054645952863639,-0.7072255425806685,1.1272475759519214,0.17575901396144336,-1.0120399612406994,1.1846175648296087,0.32998472414300023,-1.1588029963940292,1.1478788394115027,0.38370186635529435,-1.2346448437315187,0.6242599114552412,0.016133237006206773,-0.7810501146620465,0.7849048605638844,0.8089628237880903,-1.0687310776732388,0.7606778700169391,0.9274184667924049,-1.054918674315527,0.7336065576252752,0.8369721406788185,-1.0359234571823537,0.27252385339702007,0.12278429674067598,-0.8504607206214353,0.3865317679890819,0.8936505638717958,-1.0551433532906318,0.4292188735905204,0.91943726861064,-0.9266806883401643,0.4579760554325876,0.7679403458892166,-0.8373110425265715,-0.05670216904930075,0.26710785531246145,-0.9389130855923915,0.060109138166034685,0.831696674889411,-1.0506825862445432,0.12030652456902452,0.8532894296586748,-0.9433710031357214,0.14498736319173916,0.7096887381276623,-0.8659096883969659
me,point,0.5646744073594652,0.08684079975535865,-0.12025002969260636,0.9944840608557474,0.1709392533199844,-0.34956535261899246,1.2299271731904047,0.17300551505387277,-0.5711945636084592,1.3141739123312484,0.09137320542537601,-0.7855814092847289,1.0196235175113622,-0.23484903306048494,-0.5870283670760721,1.1767149756401634,0.006941598167807703,-0.8819163560086283,1.2666397487406957,0.1822465580979512,-1.0255229519678195,1.2644275234849423,0.23763562049730924,-1.1064358728626806,0.6963568875765367,-0.20607706864107683,-0.6874731463155631,0.8615905274491679,0.5584401395377765,-0.9769412566995553,0.822430588086549,0.6690591425066278,-0.9584783173753607,0.7912976239816214,0.5634968406379932,-0.9358203628048403,0.35748980026766336,-0.0770518740973912,-0.7872313714847239,0.46766598339764387,0.687432703107135,-0.9982942981993573,0.48878380486528017,0.6939725858718973,-0.8563113478241619,0.5132193124118162,0.5308010932157923,-0.7571562049820152,0.03918878172194923,0.0938465599513376,-0.9053417291738725,0.14193439092276358,0.6576094591328143,-1.0245669988547612,0.18940858847809838,0.6439728894121505,-0.9242097651381529,0.209237303139734,0.477403131317322,-0.8510099755231854
me,point,0.6738220381298926,0.1304296526893215,-0.0912734869697111,1.1769856758966426,0.20966676678206483,-0.2921292595534952,1.4835954407996357,0.1817681549546458,-0.4968314314726825,1.5848990477278437,-0.015811213115769815,-0.6979237031414617,1.1160408894651075,-0.25395375081910293,-0.49599144850067517,1.2902924064886125,0.01967309040289704,-0.7709978026225522,1.412989377162166,0.178034966736936,-0.9112206801033779,1.4622806385396092,0.1861480023983876,-0.9934309000433696,0.7527682961781254,-0.24055053650277558,-0.6127604194604194,0.9330119119455068,0.5985493329900593,-0.8822493469036939,0.8376057728811317,0.7808547413749889,-0.8548972730457327,0.7703462499694212,0.6956923058008903,-0.8218434208419149,0.3617677837454627,-0.11444730051973746,-0.7309852329449812,0.47593940487126263,0.7269212996849289,-0.9392501682233851,0.46114199201376843,0.8098991010462534,-0.7986292161254716,0.44578750680583046,0.6593861866536961,-0.692655932364785,-0.013741653624104979,0.05825972448472061,-0.8649026138475983,0.12136499639973594,0.6983429524606702,-0.9736504571562725,0.1722824805232825,0.737823580535658,-0.8673038277914904,0.18364211420274934,0.5756319657039405,-0.7903518709029635
me,point,0.6353837708228236,0.12550624590386805,-0.13874473721681632,1.0662715401459537,0.2430972015095241,-0.4054630134294865,1.2425539423263352,0.3124833060266045,-0.6657860524590116,1.1992729883412192,0.24926526256241166,-0.9262633631946556,0.9910027999375342,-0.1755847737185929,-0.6559108881313653,1.1743104474645825,0.14605662424195018,-0.9384813355485141,1.3164851381734346,0.25097112700989527,-1.0722933191138462,1.3730761447140871,0.19396572941063395,-1.1531206294816185,0.6336984649275603,-0.16686633757008826,-0.7553687052919249,0.7744692294438269,0.6501931940945064,-1.0221164983014577,0.7147909723625276,0.7708235954145622,-0.9712037803969428,0.6791685331840368,0.6412477469446777,-0.9297339605544143,0.2756322250184345,-0.04869491248095931,-0.8509108200524866,0.37893688581372403,0.7589744385336678,-1.0348001342477757,0.4171188234614076,0.8057191370278023,-0.8657106658460266,0.4432470094795947,0.6481715205617111,-0.7520726492148719,-0.05282276427826661,0.1279205134760508,-0.9695382074092322,0.0451150410494595,0.7335340970879595,-1.0699918346032413,0.13082917707512148,0.772443510252161,-0.9566293355976252,0.17037078636121364,0.6317935375507469,-0.8780494300147377
me,point,0.630114377454293,0.12418673340384628,-0.13141039401051885,1.1306811256421874,0.23663644832093836,-0.3671876433407751,1.406715086513099,0.30564857767035064,-0.5922432374133652,1.4883404462805723,0.1645393360643851,-0.8046850097089958,1.0201916290068866,-0.2318532646132815,-0.6667340340244654,1.2847521355032854,0.0998559538535427,-0.9937382646257009,1.4325110714578262,0.24355316395685503,-1.148200026251409,1.5224303762471696,0.24154463620195366,-1.2170934289296185,0.6352546509584795,-0.17772345526543298,-0.7515756128854474,0.860686849671257,0.6488461709515938,-1.059065318253218,0.882954150578225,0.8852689112643669,-1.0190336870072414,0.8721028057651568,0.890642180174646,-0.9609817125082604,0.25164377249586056,-0.010823778390559076,-0.8298054808348098,0.46771102973205464,0.8535959106059505,-1.0625388694459585,0.5089957049952553,0.9518592894561165,-0.8891872850295555,0.47836822686976127,0.8154598120760754,-0.7340781673663421,-0.08974389864215623,0.19634607481220243,-0.9241560652979305,0.10569275716211966,0.8843788706326597,-1.0196877299492166,0.1892967128263901,0.9404607102160096,-0.8761472754432089,0.19924500711197948,0.8080777424760187,-0.7561686974517414
me,point,0.6609625568457349,0.08819854856838395,-0.11265426855595452,1.1762667570628544,0.15797999950609998,-0.3394957610415733,1.4852370959352197,0.21111265076012534,-0.5637154967865365,1.6160755611010496,0.06467252125598665,-0.7759514307773001,1.086934823551511,-0.24663163025671742,-0.5853650517617173,1.3519604488681165,0.08424909614484777,-0.8966246742017223,1.4889041534053422,0.23322860587010671,-1.0482126906638072,1.5553105452479286,0.21428667219031292,-1.1175080816319807,0.710166683887401,-0.19257351719675025,-0.6771844073595059,0.93920393982816,0.660186401065852,-0.9690125481149783,0.9373850880204176,0.8847466505844455,-0.9307860379213161,0.9220344716179155,0.8508051689796848,-0.8730672092734012,0.3387264500366857,-0.026332038379810956,-0.7664535562373186,0.541789530948928,0.8298530398471022,-0.9880343895101751,0.5980001694173506,0.9325882695400068,-0.8216027448263076,0.6000563888150653,0.77709546562456,-0.675140192238765,0.00470712614679527,0.18166067814524647,-0.8715010361711676,0.17824983271498723,0.8518741385194115,-0.9747781343967533,0.27489866748638697,0.9293952224632948,-0.8437896384183303,0.3139275163734825,0.8024822011670535,-0.7306023980122404
me,point,0.5075564318574908,-0.059926896556286996,-0.10360823397728457,0.8255519051110389,-0.14437777498503143,-0.2536580775831289,0.9384340593830436,-0.13615731564248482,-0.41395491854614475,0.8495055823908589,-0.15565638847403065,-0.5612947967102933,0.8539900665547199,-0.6505958103644306,-0.30470624507959204,1.0430299936699523,-0.7276991214378975,-0.5644153002844079,1.1459918296845586,-0.763954081795796,-0.710689837088063,1.1437429546847917,-0.8254923983624497,-0.7856927873506521,0.5970418212653481,-0.7124663413587183,-0.3686906238176915,0.7848765787950314,-0.21544778399451708,-0.5941595780060432,0.7105938370681821,0.02634007477606129,-0.5904088208961793,0.6103555402878441,-0.016538327821319074,-0.552953302409894,0.3162955511680503,-0.5937471562200436,-0.4496973438672284,0.4892900078425306,-0.07074366945193522,-0.6748834514878427,0.4943762555807673,0.08466123668012712,-0.61070580215812,0.45127100719338237,-0.03508680877094098,-0.524958061951069,0.0835708481584705,-0.3882510231233711,-0.5416318592228655,0.23084120702662903,0.032104080375885045,-0.6902261484911677,0.274046138693498,0.12601520524676665,-0.6376850375310251,0.23139306579061675,0.021171894709883628,-0.5659915342449187
me,point,0.4880916776032409,-0.0601823316534971,-0.11642977866201393,0.8330605985980153,-0.17562872267393304,-0.2554706548016017,0.8727670599207501,-0.18928913140402842,-0.4017547120612633,0.7590331252787514,-0.2358203089094502,-0.5342079399738635,0.7561317779449952,-0.7014353329419523,-0.34458811867974687,0.9547214773153826,-0.8386732514998603,-0.587753660204802,1.0254833027776518,-0.9272667195092118,-0.7319625029931244,1.0408777619108978,-1.0674732066671766,-0.8210756624145161,0.4367882923770966,-0.8017638261755551,-0.40791022870067156,0.6364704628715242,-0.20964792051109532,-0.6089353897021937,0.6240693229646677,0.029619612589401746,-0.6060001089010307,0.5569110452145436,-0.02062351319740765,-0.589613436615628,0.12734161377686357,-0.6753602252662267,-0.4830543139722684,0.35789362632474936,-0.08507801817876147,-0.6737807393567661,0.41069209286327885,0.07075472310862584,-0.572640927766073,0.37664613565329885,-0.05191691379541099,-0.48062003606674075,-0.12135468836030104,-0.4611898272670582,-0.5769690590317254,0.08196890906570262,-0.014287352856243836,-0.7118317066121017,0.1598223270293762,0.10863781655057461,-0.6306033793308401,0.12625818201200562,0.03603217703794032,-0.5425694189584988
me,point,0.35974128400465416,-0.08384418676395056,-0.1957304382855084,0.6301527251612671,-0.26004739020721296,-0.362663301421251,0.5669378802920553,-0.3250969004724294,-0.5168646390813519,0.438026745381583,-0.38300381359794655,-0.6646647346359241,0.4827946479446947,-0.8120851732911204,-0.4201004677183136,0.5970757655107413,-1.044720549003383,-0.6733394582350897,0.6308000143846423,-1.1978966602985541,-0.8135738606414071,0.6370293907940838,-1.391693372600884,-0.911417805622908,0.12201598361735222,-0.8836738039431434,-0.4519211302501187,0.30978589760257974,-0.4738039214438094,-0.7031420543316609,0.3672595621620128,-0.12448149036575343,-0.7183786051129663,0.3635341921635725,-0.09571198067865042,-0.7080731406066535,-0.1894343511944236,-0.7457616808069719,-0.49929612953060803,0.0468525610423514,-0.2809730121141352,-0.7343056025844178,0.1536817741604748,-0.03410276824097698,-0.6342891558481416,0.16887960694460952,-0.08231344309009743,-0.5385035236410388,-0.44034087349442985,-0.5224206985940805,-0.5699900978908669,-0.24289386189682038,-0.18610467621593957,-0.7359482791147529,-0.11486596310225562,-0.010142732473091876,-0.6669931272740444,-0.09353773224731099,-0.0405471314241818,-0.5875474359894197
me,point,0.37490369807296403,-0.09202872851694799,-0.24892469903105507,0.6021575905384349,-0.28169568432640174,-0.44293706006857164,0.5170856838754422,-0.4383648253672578,-0.605635382649471,0.3724954301453861,-0.5118272249522853,-0.7525187901435391,0.45041364708256465,-0.8035168367778278,-0.5070951188492608,0.5391436718163726,-1.0483010307031253,-0.8160756056572789,0.5665715947696853,-1.2389437798293186,-0.985558456382801,0.5782503625459439,-1.4359073055860905,-1.0925113209164579,0.10750029175753188,-0.8460608899729501,-0.522134712244096,0.27017053938738866,-0.5935358348518663,-0.8175444266900662,0.33803078498845146,-0.2548915881581143,-0.8054833178934961,0.3510494624086024,-0.1725211233002131,-0.7547109701838746,-0.17056418251959174,-0.7156233632135955,-0.5648522260780563,0.04500751002401632,-0.34650475248530177,-0.8372783715565466,0.15795393042634448,-0.09971893124361572,-0.7145257620196293,0.18718359253605518,-0.11401409225689285,-0.5843136585835605,-0.3810605554294848,-0.5060276539531652,-0.63731415521945,-0.19240388600009298,-0.19164984361084308,-0.8214703207609237,-0.0542615355737966,-0.03734249924608365,-0.7540209716315996,-0.016114335469344578,-0.06603187299477606,-0.6668433749974981
me,point,0.3627943204970177,-0.09004866920104666,-0.2226967382354556,0.6111826179533337,-0.2527792045709487,-0.40594449288487855,0.5909118105620197,-0.3766515077898151,-0.5690015386925406,0.4484534647844594,-0.44381590389644,-0.7195476264533247,0.45998171245569375,-0.8332248507313914,-0.43436171669304063,0.5563786236466486,-1.1060508079070697,-0.6977923351582991,0.5852995215092915,-1.3104245377236226,-0.8441197380524975,0.596698671604542,-1.5047748912378107,-0.9404872083615631,0.12615459355574574,-0.8808564656854236,-0.4562640741774096,0.29592633740077545,-0.6525044852160784,-0.7265729396166342,0.3474138785616829,-0.31312409724728335,-0.7304568553943196,0.3400542109697814,-0.21662061835709565,-0.6929263655504583,-0.14869511325458737,-0.7535766913831078,-0.5002399747434239,0.06522717225630197,-0.4057834677493824,-0.7514421224968333,0.16558118676935699,-0.1562939707343262,-0.6555618780500194,0.17818271353857268,-0.1531158068013662,-0.5459079658075048,-0.36132918740769354,-0.5508693776805327,-0.5697348308927422,-0.1800578074527021,-0.2564868897176069,-0.7280254255665553,-0.05390445787788129,-0.10097227303272927,-0.6647340949595485,-0.027883003110969806,-0.11998610680948535,-0.5854939613546314
me,point,0.362934992883621,-0.10431439241707474,-0.24269075088118972,0.5906551823205797,-0.294318036242672,-0.43185806682091066,0.5396454807573109,-0.45148225984727475,-0.5925886811117261,0.4094621995941929,-0.5471929007566151,-0.7395000905932297,0.4238542298517216,-0.8185480695650773,-0.49195048486703363,0.5172384694533371,-1.091611369238616,-0.7873929006075436,0.5457058148907491,-1.2922901139575065,-0.9523613715954578,0.55595514637716,-1.4939315004292149,-1.0585394526496825,0.08454653685282598,-0.8569914619393665,-0.5083478309870331,0.26287296814984573,-0.6294927272235817,-0.8049818547708623,0.32770709847745877,-0.2940218072631924,-0.8077994444256127,0.32694720080948997,-0.20095735565394737,-0.7673777778384319,-0.1914756382658144,-0.7235882441535189,-0.5497907295677863,0.033848223981679575,-0.37447235364871895,-0.8228789198505968,0.1394046202435618,-0.1358127926521263,-0.7205921731429935,0.15579404507227035,-0.14579259537366734,-0.6045843841797902,-0.39786099048981105,-0.5149131607375144,-0.6185020929777835,-0.21060460071526116,-0.2243887401532124,-0.7976466707485572,-0.07402774488853892,-0.07843143655029085,-0.7372936695337634,-0.03976297024415175,-0.10131522764558012,-0.6574730706668397
me,point,0.35021033387394424,-0.09629431209981755,-0.274368862899332,0.5560528402811196,-0.25434758433587784,-0.4969321428840725,0.5303014563801857,-0.37865214034307565,-0.6865808699208225,0.403477203692269,-0.4726160146094371,-0.8605428217378417,0.4003159915555693,-0.8036529210433966,-0.5441322515915284,0.46663006506172466,-1.0882875528654714,-0.8654792032768764,0.4867939253065537,-1.2978444442407746,-1.0441620827895068,0.48716392962732663,-1.4922248061778165,-1.154654672195956,0.07405037269734036,-0.8299586565505859,-0.5528880272895512,0.2488201127084719,-0.6397065605210144,-0.8626378320433016,0.31115647604759167,-0.3083034480407252,-0.8585225981464212,0.30883533743777264,-0.22690609928264147,-0.8112883704564656,-0.18546659766842363,-0.6990702502083027,-0.5914893665572238,0.03058239606791134,-0.39314321221929605,-0.877266624111838,0.13289062087384307,-0.15680239568188598,-0.7693254273314623,0.14181040999157843,-0.17691602702157644,-0.6494448132509012,-0.37945207003833975,-0.50895469559622,-0.6600886260409674,-0.20666188588708884,-0.2430847837865291,-0.8502536237083038,-0.07398855250640059,-0.09961826065016696,-0.7905137738761447,-0.04545224758861863,-0.12614953507430177,-0.7119243977315308
me,point,0.32157836281626795,-0.12699675158301318,-0.1620110878434757,0.5481940934968483,-0.326234845775547,-0.3173357917427076,0.5353488671217603,-0.4767582634844103,-0.46448735792772017,0.38798834093245643,-0.5597014454546141,-0.6024660015162826,0.3779076696938694,-0.8904078857248556,-0.35752638922281704,0.4261579150583374,-1.2177421684770977,-0.5921822861602813,0.4335674613738619,-1.4378620173711678,-0.7319836688946397,0.41422115131173354,-1.6306232354137675,-0.8291797863218835,0.0551518413929583,-0.9120167845220276,-0.4064279261333645,0.23304650371209282,-0.781971107240214,-0.6725502213740515,0.3113374866411009,-0.44124662253384295,-0.7028522779416804,0.3018915152658575,-0.3366029475179217,-0.687301247306664,-0.20261898954344953,-0.7773465156711116,-0.4692952399919633,0.01603286942135161,-0.5264417174432316,-0.7145994613134179,0.12611460445132716,-0.26984909997716405,-0.6419731780646869,0.1147551496654891,-0.2576974603393918,-0.5538289795477115,-0.40843167401743924,-0.576821818080857,-0.5502303863595883,-0.22320192395899205,-0.35365987735731014,-0.6990054555001678,-0.10505948706481202,-0.20016729642443776,-0.6368873513152694,-0.10964137545047978,-0.2176277305480646,-0.5654489713515912
me,point,0.3193459729835255,-0.14122305247154726,-0.13216432786545085,0.547281837000725,-0.36222638332905277,-0.26775058613644415,0.5424179293136685,-0.5259204614717017,-0.40376905123908446,0.3855281547768961,-0.6090235873437342,-0.5313209074570101,0.3803142095664096,-0.9203060845453718,-0.2946153896709022,0.41619692091341753,-1.2556286733333852,-0.50615814612288,0.41797057094496237,-1.4776704194592063,-0.6332336678612757,0.3897501687799564,-1.668653591098363,-0.7229771994906511,0.06072601766895698,-0.9332211265131026,-0.35413370329253485,0.24658794097762124,-0.8385034952215499,-0.6040584268029303,0.3245348283289075,-0.4862269386675612,-0.6360475301379611,0.313340408623771,-0.3757978982267189,-0.6204503137801199,-0.19000283601803566,-0.8001910677757392,-0.42565741565097026,0.034845347140608884,-0.595201851899486,-0.661557887819457,0.14243272302181217,-0.3121330436286779,-0.5937147569561728,0.12004591792492596,-0.27772039494545114,-0.5062471134283314,-0.394441770123147,-0.6054147153954693,-0.5124552275909695,-0.19272108556553935,-0.41639770764469924,-0.6525348264129938,-0.07643973237341828,-0.24374553050307368,-0.5875540422954483,-0.09226763986932786,-0.2420088371647232,-0.5134327490785722
me,point,0.316110903998297,-0.14102891548269403,-0.13285658794262528,0.5366121704410791,-0.35669903411379356,-0.2690362679091677,0.5354808914238536,-0.5155649374415171,-0.4050016272423621,0.3848466243479992,-0.6098039817360619,-0.5316287594959578,0.3705533334100596,-0.9190943619163231,-0.30138398940580585,0.4012368673207478,-1.257436581811621,-0.515982963001517,0.4039500908624208,-1.4776761025422644,-0.6443570349374,0.37487062752367317,-1.6717504182999885,-0.7338288661955339,0.04945225911763708,-0.9315699912655708,-0.360183044356097,0.2365864957424199,-0.8372702700186984,-0.6072002747087446,0.31546694099641104,-0.4831506172206377,-0.6339848732688489,0.29988097306290656,-0.37686251476854554,-0.6147239453121449,-0.20158729662959,-0.7929699864013942,-0.4312939212457442,0.01840113418479303,-0.5921702005971502,-0.6673686673007464,0.13191970317534585,-0.31046930485803936,-0.5943987273224968,0.10769765384576496,-0.28056574805713963,-0.5025114239654888,-0.40381102254550844,-0.5945974823041957,-0.5174181358152165,-0.20822348196605722,-0.40765179218228376,-0.6570932222508384,-0.08963153245369,-0.23952206570000542,-0.5877919981351462,-0.11044413432998894,-0.2422775730686361,-0.5095873135923985
me,point,0.31294199435177134,-0.1403644564823339,-0.14436569212599956,0.5330931268825666,-0.35822794858740664,-0.28471267050450055,0.51663341616882,-0.518725546899477,-0.42127401412672905,0.36921338783932006,-0.610409314649823,-0.5494196252255186,0.35706986678641295,-0.9183360632618455,-0.313244900665321,0.3920466329229135,-1.2528778965655794,-0.5301206671713156,0.39104648374467466,-1.4780079571403306,-0.6607546020457765,0.363759947145833,-1.6724777816114524,-0.7528406895377091,0.03451317942918999,-0.9298370980675285,-0.3663493025829939,0.21590465106206824,-0.8281764133954902,-0.6218325156142849,0.30119357715337675,-0.47888956156260454,-0.6557075655582577,0.29127336621218214,-0.36318281232871424,-0.6408794622161438,-0.22022397214560033,-0.7902164225490822,-0.431892362142347,0.0015714295964106369,-0.5708943682133435,-0.6703100022432887,0.11386874026217451,-0.2999557121481294,-0.6019974035355917,0.09503677263560001,-0.2713305604226277,-0.5142938101762933,-0.42442009761140087,-0.5869169050894472,-0.5134389317812263,-0.229022180721172,-0.3950645075056581,-0.6550471076677545,-0.10940700752053763,-0.23283754697442216,-0.5899802285808885,-0.12202228420951845,-0.23749240680690195,-0.5152905215970108
me,point,0.322004624207642,-0.15080265556687775,-0.12524674789178478,0.5392997797540036,-0.390327823211988,-0.25119316472074443,0.5261598428738802,-0.5533375422252502,-0.3772394595564346,0.34981712343602817,-0.6054214401797147,-0.4948178284482763,0.354373610007262,-0.9279547193695936,-0.2862392716338466,0.383847043186659,-1.2703754462366799,-0.4844830541333248,0.37946813235134524,-1.4918749076043332,-0.60518011357671,0.3452964190431602,-1.6824304284531244,-0.6926927073700501,0.04353262490298592,-0.9373777824719666,-0.34558328011782424,0.2294711098600623,-0.8457016384914622,-0.5762032916377297,0.30466815878939774,-0.5080793618252495,-0.6031955378333156,0.28683848677830515,-0.40398967253700707,-0.5894226035366534,-0.19720680028372148,-0.8065732256282688,-0.4159700960953876,0.028536821309112413,-0.599461504474554,-0.629904730976157,0.1278470529892892,-0.33226696631452085,-0.5659800028411941,0.09807534597978292,-0.30863310453507253,-0.488590260741122,-0.3882195452736088,-0.6141074972202243,-0.5024631982153812,-0.18808608323698073,-0.41485710730192304,-0.6257149449753775,-0.07297161105992635,-0.24939824504666983,-0.5633410671867142,-0.09216647998814809,-0.2490768062615365,-0.49689262735223305
me,point,0.31208988589783093,-0.16831630051454738,-0.10176159488263613,0.5151745353474205,-0.42059583042793114,-0.21555919131014945,0.49109164372838654,-0.5917277871201502,-0.3375561168986306,0.3115927829837152,-0.6523828996580087,-0.4526322575105747,0.34949558668266345,-0.9484994241826434,-0.23542029016578633,0.36411574556747406,-1.29105547010428,-0.41791405666774906,0.35688659294055064,-1.5067117686717038,-0.5369693090968276,0.32152237057643157,-1.687446289021946,-0.626785769425757,0.04440494165564105,-0.952151279897991,-0.30238409572128094,0.21437340954166978,-0.8786387537168101,-0.5332649836183273,0.2982663918113297,-0.5486857989708258,-0.5811312381389293,0.28416429721251374,-0.43290022205430895,-0.5836399030854125,-0.1904709449210872,-0.8168009820041758,-0.37770629806358397,0.015663982137616262,-0.6416703119587773,-0.5828210165795732,0.11413652721743518,-0.3807684941899862,-0.5345703928521599,0.0798494275006889,-0.3489318186459581,-0.4721857681339251,-0.3761619673857736,-0.6226514489852499,-0.46721941550136703,-0.181619408644118,-0.4373717602769595,-0.5809303804362416,-0.07843161622682843,-0.280073115022628,-0.5269781640575807,-0.10760838654625975,-0.2841211804665603,-0.4716222322643133
me,point,0.32023373381098297,-0.16591970497389907,-0.11143615384326991,0.5324285625928376,-0.4113443829486238,-0.22767647610882552,0.5189502188995256,-0.5782789832812162,-0.34897580141229867,0.3382147933112955,-0.6529043801814925,-0.46095866771329946,0.3686833532773445,-0.9449928722461247,-0.24377070147813085,0.3918557515560121,-1.2935286441690887,-0.42445292479807295,0.38860518446628667,-1.5047285447826209,-0.5352131193142284,0.3467726461375369,-1.682285919149265,-0.6172154290105716,0.07119587672630934,-0.9496757829593537,-0.30503615260770417,0.24027869837842356,-0.8942661434097943,-0.5147235794000409,0.31514879956920394,-0.5585191118230084,-0.5389975391402888,0.2928191409063911,-0.4452361232606005,-0.528132544459707,-0.16074601313957074,-0.8210228943811233,-0.37814260514064185,0.03885713284773761,-0.645376782091153,-0.5714538966328461,0.1326038432686616,-0.385611805245988,-0.512375947613017,0.09133443853152062,-0.3635507722866933,-0.4452694233696448,-0.34414455865859167,-0.6308823665762125,-0.4668727795676534,-0.15895857378681788,-0.4384036186877587,-0.5739313314970445,-0.06044705776057031,-0.2849242249440876,-0.5164752346718506,-0.10348834639609983,-0.2970902242332777,-0.46066014024351376
me,point,0.31199636774821893,-0.1715293497735453,-0.11539629859434386,0.5213039366475549,-0.41385328158611373,-0.23878647755476984,0.5186753846715013,-0.5759620354175319,-0.36618305493829484,0.33785039881594026,-0.6347937279195011,-0.48442437109578224,0.3477720149216004,-0.9411004534911642,-0.268061030609597,0.37492287351394193,-1.283873319657449,-0.4578265172806946,0.3721185249892802,-1.496142437241424,-0.5760059110718067,0.33136901621337717,-1.6814143214259085,-0.6623349387966202,0.04229428814893317,-0.9427249316726118,-0.33087897544698186,0.21912764281945693,-0.866789087735527,-0.5415047560779702,0.2921636308532333,-0.5396729048924698,-0.5660858036678695,0.26749819436042943,-0.4462391383705323,-0.5582791905908552,-0.19280893162101181,-0.8056362904303871,-0.40435245418260213,0.01890704999425518,-0.6277204094756546,-0.6035777630406283,0.12010236532869432,-0.3689732098751913,-0.5435585910911023,0.08131823572793898,-0.35112874506410874,-0.4758506159904202,-0.37531953087567077,-0.6102771937271974,-0.49294571521519726,-0.18477830913597632,-0.42614323141845134,-0.6016401964537678,-0.07390014614249396,-0.2705050368946259,-0.537647071367656,-0.1088841840813223,-0.2761813631385818,-0.4768847654258982
me,point,0.3197431641249348,-0.1359251828731662,-0.22387944234763119,0.5276354702448307,-0.3478987629333193,-0.4013836573637376,0.458613757749611,-0.4910294741820916,-0.5542654321161649,0.3292177634410072,-0.5857634514902639,-0.6981743855719321,0.3229274314371176,-0.8677149005335107,-0.4317019436666523,0.42405457254809065,-1.0716757657474572,-0.6797072815322293,0.4732320713608622,-1.2041260437257209,-0.8252630706468657,0.48271729242504685,-1.3686761739019788,-0.9274616142127301,-0.014644867981531728,-0.88837154517469,-0.4588916272560846,0.17918889065262528,-0.690987865549588,-0.7248400186638794,0.2729956557365292,-0.3370817074277176,-0.759533768136796,0.27060987833868017,-0.2427368844160056,-0.7548522326563487,-0.28380042984587617,-0.7321004037926261,-0.5043960923786984,-0.05264045424104794,-0.44501606136008964,-0.7599403819317158,0.06175617124277979,-0.18405006644801988,-0.6966346967971446,0.05852569932630896,-0.1942614831534497,-0.6189231330135662,-0.4892804041976426,-0.5002196098065345,-0.5718857836735493,-0.30021361973031024,-0.2704478966799693,-0.7409314359664398,-0.15716721860717842,-0.12133568075366928,-0.6937669575787051,-0.14361267306936287,-0.14718138127728123,-0.6343091998555516
me,point,0.510934483258011,-0.19351107112346688,-0.13672505956812178,0.8429031344553767,-0.45749002663525684,-0.2721585192307634,0.9476475129070644,-0.648289023477566,-0.39879792957640875,0.902803026767167,-0.6808352560239372,-0.5014886004149327,0.6321876517912666,-0.8937283929911396,-0.38462099137822,0.7843152068663158,-0.9640926718054649,-0.5819603648332312,0.9328898470254958,-0.7299834156295802,-0.6569806729273515,0.9459510787403731,-0.5316072413387684,-0.6856314700086493,0.3251598910697118,-0.8457251476250162,-0.4231075748721331,0.5763111278971239,-0.2696898914558514,-0.6311031224941673,0.6467162752172656,-0.020323457159576223,-0.6261248392715164,0.5781221578011823,0.005926417655677395,-0.6008507046894808,0.029127136840067083,-0.6344986409916399,-0.4676519736698684,0.28913763749626376,-0.05137875296686215,-0.6463476339855901,0.42170821548344944,0.08468185384884698,-0.5803068481858659,0.417254330700063,0.009513606979341666,-0.5130904129439797,-0.21204383949491534,-0.36379817607290915,-0.5261200153412288,0.03754843334489649,0.08194630904930789,-0.644873610921656,0.13162743569616409,0.16477712134847491,-0.5861508954984618,0.09149433945560895,0.08364959809755824,-0.516449304907896
me,point,0.5108547778343165,0.020861233676892337,-0.23948562632017145,0.869167926400209,0.40795099908690247,-0.44780037670562683,0.8709075250624455,0.8353812251080704,-0.5660894819179734,0.6553456288155418,1.1104166097012436,-0.656126229180914,0.5183412677022095,0.2146114178545992,-0.9954423651436661,0.7966951890109802,1.0293806541088082,-1.2033029373655124,0.8494436397238964,1.0998020818040124,-1.1252858976908395,0.7480202171222267,0.9405839308410464,-1.022663604390331,0.09810969097905335,0.37548639587812355,-0.9216205591491825,0.4147132374401111,1.3585800543068938,-1.1677818300116172,0.5148882658846345,1.2889726248630249,-1.0412852772304306,0.44626425297044203,1.0183790062205822,-0.9074729703851877,-0.24120605747620028,0.5600319594411176,-0.8139455555758187,0.08876804771287329,1.4379368624068576,-0.9833368633952319,0.19459464051842365,1.3112170278050395,-0.8133504990611322,0.1388619170581103,1.0542405001611541,-0.662781670467538,-0.47373031945465505,0.7221861772186684,-0.7096817030101925,-0.22650696804034975,1.3798565410191717,-0.8353782078099894,-0.08999559396660065,1.2999535798508313,-0.7641013185611112,-0.11463277821031223,1.0775514012405223,-0.6885071307700183
me,point,0.4818602490978183,0.06423146400293565,-0.24304013274900463,0.7942048219278527,0.4332212947895686,-0.447215123412129,0.7745964862427809,0.8323915487078817,-0.5556617562819133,0.5552560171031498,1.0791346372272017,-0.6392764295796429,0.45937430708589466,0.26346064227774035,-0.9831783275928637,0.644951350744123,0.9187247182676906,-1.1781077647214941,0.6834893922705165,1.051274364598828,-1.1015658986390624,0.6121397499579597,0.9861279744964173,-1.0073159572626142,0.06040524907213405,0.4296676176593477,-0.9009644522507388,0.305793291128067,1.2997587071893113,-1.1325641772438721,0.467059312839916,1.3094399719303038,-1.0007062326114042,0.47873932644500716,1.105393088903552,-0.8634778305046847,-0.25585797537706034,0.5999627637945454,-0.782985774359478,0.044562645052641674,1.362614617824185,-0.9405245191747167,0.1859091656017351,1.270669472708757,-0.7669790459393314,0.172205089381749,1.0472100551677095,-0.6122690781939443,-0.46301132593663324,0.7330396416074304,-0.6694201270236926,-0.22977748075207266,1.296522696882607,-0.7879362725582252,-0.06156221197737793,1.2465894560292066,-0.7126919091122338,-0.03996294287585758,1.0718015341072,-0.6288065654217692
me,point,0.5767885477010601,0.0660022400756026,-0.2187824509106363,0.9667696806637273,0.5006540036417165,-0.42136011807346946,0.973035589888773,0.9461473373052398,-0.5437756459115161,0.7296017932914131,1.1985387410668613,-0.640809043971139,0.6398352302726653,0.2917069623947204,-0.9210001016317501,0.8591356067405976,1.064059565208218,-1.1554854771971999,0.932799363227758,1.1955892673610442,-1.1188634295557547,0.8568277924375458,1.0741812326176574,-1.0430947594783597,0.16093733211387545,0.4574571832199324,-0.8745467972913475,0.40122931028679437,1.557307249641511,-1.1596579957875046,0.5575300629663961,1.497291346105045,-1.0603048978588485,0.5395155739443896,1.185983715545566,-0.9231633552204278,-0.24061534614771457,0.640911256749474,-0.7964533105080395,0.04580560142951115,1.601647018320086,-1.0011622409565366,0.1973622808103044,1.4688754961175279,-0.840657543444375,0.16671621516407323,1.1868358501913332,-0.6758520840994748,-0.5195876296695805,0.7945029061864569,-0.7192214668232836,-0.30977016209222247,1.5118888356326063,-0.8498367459065903,-0.1418636175676506,1.4176490290592036,-0.7633211873590934,-0.14374967558361534,1.1692460989204227,-0.6683786819508527
me,point,0.5104240686934057,0.11399079164748427,-0.1941464750636694,0.9139949624716706,0.5514338901520168,-0.3962159280239013,1.011606350129443,0.9877862956342542,-0.5252271381354485,0.8235061446147031,1.2513612240624945,-0.6215225478263235,0.6455004112068375,0.3118484941896341,-0.9099321891509069,0.8450605121551892,1.0678125820108697,-1.1520221563912254,0.9555345502009249,1.2766816671462953,-1.087198375397036,0.9454440398177975,1.1975323692706326,-0.9813099564012389,0.18965883906112949,0.42588031253399644,-0.8846781811268605,0.38928049910154694,1.497381983129601,-1.191628880054007,0.5294276956369065,1.489655707579378,-1.0610565603187283,0.5091592122002412,1.215485834673248,-0.8905549411832837,-0.217210494484336,0.5664837167962004,-0.8296879317812218,0.005445389289991656,1.5326263156381774,-1.0650195792444566,0.1683974867039172,1.431656986170007,-0.8565468188577023,0.16414488100969615,1.1688331091397681,-0.6413338711987056,-0.5261341318373942,0.6835963086626741,-0.7741211754434271,-0.37127294093238855,1.4162272911681006,-0.9145653488858072,-0.19212028849982118,1.3532139417392086,-0.7995873642489133,-0.15798409583542458,1.1194922778570817,-0.6718301539837244
me,point,0.5380756907529295,0.14152432935208858,-0.19232720404506515,0.9578267396324288,0.6359814933834737,-0.39611862423063254,1.0648429591273363,1.11820352592238,-0.5319214990120547,0.8583595609045298,1.3687230486856174,-0.6399135285057321,0.6892891145262139,0.35218935276601243,-0.8785349376767432,0.87911665958717,1.1299009907112476,-1.1249436830997896,0.9879818918472412,1.3661302336098788,-1.0809924638414186,0.9787086330598327,1.3189712767754154,-0.9938631439873588,0.20920901797557848,0.4645007782858481,-0.8605060219252015,0.37892698727858615,1.605647954201882,-1.161153543117354,0.5127526102792048,1.568226111332572,-1.0474266824661196,0.4863307272967071,1.2621059641157149,-0.8920384018944856,-0.23105498685097708,0.6056150391553836,-0.8131760530367776,-0.021435539945893367,1.6492843831220494,-1.043633659139072,0.1250779759687553,1.5144990901361843,-0.8472490233234012,0.10585574050765681,1.2170366384118005,-0.6443603225046418,-0.5681561102996645,0.7263765427232591,-0.765747081385499,-0.4207558147834247,1.5176075846514536,-0.8994676140747376,-0.25267443484178537,1.4306223634789277,-0.7860913481589529,-0.22850077964877896,1.1708667480140138,-0.6656233685591048
me,point,0.4945756157173756,0.13868126114947935,-0.2343102389870032,0.8643478659076924,0.5470740916187646,-0.47102958991784033,1.0126007911804902,0.9604463404757722,-0.6343621540310019,0.8867559701817977,1.155434598076364,-0.771087709862577,0.6567653134079973,0.27060727586164196,-0.949313830395336,0.8234103105625538,1.0189014741238833,-1.2160780966040645,0.8979442929789019,1.2223491583463921,-1.1828368062816,0.8843443304641946,1.139548253340157,-1.1011218029552934,0.2066187335867062,0.34450934286850077,-0.9157630761323255,0.33164115542607486,1.4052432130441324,-1.230266827072806,0.443196231846265,1.3992122377738003,-1.1291193786871403,0.4353833676797529,1.1145537549385627,-0.9907998202035402,-0.20784316890287796,0.4553083286771315,-0.855606359805294,-0.044948825643739296,1.4376609497603046,-1.0949765374350606,0.09272272732574548,1.3325546141072426,-0.8962110015058353,0.08393637575288163,1.0529106159864012,-0.6973175384218915,-0.5309154417038168,0.5600531781231208,-0.8000820062460208,-0.3935782454376402,1.319014249917294,-0.9494600843956825,-0.23691647275074176,1.2517689405907353,-0.8410456809538261,-0.208408270694054,0.9924742348812032,-0.7255907383675144
me,point,0.48793088092933945,0.1616433560276317,-0.21897864860293997,0.8473521305850488,0.5729109814949555,-0.44640691999845994,1.0090585938356316,0.992263844264641,-0.6019034393252903,0.9234116459708056,1.2584863865925306,-0.7320525704931365,0.6418655680382725,0.30636560493809223,-0.9297821677771191,0.8077728830733196,1.0273053103854701,-1.2038802339487884,0.9211417893484737,1.2934119414875314,-1.1787740055346527,0.9399912442726197,1.2815505740281845,-1.0998955577568068,0.1962072249679645,0.37811722953084187,-0.9047265253115393,0.31030365306053975,1.4569517339599654,-1.234180000781427,0.43475023811819014,1.4531678763879252,-1.1276487835780529,0.43100487452114733,1.1656646769492103,-0.9743468859019752,-0.22514997185673888,0.4928347843835503,-0.852937389611445,-0.07010511278487229,1.4789149794006684,-1.1080732378392737,0.08099146649461252,1.3728160681395505,-0.9017373751378172,0.07351690963203136,1.0885386351855542,-0.6883037386078609,-0.5552564138987928,0.6003611209257023,-0.8041368316839577,-0.43071366545378853,1.363243732739895,-0.9587651973943757,-0.2647000269115927,1.2932198293632418,-0.8396867330953647,-0.23538550549849488,1.0285438432984875,-0.7108199950759881
me,point,0.48192203057406574,0.14508907112911576,-0.2151380543679333,0.876329991356774,0.6027972989432687,-0.4471162868716271,1.0420391521921544,1.0428143456572385,-0.6053508619336184,1.052782459822799,1.2939514073640555,-0.7393687756965605,0.6728728683778646,0.2810905287279184,-0.9165626292265245,0.8143258071441711,0.9516487567985841,-1.2188801755134124,0.9474577855184457,1.252828039859449,-1.2627390590998055,1.0002353112106404,1.3372777556965054,-1.244247345878983,0.2295898171833492,0.3321648944538733,-0.9148524464295669,0.33049907194944095,1.444586256161572,-1.2931852535705792,0.42782364805718,1.427620085283855,-1.2350061476286458,0.4130285552989187,1.1692452024834836,-1.1091137548782566,-0.18377611631488677,0.45635264503254463,-0.8847254907863061,-0.05432452472412684,1.464548176054315,-1.1679744635965095,0.0899927408381407,1.34561812592218,-0.9801577845669122,0.10420652672410555,1.0764894188903902,-0.7742596103278797,-0.5028277624503381,0.5817249954037351,-0.858629639975181,-0.3899737666417233,1.3519143230498154,-0.9966768234587141,-0.23330718852260493,1.2612812694451043,-0.8636764790471438,-0.20034068008923264,1.0153969322092897,-0.7333304823221269
me,point,0.4852462448641512,0.032664551117095146,-0.10767766487200185,0.8545357532449736,0.01813844417254346,-0.2521406745727288,1.088593908437998,0.019337412658019384,-0.3864995648314102,1.3258813789444595,0.0461168472559335,-0.50560341405281,0.9977955022899951,-0.59294247427684,-0.40396833024186124,1.1575008435278302,-0.1731048954561117,-0.6288001231552746,1.109963237822817,0.157647871902277,-0.7416924839095456,1.0353007195690531,0.31669752985915683,-0.8033416096572655,0.6609417072189412,-0.5872512569652976,-0.46721731651469167,0.780357699092431,-0.03071423572780823,-0.6699419609911708,0.7906412713325882,0.31883753579111035,-0.7032240167855467,0.7634598424256421,0.5038582640523536,-0.7327114600761196,0.3016312775077621,-0.45709839291248366,-0.5318215597127122,0.39985777691872865,0.11152210628485522,-0.7043025038856733,0.42983870287832016,0.3693834016922215,-0.6598464425906354,0.40835887933693465,0.4584024778159508,-0.6272451216544291,-0.010436420263267349,-0.25520081790720867,-0.6075894537594795,0.07406622391185791,0.2017458626536653,-0.6976260247433443,0.12189589760508684,0.372356122050778,-0.6436674659835878,0.12468964949602448,0.39700507031608,-0.6019179770907819
me,point,0.5171177687651058,-0.03841565648957195,-0.08053272673415045,0.9667328567812983,-0.1267149934941233,-0.21421985134101665,1.2459113170196532,-0.17178765011971553,-0.35229816323031254,1.4159881091125157,-0.26559734071727237,-0.48756528880372624,0.9698637949092069,-0.6561479227720043,-0.38371692592541096,1.298108112755241,-0.40364979591085753,-0.6119260041768052,1.3124196939211452,-0.11477759251180421,-0.7364487734928622,1.2408183072802899,0.008045828403929494,-0.8083291087211371,0.6665592391936502,-0.5857974287186172,-0.46102077301596595,0.9293169792045454,-0.19081126439405585,-0.6526675243969264,0.9580469252936009,0.08131515175603761,-0.6820073608001096,0.918180776113428,0.15463914583416147,-0.7191605950936933,0.33819566882829516,-0.43556946714388106,-0.5411923954195071,0.5977283155720323,-0.05897005109235364,-0.7166749953310644,0.6273331531332642,0.14349339135158382,-0.6798991009461363,0.6016681246754958,0.16603787231650508,-0.6595080391337248,0.03210562363664294,-0.241988938650018,-0.6274632007121914,0.26923670061153515,0.0779347984226726,-0.7487173160217944,0.3296678348494562,0.20272708482663188,-0.718341493339001,0.3181522936506331,0.1914764248939143,-0.6958887696744688
me,point,0.36142252430499133,-0.032142435789524366,-0.008840453710674894,0.8063379915003842,-0.16326954691735343,-0.06194117954396673,1.1316763089365567,-0.2759433201513004,-0.12259408029574463,1.3742258504664058,-0.39926118061890237,-0.18414168352858706,0.88852279251856,-0.6740284784047592,-0.16169330340581328,1.155533317018379,-0.5048421295968893,-0.3156139252638639,1.2075814645055363,-0.31133467868537584,-0.41501847839386063,1.1631272193503508,-0.20828569686406756,-0.46459436827446715,0.7125304369687862,-0.6631354984820925,-0.22924154738174587,1.0103295692013154,-0.5236460516292624,-0.3461066017648719,1.0964373846798878,-0.2898825454977,-0.39928596740556,1.0652348377715002,-0.12084586745285378,-0.43758339650615036,0.5040306853363872,-0.5569241154356948,-0.2935132481688412,0.8041713962240549,-0.40605237021985885,-0.42648003670129997,0.8605005214814844,-0.1476228224712848,-0.43538037575832494,0.806559543036457,0.01327227760922512,-0.4287134855064284,0.2858499312328342,-0.3987678933015238,-0.3522216417137401,0.5717210298098792,-0.2686751597274612,-0.45335139219509324,0.5909621456974722,-0.07647496871549805,-0.43419453409709474,0.5145320399920653,0.06062733089396217,-0.4046268117399191
me,point,0.44439469321723873,0.11755249274289284,0.00042669235867924977,0.8620853620873743,0.002314796813442314,-0.013224613130707243,1.1488352000559046,-0.16092221772516788,-0.06679731257433723,1.3347974007811623,-0.3531617383399575,-0.11739253495540027,0.9585488941090908,-0.3696924687317372,0.09937408295031813,1.298559726181297,-0.5410080030626438,0.004970956050384737,1.511606814862466,-0.5202484319806737,-0.07551174985953897,1.6392144083787097,-0.5036691210545222,-0.13044614642420857,0.8754031393297971,-0.4833161384088704,0.008651820910854745,1.28037164095249,-0.6889405445117615,-0.15469624592099504,1.3055697173632328,-0.39944257525352606,-0.24927363504854172,1.1774100855825367,-0.18999117555331824,-0.2788330179909453,0.7576909970430179,-0.5794089460023758,-0.09837013740375503,1.1707198797800085,-0.7329722339826603,-0.2879296379510161,1.1559222198328805,-0.3882406772311046,-0.3329985874801223,1.0055837991470191,-0.1767689546172423,-0.31479725080425197,0.6048639302840756,-0.6457482187180631,-0.20501596585469445,0.9604500998866656,-0.6715433883132739,-0.35757841702025966,0.9642198326439196,-0.4289939830131098,-0.3806282758172504,0.8333408580383312,-0.27218513602931793,-0.3673459735496266
me,fist,0.32239868557188117,0.14016404302317784,-0.20033403320367082,0.5716999587975852,0.4885507974774761,-0.43996583561341474,0.6191672374602306,0.8181221464615747,-0.600013773644826,0.5819979674943102,1.076433488886444,-0.7212367380421746,0.46577423992327743,0.09632950640576353,-1.0209588768030011,0.4110189890948469,0.8083360474386481,-1.2183389321212916,0.3542915187626108,0.7480351913416241,-1.1350099044436275,0.3500405076261114,0.5260973928704936,-1.0402037739158423,0.09541567975311203,0.046639350338522324,-0.9943443161487132,0.0773961532751982,0.8793157562018916,-1.2175224773049862,0.09692276324998926,0.7577203234957552,-1.046679880668449,0.12473599951101544,0.4954834351061478,-0.9167397274814939,-0.2167503196265527,0.09774625515108962,-0.9325715619787863,-0.1899896629727197,0.8652381063148431,-1.0375634138067875,-0.13911536440864267,0.7405969162234276,-0.7876480784426819,-0.11908980982388713,0.4931973386734767,-0.6281917527193759,-0.4521798159404832,0.19169409080406086,-0.881170552915826,-0.4303481782451219,0.7598866365068099,-0.922637645930142,-0.3469072073761834,0.6976853085748669,-0.7902905802731959,-0.31367698386919995,0.5039588005959836,-0.7114282656790035
me,fist,0.6616036897953678,0.3953394612965025,-0.42605821156237866,1.1219964082297338,0.9179302061718706,-0.7940092662964465,1.148642600294056,1.3843793920441718,-1.1176719057040074,0.8195234857025255,1.5384369348994038,-1.4328042921238973,1.0653571967885949,0.13088305704541717,-0.8948523982160957,0.9236684383489678,1.2175654921372328,-1.2746416899868735,0.8267557860251736,1.4687355652900178,-1.5092783645493997,0.720974829655185,1.2890313635723343,-1.664338522267625,0.4329528911311023,-0.05621670136788812,-0.8996618678973415,0.2639911450880722,1.1943928338241303,-1.144572657310385,0.30864054476517927,1.317802611813746,-1.1677580006006676,0.3447051532193943,1.0487525258265524,-1.2460486047582853,-0.14648109981835264,-0.012164140617086205,-0.9190705996482983,-0.2038217833308982,1.1382725597827723,-1.0805049225662637,-0.06847594348055633,1.2275335192050594,-0.9146236909814832,-0.009100216962323694,0.9636522389193438,-0.8369939239683731,-0.6165088109196639,0.09806229108896283,-0.9994738616719765,-0.596363060494581,1.0442760188796503,-1.131590120665568,-0.4457068115205262,1.122146728792645,-1.0108641111812688,-0.4136186925793958,0.9244341594714592,-0.9318872282582454
me,fist,0.673877003097789,0.35419800726376527,-0.23764444464299578,1.1822564138141605,0.7907084499704717,-0.4892386892470218,1.2678431409188804,1.2106540784051512,-0.7085836541160976,0.9462564969346681,1.3519132800812452,-0.9164118388378345,1.1375620671005715,0.12024235298730748,-0.7318215836444355,0.988666356309459,1.0128493242456262,-0.9881981182144177,0.7733770906847851,1.1274643236935424,-1.1008426332793333,0.6527075724959752,0.8965119775972595,-1.1805101373548745,0.6153006605558514,0.021781255203314802,-0.7879915443970836,0.4908297463110184,1.0247731677026322,-0.9533119977671146,0.40478081826069284,1.0470997401844608,-0.9144243890283914,0.4309353754710785,0.7827641395471368,-0.9399537203760524,0.13433980260314715,0.07921503330098359,-0.8411849282086997,0.0719753226998013,1.0275823001616737,-0.9473102999547671,0.07429459629113734,1.019070218218945,-0.7972889545041764,0.1264123863229504,0.7642738206571736,-0.7333155391376498,-0.2700921551659057,0.18958639507249767,-0.9304056781707566,-0.25425942042987026,0.9600576931375009,-0.9977747450247703,-0.2071217671753224,0.9721908956594735,-0.885084822494964,-0.20344711283448846,0.7779212944141091,-0.8251776919435398
me,fist,0.6325736176333503,0.2774271734329713,-0.18173212529514654,1.1395168811560796,0.773535505513843,-0.3996806631649827,1.2402792151738875,1.2179288150863727,-0.5654550045757757,0.9373157394029541,1.2759917771761315,-0.7057461592193893,1.017136026081324,0.1756925696956988,-0.7973012138034787,0.9604311714091748,0.9701753470313517,-0.9890180449317169,0.7805319904070033,0.9409983544774426,-0.9824867324690183,0.745894575277106,0.7257094328837951,-0.978681309808895,0.5289959971146008,0.1432402136931935,-0.8364481312178643,0.5204977637884899,1.0678114410974058,-1.013542087685144,0.4185630817263017,0.9672014555655589,-0.8992166749305204,0.4214851798668503,0.726230913624267,-0.8503406103432504,0.10180903648612896,0.2064773483247769,-0.8558136748765832,0.1286231440126485,1.0840019184691159,-0.9409268136963407,0.11507328773121869,0.9818824445304339,-0.7568469503002097,0.14208024960702836,0.7514512315283921,-0.6659104486290609,-0.265263868973177,0.30064399909707956,-0.8957647110777917,-0.17578319188993047,0.9847957707005801,-0.8959477614601613,-0.09955515609094683,0.9742535392711232,-0.7705610230275567,-0.04882349726463738,0.8074458790968512,-0.7165857991453601
me,fist,0.598804445281591,0.26398452016848617,-0.18833405514481422,1.0308821658903793,0.747782483403891,-0.4215617291050835,1.0799236703551178,1.1782880784348575,-0.592852304827273,0.786296821382662,1.2165081330288816,-0.7343281706469191,0.890640696874097,0.1257909286444321,-0.8809007159666981,0.8376069469995284,0.8991141661773807,-1.0489932939802133,0.6994832228822804,0.8673788028178083,-0.9922991144157994,0.6803224366808138,0.6556125911906481,-0.9489792681877092,0.41394045301535487,0.10196723217047701,-0.9045750300118475,0.39949840876914294,1.0013358152969172,-1.0577124973788823,0.34315832780367683,0.8931050712506389,-0.8970231880516157,0.3627652695258428,0.6495196553757392,-0.8203694619903759,0.012364881573669896,0.17800615617316387,-0.9020909869488462,0.03260694758897441,1.0277598864003061,-0.9506750077253675,0.05461097935204113,0.9249739451559563,-0.7294967694432736,0.08364084019790781,0.6957301760865753,-0.6239421493663692,-0.32690464815212483,0.2845115331667374,-0.9215285040996751,-0.24457949369592244,0.9386161087385928,-0.8886910096289107,-0.1502098829758382,0.9187299463599177,-0.744463208257272,-0.08936604626724025,0.7499212663283154,-0.6857061195937311
me,fist,0.6046495903386022,0.27394407031005646,-0.18284944650210608,1.1170212611213597,0.8231350409307243,-0.38635983169806326,1.209004720232903,1.2991047610035125,-0.5247079183010261,0.9521512312138039,1.3237016560313626,-0.6242218358561253,0.9725157166291348,0.2139902704627966,-0.8403455667171715,0.9524341441897012,1.066714255745147,-1.0320826845744286,0.855251962314197,1.041947101168954,-1.001670589435324,0.8292310544781663,0.7984117798565897,-0.9631233028056216,0.489815003467918,0.19082375247287248,-0.8506865215047758,0.4814945275979292,1.1497993406815756,-1.0332359879812754,0.46084266768481763,1.0345527191428407,-0.8896360012101392,0.48130740612129214,0.7341845637618534,-0.8076946405306311,0.06978318866244489,0.2659416747061043,-0.8384635261991721,0.11015392553011988,1.1958387035445137,-0.9055042567262896,0.14952396928360526,1.0781653421543147,-0.698168739816209,0.1889824561473665,0.7961175078386916,-0.586791963626355,-0.29463155678761893,0.3765906979440445,-0.8447154305700676,-0.20255965456579952,1.0935542465104684,-0.8166699103476178,-0.11022399766793488,1.0417992804512601,-0.6785577267142372,-0.04594895143418432,0.825121467938671,-0.6152791089046408
me,fist,0.5748684888047086,0.2726624692421199,-0.20546383239047758,1.0654173120900186,0.8451863207418578,-0.4194291162987937,1.1156424939656273,1.3229034035012424,-0.566061110251439,0.8381280492971926,1.3405364464210012,-0.6748063498106803,0.919671770543636,0.24590320014596587,-0.8639156319990078,0.8983927443176478,1.102042711795716,-1.0798621468051863,0.8121146768179763,1.0484178774735753,-1.0708905450235353,0.7895624418015674,0.8075324799270576,-1.0443243935897302,0.44791665012515364,0.22312573717798767,-0.8657861051954117,0.4491004972181906,1.1810260119883311,-1.0720280829570679,0.4297805242968001,1.0377380473848665,-0.9435589842625318,0.43760162679085174,0.7331689580389109,-0.8676241424404328,0.03988892536831357,0.29886798239719775,-0.8476422937400236,0.0950795433676444,1.2277492183659582,-0.9310591586126031,0.11981293328346046,1.0711986621956107,-0.7251408890404492,0.1385639092745709,0.7807708660633337,-0.6097716159639897,-0.29982621074407056,0.4141322619924746,-0.8501941173127623,-0.2118199192805653,1.1317630315379772,-0.8226132677131108,-0.13929117801581492,1.0412555895342148,-0.6787831407415541,-0.1001890524320462,0.8032237741201872,-0.6123077426204968
me,fist,0.5615058885463089,0.2271141688483074,-0.18148747894509767,1.0231685675434716,0.7798954898446376,-0.39442737935297556,1.051620085905458,1.2669137063382774,-0.5418201879841272,0.7815943411205802,1.3150102086589974,-0.6485378607782207,0.8621425272631718,0.21358846150030483,-0.8955110490406423,0.8459031549386572,1.0730883747993325,-1.1080956126812844,0.7712884800184343,1.0305152226130243,-1.0784615230996462,0.7454999039231183,0.7896983725289626,-1.0343802200316765,0.3891990130143869,0.1867937324763963,-0.9020156482989437,0.3999523582293858,1.1534517760183138,-1.119661174896913,0.3959406886497431,1.018686307564985,-0.9866147226112614,0.411144298010152,0.7258477625716947,-0.9029581363829673,-0.01655573561785491,0.27528753960559105,-0.8799093709908857,0.04537708528432906,1.211325472846854,-0.9651857503539457,0.08144942934271063,1.0559198487114227,-0.7469900523014216,0.10941725176033389,0.7664203744778428,-0.621997398946687,-0.3409274650532608,0.40074741709685385,-0.874645255736926,-0.27082436600761184,1.1168602431915433,-0.8538644360450571,-0.19590169442659974,1.0228846576334254,-0.7096202265544437,-0.14941655324377778,0.7924742643350737,-0.6413353013450664
me,fist,0.6285040042303316,0.29350662055429555,-0.17939899974017787,1.1464743513666042,0.8786451984148974,-0.3771352278011538,1.2163416032940757,1.3716536464448503,-0.5137152832068869,0.9094472257172307,1.4449908431116567,-0.612366778630088,1.029799097178804,0.2989421150693762,-0.781683852662492,0.9988606371944273,1.1801408476493995,-0.9855190811879742,0.8726119106247994,1.123124744965882,-0.9824181700481335,0.8511102845593891,0.8856849601836909,-0.9595133245877684,0.5447783745505466,0.2791285090504263,-0.790761530461207,0.517242157416527,1.2604910545787162,-0.9692811226549802,0.48803074724034157,1.121793960418709,-0.839963312378628,0.5158313241313224,0.8170885419918761,-0.7650523726127139,0.11825455336898223,0.34624104176680204,-0.7816509963252879,0.1612311911807316,1.2949918548895134,-0.8456489677742581,0.1910952009230117,1.159274878529438,-0.6499849525461308,0.23493502067082747,0.8774668974535379,-0.5422829080953298,-0.2477127747565176,0.45042889860249213,-0.7903690378485105,-0.1482626096835557,1.187100766460979,-0.7385895768167031,-0.07291171052969418,1.1218021916514116,-0.5873668100725191,-0.012858831727809524,0.8945713990092851,-0.5149955485633484
me,fist,0.5650265100411027,0.24606874402062612,-0.18207951478337425,1.042980823593102,0.8224370851679922,-0.39051393568046006,1.0859203353683302,1.3118042583946876,-0.5360094705718176,0.830848854062616,1.3270912516159714,-0.6437621497507229,0.9163330069275473,0.24211602425190243,-0.8503998388026829,0.9083317925219304,1.099351991487342,-1.0648997616903881,0.8046474719015987,1.0652165443394523,-1.0590639822754984,0.7669092310396378,0.8287913330033074,-1.0333344518567542,0.45912853258650327,0.2214735973581819,-0.8603199615481382,0.4477377439358963,1.1804379243064012,-1.069582898592686,0.41958006645787105,1.0514689047255619,-0.9497156349368264,0.43266189684506706,0.7440504385950568,-0.8766531213112557,0.05571422051812681,0.302364903873908,-0.8461555139884155,0.09334090238559983,1.229385837657654,-0.9272956880212215,0.11252570534294873,1.0813779514060202,-0.723587091393479,0.1420072429749861,0.7892402584809193,-0.6088439838303565,-0.28131593540465133,0.41996594152903266,-0.8500626203073546,-0.21480885034306457,1.1286267971937427,-0.8273429087554819,-0.14595835757832148,1.0455173527570398,-0.6879495438515831,-0.09502699486224155,0.817313999185514,-0.6225275505924968
me,fist,0.6177793702325302,0.2164253089829801,-0.18724200744372888,1.1044093114212494,0.7667574540919647,-0.40908993972522195,1.1309196461729019,1.2764297658339445,-0.5690472298021199,0.8174852758490098,1.3419824035179935,-0.6911955226799912,0.8698044574845286,0.15155537192390545,-0.9048090320228587,0.9053496284758024,1.070469535913974,-1.1177252934204425,0.790864118295402,0.9782143780255413,-1.0922885362872043,0.7631306390039627,0.6949056805097028,-1.0549633288661069,0.37415663974619695,0.15418660934711192,-0.9144579260041852,0.4427220347765427,1.1650127168092672,-1.100406818245219,0.4058569320490514,1.0045589902890455,-0.9385773099751292,0.4149385536404217,0.6841153701499258,-0.8524138972928599,-0.05072891828872671,0.25762419732466746,-0.8983574051187889,0.058426278285224655,1.216818356107229,-0.9485418588765371,0.054800559728904324,1.0262683438280211,-0.6912743998589554,0.04950796681230302,0.7070813489960338,-0.5595405559798989,-0.4033188267166702,0.39396716592317377,-0.9040777184933326,-0.2905731468044344,1.116864887894841,-0.8532757711946103,-0.2395469953278776,0.9684616059429098,-0.6772781232705808,-0.23183647695120024,0.6831947221500407,-0.6011057955564144
me,fist,0.6048109519062467,0.2152151240840976,-0.15317519872586458,1.0538599305953193,0.7209026129325136,-0.3666921394789813,1.124508790472976,1.1964325183108235,-0.5307163639470811,0.889867752825258,1.3456025695951954,-0.6578303755663645,0.961064651343317,0.1582433136819018,-0.8215303778664828,1.0005616415746397,1.0324544862959826,-1.0201981037418253,0.8615030344549676,0.9697862385994603,-0.9955339586870036,0.814161129209859,0.7149596457495228,-0.9626469736219608,0.475051210104994,0.175051752115862,-0.8623707044299148,0.5496480481819518,1.135544885781761,-1.0431599456967486,0.479649309714331,0.9861849605458711,-0.8949941701167757,0.45875500842580064,0.6750342724670607,-0.816629019515071,0.0430908870525247,0.2729400865773946,-0.8802009184716396,0.18032746256677154,1.186285636841808,-0.9451518827296891,0.1336852617912347,1.020936487398265,-0.704370201907212,0.09418477157923887,0.7293371288571956,-0.5801768877015315,-0.3318840631726404,0.4102609532928529,-0.9164835410360038,-0.1947829660769497,1.0937583977763567,-0.8959148108663394,-0.18214657752163577,0.9498752860475541,-0.7331412826169068,-0.19262464466184703,0.6760875479008835,-0.6587727453626073
me,fist,0.5063216330962186,0.1777368912449556,-0.17039096261228368,0.8893018969970816,0.6389176786090038,-0.3873779139921233,0.9992534873505268,1.0610082031460055,-0.5466958804056223,0.9567347785862761,1.1642625474343262,-0.6581553526974923,0.8718005147396909,0.1422553239677038,-0.8666601862180505,0.9145225682293894,0.9667615588661929,-1.0636926739253671,0.75942225421898,0.9133837704341906,-1.0028588673384815,0.6957376488470816,0.6641512777178963,-0.9336999795598395,0.4361922119160514,0.14342549879669686,-0.8883498638254532,0.5096142016639015,1.0459989384310908,-1.0932970399756503,0.4210569004044352,0.9101703851105893,-0.9392273874594235,0.3966135177517866,0.6155331698478763,-0.8413746062720568,0.03977611361294469,0.22577930461081017,-0.8863614621409492,0.16554846226776085,1.088247845104325,-0.986462279867564,0.1081928604763924,0.9351775443811768,-0.7438652218064731,0.06574148440268744,0.6590459784553431,-0.6010111082217466,-0.2998822971908391,0.34651072405523475,-0.8999040861903983,-0.18720642617791647,1.0196573798992694,-0.9188574305867158,-0.17133691900859035,0.9109286858715147,-0.7757085344827805,-0.1746539966756319,0.6659848142141452,-0.7034709940943192
me,fist,0.5670110188171305,0.22652033405570624,-0.11208036860086028,1.0326453124303177,0.7310716745888587,-0.2939887512405198,1.0327393965268137,1.1573059686003955,-0.4576057486398933,0.6990942249425608,1.2433916204598494,-0.5902729675952791,1.1182423319907127,0.28491924025486365,-0.5640077005201984,1.0746070664074265,1.1056600965911711,-0.7774187059900883,0.8746171202617106,1.0113994998117681,-0.8337221729206656,0.8350916751980655,0.7900227692401871,-0.8583804786887966,0.7417503738785851,0.24235350218453378,-0.6253568284026891,0.6635551304556484,1.105362472293791,-0.7851016849225199,0.5300206586212757,0.952732324294157,-0.7036197333543395,0.5389593886080546,0.698574694290289,-0.6648310334400274,0.36144442923002457,0.28800040181265096,-0.679866153592868,0.3087068359856063,1.0980800298561535,-0.7425041842093769,0.21625217232614943,0.9298165498302888,-0.5757883381828944,0.2234063912280768,0.6860329878995071,-0.4892133440722098,-0.0005867291686995631,0.38032190313868136,-0.7509850876478524,0.028838874565058285,1.0300768598104566,-0.7129573947266546,-0.026596907341731965,0.8974199505953034,-0.5682530910371526,-0.04484823430241577,0.668000511412628,-0.4973735652014671
me,fist,0.6355488831132371,0.32207439921630593,-0.17208552244849462,1.1539535226185322,0.9474530470209993,-0.38568338449258194,1.138417112764202,1.4534990225807267,-0.5581141952159884,0.688861668573509,1.5326788971565528,-0.6902093290417344,1.0413757722268473,0.3534418265737688,-0.7424673952281512,0.9337557325070011,1.2667718269495079,-0.9907831187015861,0.852415352066744,1.106303535167983,-1.0235687839953518,0.8875660911311034,0.8212636915884092,-1.0200760483069902,0.5770081184335685,0.2904556669055057,-0.7633460138261225,0.48035082800909756,1.293138240939667,-0.9387042360826112,0.4231161622164409,1.1114104908195368,-0.8068112437188856,0.4540430966372757,0.8534031761420874,-0.7411889204744532,0.1556675160508374,0.34730882101915067,-0.7764397036973009,0.10905082050586992,1.3373168454103082,-0.8576060520976799,0.09229715695005095,1.1333864594484504,-0.6530790595160604,0.10810114759842777,0.82499742917498,-0.539901380142634,-0.2138546918240874,0.468420114150437,-0.8092594138688806,-0.1645394917534447,1.2700952341666367,-0.7704166720572002,-0.15362183698920887,1.1058573680850527,-0.6142245961126767,-0.1577678461005357,0.7989219645024548,-0.5434554488729345
me,fist,0.6013095951987456,0.2937151119904435,-0.21889896743078416,1.0392530036012768,0.9736411340393248,-0.4407524811071946,0.9713437773539085,1.5058061231002988,-0.5743557981031507,0.5905663267521368,1.5286260454388063,-0.6687951355568428,0.7561015331968981,0.2954384950569771,-0.9617944770620755,0.6539918925948446,1.2299532545928868,-1.1810437012010881,0.6563074331724262,1.2027660487595764,-1.1709939701509189,0.6831038165481473,0.9539885832680792,-1.135729591895479,0.23483645650308244,0.2676742787073297,-0.9344529518470079,0.18353388535787404,1.353110244226665,-1.1404891225651954,0.265558760943566,1.2284876703769272,-0.9940521768674089,0.3221651797614915,0.8909079489880941,-0.897820320064394,-0.19609059400293596,0.3472434665218033,-0.8762443259202357,-0.1734801800962213,1.3694359300754506,-0.933803730657866,-0.059847125834827215,1.2467133292553358,-0.704801491597748,0.010227670745460698,0.9356441479558982,-0.5740846519008018,-0.5314864486890005,0.4557398899332784,-0.8383423459868025,-0.47844564742303697,1.219480232527159,-0.7832704976973811,-0.3377997277377522,1.177556425557502,-0.625367464466276,-0.25716312670689656,0.9601953267987842,-0.5532860660124103
me,fist,0.5747656841708348,0.23665623712242195,-0.17899956465202124,1.0409481755020498,0.8451252760731891,-0.3804247370401141,1.0615149132578532,1.3828776994255738,-0.5287286354599342,0.7394710532535527,1.5069446053576192,-0.632643194057967,0.9399628336898833,0.3922949341386107,-0.7881524447424827,0.9117920405072869,1.3019050002054757,-1.0117309361299627,0.8050391454728031,1.1550843057504725,-1.0096511932695658,0.7958428155609872,0.8723013912344117,-0.9836592018231836,0.4877890300126789,0.3539597837381692,-0.7979814118733081,0.4444071647859028,1.327601366124241,-0.9885835912761779,0.39156528267538443,1.1237587165128444,-0.8555890482264373,0.40548654470233914,0.8248656560846881,-0.777866396692139,0.0797857553237396,0.41260510588082056,-0.7916437589571413,0.08836305539236997,1.3490628064666075,-0.8622651934292936,0.07259217731688128,1.1274963735830943,-0.6364598162107187,0.07260162492496634,0.8135943071165178,-0.5104472670494538,-0.2651286487183609,0.5126472379843156,-0.8057818224382869,-0.20665810732528322,1.2255794665951596,-0.778530972466839,-0.18248745960771784,1.054385000848762,-0.6248678831084977,-0.1868875068119912,0.7822644876066128,-0.5503821654159408
me,fist,0.5382390063194965,0.2553693814304003,-0.1990625139530082,1.012492663334782,0.8476407219394376,-0.4118298059601036,1.0706899455845922,1.3675286844482764,-0.5551378174585039,0.7145142861462429,1.487859301339391,-0.6437371579555596,0.8464597572983272,0.251793203068571,-0.9163172002534522,0.8174357269281757,1.225386931379346,-1.125601931035858,0.7525949601083859,1.1002358789288635,-1.0529189186273473,0.7279650713146033,0.8232715984781374,-0.9696283716088723,0.34998043509154014,0.2312430780002892,-0.9077666737273894,0.3440768032752853,1.306998810877695,-1.1132679988720384,0.33627916032338817,1.1120447062598262,-0.9333746186725582,0.33313821136428845,0.7806599220940794,-0.8082019722910594,-0.08296835067534225,0.3246291600781436,-0.8754034025419416,-0.048884489958864234,1.349451660176035,-0.9720121926694341,-0.022653522872953198,1.1412490087230502,-0.7208676266115007,-0.017598904854803085,0.7899753205491137,-0.5623758052879176,-0.4209224554273016,0.4597715754863083,-0.8601743943852862,-0.364652096442476,1.2189112093148153,-0.8622364658737018,-0.32654163774789646,1.0760910345028107,-0.7184880498753111,-0.341287165235275,0.7949333615723382,-0.6470834726448096
me,fist,0.6812407046682659,0.18922218623111195,-0.11589165946677801,1.2485478147940554,0.43540997404911447,-0.2822786983417344,1.4487017552264663,0.7341539057903245,-0.442529161986477,1.1941422380271292,0.871324365313983,-0.5887532787591648,1.2009466514392106,-0.1410210155442853,-0.5002275564995281,1.240900605495827,0.5250042826418501,-0.6692730541004765,1.0689686935637914,0.6770949438769355,-0.7071169807571668,0.9438778775309956,0.5959274954087006,-0.7414958141742869,0.7910404629470956,-0.17218756217188638,-0.5870318810880271,0.8206450903429046,0.6716402965144163,-0.7326195706298185,0.680561555958785,0.6643952249465257,-0.6862075638324291,0.6674359148742565,0.45260436738982435,-0.685838711369067,0.3939238312904322,-0.08259150852631907,-0.6674982707390047,0.4004209861409537,0.7266412594548995,-0.753818860219385,0.33742781049424714,0.6472590000335406,-0.6454975494785623,0.36677597975537585,0.4322745018999854,-0.6059489001000156,0.044008422732211845,0.057855093794183236,-0.770223972627455,0.10586085087964754,0.6956888695887056,-0.8083298511036661,0.09634669357779653,0.6177187456977472,-0.7366206536150799,0.087884221449211,0.42304743810474976,-0.7102249198505061
me,fist,0.6077184052542279,0.16728993239104697,-0.3312755357939295,1.067498820571061,0.369498002539885,-0.6009254317416518,1.141640968704704,0.6293404562151802,-0.8276757300508479,0.8125875888287649,0.7461074290690399,-1.0424700373700964,0.9024702215042943,-0.4572200206212416,-0.7466488240393321,0.8720544969592547,0.3467695341948699,-1.0446639898247598,0.7972037527967574,0.5781887391446497,-1.1989566225658097,0.6835836232537007,0.4541392262326328,-1.3050817272618709,0.3610442497730449,-0.5581719198775461,-0.7470549896533946,0.33076736115935534,0.4101360709795099,-0.9537622606712,0.3578463223610905,0.5454223624481633,-0.9811125473979155,0.3516632657254135,0.35313561607638977,-1.0547421308233802,-0.1051765230815833,-0.43544409055804817,-0.7535892886594113,-0.05090264290249328,0.46984946773304,-0.9088594924588439,0.005118752295124539,0.5442395931368427,-0.8232116690888842,-0.0028550684753924295,0.3308378760229078,-0.7942653176005819,-0.4599723724453926,-0.23067750610998017,-0.8024028895542376,-0.3217680975730882,0.49573852978725086,-0.9246226201069155,-0.26173330974145553,0.5636866523064421,-0.8714113989215617,-0.3078752591559742,0.41692124620007687,-0.8429772987420442
me,fist,0.6158373883519886,0.16808555118045282,-0.31399113356698766,1.1079081634844434,0.3432655860615735,-0.5589587041390378,1.2120746397393785,0.5595498492727791,-0.7612248535923004,0.887944881062093,0.6709236150357223,-0.9470291046330696,0.9530438477080702,-0.47372714718325537,-0.6868140343949506,0.9360932947160148,0.30495862007786734,-0.9676761496735701,0.8362542334630887,0.5004621235229563,-1.1094196074752085,0.7266947184551436,0.35921298617908387,-1.207548889456409,0.4578689024008401,-0.5589869534117173,-0.6912956343922161,0.43981500187516004,0.3615855269844746,-0.9017164081892085,0.4345596987935883,0.44671143571705574,-0.9240695770961416,0.43218310048832237,0.23879362758630654,-0.9828326297478444,0.021698632035177006,-0.4384040885401863,-0.7066318872987978,0.05974672221603623,0.42086165232309614,-0.8708109068426724,0.0891554813113201,0.46001959665900155,-0.800695993053706,0.09539394220048435,0.25075294397515296,-0.7727848535069447,-0.3185488320922174,-0.23818237071321904,-0.7614207102078968,-0.208555347367893,0.44152397695772116,-0.8935422639812143,-0.17316210494319922,0.4639573454567816,-0.8634021313949165,-0.21203529320678366,0.29475981998621265,-0.8469485673064909
me,fist,0.6191532930626402,0.17362738479537648,-0.325099508448312,1.1030098653256226,0.3663499903479992,-0.5901625425791468,1.2086049540057886,0.600992128060296,-0.8118627015994773,0.8918562057223546,0.7202823741718727,-1.0178271308649587,0.9161299582557475,-0.42444895727559834,-0.7423905930587775,0.9095173912773972,0.36902163516069925,-1.0316607990077333,0.8057727258184574,0.5552326681568517,-1.1695032782114625,0.6923060634261651,0.39379094506924933,-1.2650451424899065,0.44205244192153004,-0.4981239600946359,-0.745963912646483,0.44196913578822783,0.4261436094393485,-0.9667110437959369,0.4264525125757627,0.5015340196317174,-0.9823245246531146,0.4107966654144912,0.28029375611441143,-1.038392405315263,0.026394778040362613,-0.37812429236072154,-0.7584987754061814,0.0703524575161698,0.4820844625129598,-0.9275006727384465,0.09473661920568575,0.5181850469967266,-0.858067292990883,0.10518868598534069,0.30108876434499493,-0.8353357024560005,-0.29934546938765566,-0.18309582581786482,-0.8109911967682962,-0.19334069712042823,0.49682793633758604,-0.9388350142346666,-0.16275407998208904,0.5145040998789243,-0.9098403430683352,-0.20222977536824727,0.33994807993321,-0.9022335230949228
me,fist,0.6184610512350226,0.1618059846700695,-0.22576963535607641,1.1096090364891125,0.2929936670788096,-0.4208253125032432,1.222555302593022,0.48106239939184386,-0.5880739594380194,0.9362187804967145,0.5842203760845898,-0.7404933710020265,1.0506695368283336,-0.4560321094573378,-0.5689255481914577,1.0402520897623166,0.28530188823004915,-0.8045636256124593,0.8945511030572382,0.4166235420370915,-0.9192529710862052,0.7799130110431087,0.24316283727394658,-1.0053140601456827,0.6162367698215551,-0.5026418868985878,-0.6063030406116423,0.6194898143703855,0.38426202847938884,-0.7829175152045409,0.5509188859509111,0.3983052785244707,-0.7931546846577759,0.5431658272257238,0.1580780375697486,-0.8442547137116463,0.20382518036732655,-0.3870132904448193,-0.6508525872881583,0.24482913539926102,0.4388950501935593,-0.7835047202206349,0.22871523239302383,0.40869528487079604,-0.722684475848682,0.2563463220775357,0.17741929243173954,-0.708739972816529,-0.14479715800023468,-0.21530499885400192,-0.726606190050191,-0.03858534582949676,0.41808594769950475,-0.834719525361677,-0.025116174110079437,0.38468432532425895,-0.8129737444550709,-0.04524394200390547,0.19311017299715325,-0.8104340926549549
me,fist,0.6116722039856565,0.1761233233349162,-0.3452024005042505,1.0639442377276953,0.2873932575600489,-0.6022298740634087,1.0228581734441429,0.5508008429145442,-0.8061432160910972,0.6540672553221334,0.7550133153657898,-0.9991140901762603,0.867900384869031,-0.501392376375681,-0.7544304097866278,0.8068780527691566,0.3235654085858298,-1.0964252903997822,0.718153856987854,0.470144047902996,-1.3035319628500646,0.6645298253499289,0.3061495991801943,-1.4420403211870707,0.3685240186244203,-0.5679942589310015,-0.7359161429934324,0.3435364103681149,0.4448813109765139,-0.9723558382848697,0.3381428735013662,0.412654636747828,-0.991974322886436,0.33893630289168125,0.11312931577128688,-1.047341704737031,-0.07960270657952294,-0.45867762168417825,-0.7319963823606735,-0.0017840846169781808,0.45802350532812636,-0.8995559143777112,0.03033245585191117,0.40665536420219833,-0.7877485466061741,0.04253014691978898,0.160860985530782,-0.7245756574034231,-0.4431423153676716,-0.28299507340598207,-0.7766805837816888,-0.2788058759474195,0.3945080768164192,-0.9427810149225178,-0.18050196320408768,0.344244084922424,-0.911675291153131,-0.1826285185535839,0.14436406610920244,-0.8817086905991741
me,fist,0.56134489283436,0.27043857617223616,-0.46558719536480664,0.9062388082403061,0.5910663911960183,-0.8322896108805282,0.7917349108718648,0.9256608641303453,-1.125976069222318,0.4001977879381763,1.0364784554115887,-1.4136296563386441,0.7136008867188441,-0.3174107389614187,-0.9683179500764437,0.5158469732887578,0.5234854963110299,-1.3961400569792815,0.5793207377963653,0.655537623211592,-1.6797125464204168,0.6071349823013513,0.5049855262782679,-1.8640797652704848,0.16984157468496447,-0.374473403490731,-0.9115500587387397,0.08287967257657823,0.6753666192839796,-1.1976800159344325,0.18639248762333469,0.7008560302977456,-1.23695227134415,0.21558759720100254,0.44513566482971045,-1.317073081145461,-0.27970003066900234,-0.23548525924148514,-0.8722113256170531,-0.27022774901305185,0.7337853612260624,-1.0773716560058286,-0.14483674921746964,0.7066024663420124,-0.9490207756998083,-0.09634257883547137,0.4597221274236982,-0.884124191967584,-0.6387778449988403,-0.041969469727915,-0.8929098139425833,-0.5313575590819333,0.7048822706555683,-1.0780438279220825,-0.38646436794783157,0.6818763794307191,-1.033519154152844,-0.3420576336380793,0.49970315144695143,-1.0003568871327582
me,fist,0.5480626146911185,0.3025176305504559,-0.43660501063984347,0.9092650240205951,0.6917542742013245,-0.8066061636760831,0.8225588863872049,1.0982171499355342,-1.112172994325039,0.40045353719963234,1.229729531876682,-1.4167845262698724,0.6512033336514469,-0.11173726450449933,-1.0034673309079023,0.5472452891868658,0.7416682696072942,-1.4191408129212082,0.585841368148971,0.9238290056918734,-1.6771394211205652,0.57099603085808,0.7871799980844569,-1.840138871944835,0.1103771885442159,-0.2124182359601385,-0.9709250070322927,0.03166039247765753,0.829944909472663,-1.2450508614463436,0.13532801516537327,0.9097353975909956,-1.2621705852285152,0.16764665637128806,0.6868448357697391,-1.328998220758099,-0.3410732546428037,-0.12766094120508406,-0.9483438758328615,-0.3321622124840209,0.8503965603244646,-1.1426372635349142,-0.20779129594109677,0.8732288774101301,-0.9915196593728605,-0.15837662485977977,0.6562447265734654,-0.9138503473068587,-0.6945526693445674,0.02073952039112114,-0.9844264198363252,-0.606461771423584,0.7858863564865625,-1.1470640624186397,-0.48297651940218667,0.8180310646083787,-1.0665891937070275,-0.4629009236108801,0.6674904946902857,-1.0138601945672179
me,fist,0.6340531447160825,0.3716672167818247,-0.42873303022913306,1.0478507421421346,0.8020258223838554,-0.7935978772475295,0.9262597306275969,1.2435610214730595,-1.0993868733507157,0.4503004781188975,1.419390072731539,-1.4033819103657843,0.7840895301544684,-0.05530494214552198,-0.9761425606435596,0.6913801604080273,0.8770488362095087,-1.3709140420377546,0.679686524398192,1.0718481801618844,-1.6122022160360878,0.6138669182244129,0.928079740606763,-1.7645946846596978,0.18371629684669513,-0.19679274460248203,-0.9630788845908518,0.06732328390449838,0.9385227646846367,-1.2153942823569046,0.1579951018153548,1.005687374980021,-1.2231170182597646,0.18462554060894235,0.7721854570766824,-1.2882020400544631,-0.33274329483776394,-0.129113290885628,-0.9617222928975789,-0.3476691021155542,0.9385760505981451,-1.1380155236692877,-0.21059269665057243,0.9534808818337923,-0.9846299071148584,-0.1543038258830763,0.721790938732186,-0.9087093216794407,-0.7395773537572287,0.02052370394388985,-1.0199830807881478,-0.6722432435083984,0.8638334221745244,-1.161005265858022,-0.5365692725384699,0.8841957459232173,-1.0611490709786875,-0.49801183926620607,0.7007501076848189,-0.9988054825627758
me,fist,0.6076408205878799,0.26108845296146915,-0.23444495945947555,1.0185844272048303,0.7704298078023438,-0.5048214750490646,0.9599373075778129,1.2414923843399408,-0.7030884356808111,0.5318807560797519,1.3531188837553731,-0.8774134690271638,0.7535170081653015,0.14144810568072738,-0.9583327317576085,0.6439514220890883,0.9780329368245736,-1.1627839417450507,0.5606127957857476,0.9216953852033799,-1.1398872837025733,0.5710291939002229,0.7049806281495418,-1.1150737663513324,0.22609294120320422,0.10365582563819808,-0.9685749592826297,0.19916354252743873,1.0496604337835715,-1.140336224016785,0.20927737101654245,0.9359047147074614,-0.9787875616610369,0.259149269490091,0.7194829096366107,-0.900209036521953,-0.19642820079124862,0.17571032485852384,-0.9549009182689098,-0.17823948399849202,1.0663081515400097,-1.0074703899268038,-0.08035996523500717,0.9615160049642066,-0.7580009615884507,0.002381805626359154,0.7498580919531511,-0.6292224149064479,-0.5370450790312222,0.28341177315466337,-0.9711549445035188,-0.447179653839239,0.9863130951014484,-0.9351971068926799,-0.2921947867045166,1.0252093681668533,-0.767439027846968,-0.18568817252063338,0.9176698753523223,-0.6886070743209721
me,fist,0.6110707693520043,0.29315629528323256,-0.1943072676543706,1.1049057312332475,0.938910442928692,-0.416547784600935,1.0924133923256891,1.4573644656656208,-0.5663271110073613,0.7020605129777228,1.509732891196458,-0.670554414451367,0.8669427826445694,0.23959051556964264,-0.9282326296667165,0.7758045964277531,1.182351329202834,-1.1503632810481372,0.7492336734167823,1.1364771542342011,-1.1275811032586847,0.7585287063019023,0.8772706721602503,-1.085769397438417,0.3397444836269783,0.18982919764370051,-0.9211615284883465,0.30942339242044303,1.2840171331632722,-1.1485446713099874,0.3586351945234638,1.1450241086511144,-1.0091891881914004,0.39048026625238347,0.8145665364301079,-0.9182304265046547,-0.10888782929297901,0.28306558303823154,-0.8834919274314252,-0.08182375202039772,1.354842748041619,-0.9624533092453669,0.00801063599760765,1.1974793888895088,-0.7368601253882141,0.06493724170037465,0.8630019100867841,-0.6061002503625486,-0.45826784633825385,0.41771203702959897,-0.8645103010878085,-0.3988673478482866,1.2173366310035116,-0.8231038420372602,-0.2867238582012116,1.1386255110655443,-0.6747464512716985,-0.22036024412599306,0.8976413722337341,-0.6098810621021212
me,fist,0.5827711419439303,0.27094360119398764,-0.18806561299101068,1.0794487569005138,0.8907920548304505,-0.3974511278302574,1.1076781918476335,1.4048039422934078,-0.5335517133778465,0.7265099527573182,1.4538708183291054,-0.619831898493819,0.8950615573263897,0.26861115037386657,-0.9020553806608175,0.8067634942813376,1.1728082753908715,-1.0878280288153992,0.7969768783373314,1.1214322221660142,-1.0184935367766164,0.7967242962958896,0.8641741654740278,-0.9427672757634018,0.39562863312916274,0.22509519769664035,-0.890398863780868,0.3486449094386828,1.2609397786211671,-1.076578674186254,0.41108405607869636,1.1324595932638808,-0.908510728143395,0.43224191552841784,0.8219605618856249,-0.7972043896130179,-0.03812430033745821,0.3065309314240544,-0.8478879350465391,-0.014145171651128005,1.3069414633345207,-0.9087131546080363,0.08386474305366343,1.1642416307070298,-0.6878621290368933,0.13608052331686885,0.8528055921213221,-0.5604234116027695,-0.382969654209879,0.42541729310125226,-0.8211344452170108,-0.31669486885482606,1.167592600567691,-0.782632209979258,-0.21019040359745017,1.077040856216299,-0.6448077880819766,-0.15915685162078805,0.839978249229843,-0.5838117869773158
me,fist,0.6418665596903602,0.2906051837434931,-0.19222698601664295,1.1816400546420966,0.9169956468589864,-0.40241762379577845,1.2110856556197036,1.4436032992207308,-0.5443343098436393,0.7888009784534333,1.5243958901785604,-0.6356934716871186,0.9820833434130826,0.2497077983661103,-0.8695109587951122,0.8944134521715322,1.171101007455662,-1.0778462576124772,0.8629221116626873,1.0796382825025157,-1.0374125465150135,0.8761204994223961,0.8217964947876976,-0.9828225927208207,0.45736399049241566,0.21465585771751078,-0.8629838022514752,0.4322031763138849,1.2886659401624143,-1.0623007665806043,0.46568030075128797,1.1190103112653713,-0.9081279547227082,0.48870551750539554,0.8026889311547951,-0.8085254638420065,0.005523768573347231,0.31530356957087585,-0.8313150867921327,0.05674035134219948,1.3633629945072343,-0.9049527996382174,0.12197250012290349,1.1727655682937916,-0.6854539035213632,0.16095391133832454,0.8401356601676147,-0.5561014652441614,-0.35376312540831134,0.4538972880754979,-0.8174490322328076,-0.2659434206708959,1.2360440252506466,-0.7678015646071389,-0.18487740498094563,1.104085443783153,-0.6180877052883454,-0.1506756785746307,0.8279744892321007,-0.5514389354949517
me,fist,0.6811522791320024,0.31514543662003575,-0.20531195961600934,1.1986068161525554,0.9398026986459519,-0.4189862732241515,1.211959707785359,1.4751037809605494,-0.5718955758180921,0.8016238825713977,1.5368052898711237,-0.6883835503383278,1.0574489843717567,0.3187648360097518,-0.7951077878639181,0.9631698527856941,1.2152723389807034,-0.9874525166724597,0.8632491702765812,1.1120597423771301,-0.9741039087895713,0.8870860228229941,0.8552518892599755,-0.9519003466850354,0.5411647973711904,0.28260285945032076,-0.7920077562225641,0.46925895301562154,1.2608956050192022,-0.9510155307542365,0.44975814167666606,1.0973630088527666,-0.8168246273487575,0.4905521444053806,0.804689533426793,-0.7521685865784379,0.08647797984360032,0.3462624113610128,-0.7713591953373136,0.08859740204311654,1.314017796857857,-0.8233610388575805,0.1305746060415638,1.1549332841164934,-0.6368940580794926,0.1779875932516083,0.8583184633373352,-0.5444798348617664,-0.2938713005316244,0.4566329324999261,-0.7715460554629331,-0.21587100948608898,1.2120675031819368,-0.7131662253229553,-0.12630799112583851,1.1163265788661267,-0.5729045097098014,-0.06495819285486873,0.8685529327472516,-0.5151645462489952
me,fist,0.4064150050500711,0.27604953767667323,-0.3064563738537781,0.5666592982012256,0.6416266593277794,-0.6249336504633728,0.3052571355443062,0.9686214207779099,-0.8750911837588404,-0.19579713140334767,1.0391976244101537,-1.106456709608501,0.11251089242865225,-0.034174615680405744,-0.9740693118476083,0.00679749455818138,0.6883540928305486,-1.2161519933761837,0.04375576310320248,0.6665574283566801,-1.2558946332445848,0.014325193119855499,0.40905406027898455,-1.2617746247230865,-0.3380224162646853,-0.10324814718790555,-0.9354574635999481,-0.39370109627775846,0.6811806256771397,-1.0800696559011767,-0.2533740419470611,0.6428687183450141,-0.8966262042930591,-0.19274586826760287,0.4504830165798185,-0.8050141527812772,-0.6671354440514367,-0.05585282817013474,-0.8848444176744179,-0.7025970692778685,0.6917646478232481,-0.9120417054441393,-0.5174802959697553,0.6182470115342241,-0.5975218246590864,-0.45864070976599813,0.4019773039227528,-0.4195467813693913,-0.9169168173276513,0.007074132419874215,-0.8826039508731468,-0.9217967142058869,0.5804231563645973,-0.8801816202924295,-0.7459346269054223,0.5165432383167448,-0.696707805992175,-0.6702913522681064,0.32041130512911253,-0.5902963785759285
me,fist,0.270675808421348,0.3157855440733224,-0.2768603038525593,0.2992638643766287,0.6023756354178369,-0.5893524361489999,0.04862232337970063,0.8637004326117841,-0.8434891447085338,-0.33822587238947166,0.9461924315530562,-1.0922565940681817,-0.02307009678921247,0.0688167588318768,-0.932521633156136,-0.2172205308957765,0.644290861703149,-1.1713466066540899,-0.2120555930434879,0.7615277006722464,-1.2365138280654384,-0.2393131486112241,0.6496163524174748,-1.2686901814793292,-0.39458398055231875,-0.03944913124574516,-0.9180126624047423,-0.5568007633982153,0.6246298322200711,-1.0648823567464434,-0.49500694798296113,0.6755038466335788,-0.9375530078572955,-0.43868947832018873,0.5444425288209104,-0.8960549419325979,-0.6492192290950914,-0.03540244484721479,-0.8902321427047325,-0.7680795556176756,0.6125257165463264,-0.9742829257290442,-0.6628883375116095,0.6260664955579368,-0.7756279293964043,-0.5869764403519926,0.4715661531586613,-0.6792102145400369,-0.8323907003431085,0.024108405334995624,-0.897671451157789,-0.9767397814554328,0.5119646705756576,-0.9545377458165188,-0.9135802661437311,0.5059895795949871,-0.8433221266305756,-0.8559513838737522,0.3560749224882243,-0.7926326274270027
me,fist,0.3918231623366983,0.2839753868359354,-0.5026002296777753,0.5455688210443697,0.5723639782484219,-0.8553218107552374,0.34648739173456583,0.931428742953029,-1.1135410916467796,-0.03546912803878257,1.1776429299743663,-1.3639716551717023,0.2612432220966258,-0.0220414637042821,-1.0834417644406678,0.10884367826394609,0.7303387215785038,-1.4479969093379605,0.07873205669171494,0.8744684718626213,-1.6532522974181825,0.006047173119814036,0.7493698683632335,-1.7896008369919165,-0.15046303340008496,-0.031123128723180987,-0.9881256126821758,-0.21544008825937622,0.8536848459381434,-1.240753616828314,-0.13116217895861573,0.8551968756482146,-1.2484209273295068,-0.14355930351769336,0.6389067620082616,-1.2960734175472226,-0.4914110152463119,0.039010260126283634,-0.899271805330138,-0.4894418479037131,0.8444176128306331,-1.0795387760580626,-0.4140147296119403,0.8179174613059118,-0.9509443168387087,-0.3997973000231059,0.5920735612558246,-0.886638221099619,-0.7593291324251832,0.151440228630207,-0.8675744469586499,-0.771787699261092,0.7536061049967037,-1.005514279439406,-0.7559490092478198,0.8255240683743912,-0.9274653875727177,-0.791541908453206,0.7560471277466556,-0.8768808683581651
me,fist,0.4161171325425842,0.292250582796475,-0.511512703477495,0.554724725517629,0.5783411098440074,-0.8704282231061198,0.31293013177926643,0.9784978894026813,-1.1374615266662165,-0.07755324375688442,1.3126978469636374,-1.393924661850381,0.3160381703343154,0.06732994902448582,-1.1006244633142415,0.2384877034983503,0.774972827635751,-1.4719651948607637,0.1686195883857411,0.9545605292387347,-1.6765055834307896,0.01728470279105147,0.9260899664096567,-1.8008663647326955,-0.10598299792201737,0.06022987536042344,-0.9925421735450487,-0.1616487622801202,0.962311398467383,-1.2753274402844128,-0.06360446813980607,0.9146565378348863,-1.296001858000288,-0.09270098516481114,0.7129571808367303,-1.3373013125339515,-0.45458642171667074,0.13106671329896005,-0.8887921822492576,-0.4462115904310158,0.9555730791209108,-1.0748355609434015,-0.32728780900171767,0.8865039928189188,-0.9460445645217641,-0.30870435237025984,0.6734036247793335,-0.8665665523607002,-0.7247188293905975,0.235452528933511,-0.8432888920186352,-0.6901148934005411,0.8567954062025834,-0.9866469515368268,-0.5866448278069888,0.8533797934717945,-0.9117465727756038,-0.5719422992638477,0.7349951270918479,-0.8497509681014791
me,fist,0.4076039393648808,0.347621172756348,-0.32269447434057924,0.5855301864587549,0.6778784765849022,-0.6880544957039043,0.3835519161555335,0.9818164015530289,-1.0139360999019675,-0.05549678690057777,1.0825717484235768,-1.3213883198930225,0.43801492157171706,-0.06225502283483916,-0.9485690061800595,0.3032728175276597,0.6803238978924472,-1.2664946121730576,0.12637795303520213,0.9678618936527641,-1.3806856913650478,-0.045372883878739646,0.927250998103451,-1.4477469447853752,-0.01507937839830076,-0.22401338124436812,-0.97446940299354,-0.23679120277427682,0.6783526329403381,-1.255600119399244,-0.33683414993993893,0.7624368397475604,-1.2222520819534461,-0.3359996813612411,0.5485016456694254,-1.243384458960299,-0.3944756753016759,-0.21495362271147148,-0.9963458449605853,-0.6014608256165979,0.6893129236472563,-1.1998222519531847,-0.6028614991175646,0.7193630453147214,-1.065834014019772,-0.5094612645359055,0.4980734928823476,-1.009456905605864,-0.7015814280512263,-0.12018424280512512,-1.052392935616265,-0.8878864936098768,0.6586420396046564,-1.1403897890997539,-0.8821197160103302,0.6957220535687376,-1.0310094983709095,-0.80647525929552,0.49739597978990996,-0.9952795757467207
me,fist,0.4355950708986911,0.46282618028851374,-0.38897585281016317,0.589171404217665,0.8649418817416235,-0.7416227609310425,0.3178491026228606,1.2312470176180743,-1.0343944150790128,-0.18135880574653335,1.4059070733424652,-1.3146073023717104,0.16091213985923475,0.16442227264379844,-0.9677105066770186,0.045905723026749966,0.9556980509674006,-1.2984777538398002,0.021157084639128316,1.080311516297272,-1.4721297735687824,-0.04823122246922483,0.9126367123486463,-1.5794435766334103,-0.3399271056048654,0.01516482821142477,-0.940329511852317,-0.48476826166989706,0.9367976886766427,-1.1659631898335796,-0.40976482586651275,0.9808958940928797,-1.1381312534757149,-0.3382535296483254,0.7745731568126344,-1.1771735782853452,-0.7098399821620585,0.04150916465408033,-0.9124678415588191,-0.7516918165299467,0.9706772852324619,-1.0616769683457892,-0.6368594960589019,0.964382096967544,-0.9029484664884625,-0.5690156862799716,0.7400839451045264,-0.8317734138414522,-0.9809952040484577,0.15286365673324684,-0.9361656493147005,-0.9859370119393882,0.9235883182998675,-1.0272264524370915,-0.9031464807035188,0.9097972604393186,-0.9101396327156674,-0.8772565593846376,0.6920762829270469,-0.8561662870786612
me,fist,0.4558830168543112,0.22287431730773055,-0.29212882763246306,0.7210756536786652,0.5804427141145408,-0.5945173794504213,0.5623166032732254,0.9382647000055198,-0.8186520756632497,0.10859526715137706,0.9938235039628485,-1.0163933086411896,0.22175412472781353,-0.10071238240301553,-0.9955201093576286,0.156567990063725,0.6662523213835487,-1.2053668810736073,0.20664566066998025,0.6249721974770549,-1.1871458247062718,0.23500850749660238,0.3919373158864533,-1.1568066926124665,-0.2493978043089959,-0.15093033431163666,-0.9565671797581335,-0.2305184927309197,0.7052708485588736,-1.1298603988422784,-0.08616304903375907,0.64261629910408,-0.9475340896393691,-0.012287894933395958,0.4536297464563678,-0.8511652355235784,-0.580893000949014,-0.07345355037578478,-0.8987568466512545,-0.5450572858820286,0.756560238092403,-0.9455972515630567,-0.3258060632536153,0.6651124052081964,-0.6554285910139759,-0.2250674354884555,0.44227123493805937,-0.4938251322106431,-0.8245653272687825,0.03352884587759403,-0.8804142828051376,-0.743007025440285,0.6917837083685108,-0.8595813538480511,-0.5259018439678578,0.6747972287709924,-0.6893659654236686,-0.40433149028995585,0.5072259418611651,-0.605430954515683
me,fist,0.6528987153204832,0.3867467784722545,-0.43624062496617283,1.0712928368858785,0.8045050952654473,-0.7877834810863286,0.9145999775948941,1.220275719361704,-1.0753864186843618,0.43407516518958184,1.4272869851058545,-1.3600607186312073,0.7929982392395468,-0.00958190397082121,-0.9915277872667067,0.7051269238574668,0.9495572600615834,-1.3773010565801764,0.6663965163469332,1.1334115477213464,-1.6046882103037308,0.5922818688915628,0.9872135016749201,-1.7492438018570342,0.17494709259930366,-0.1679615149535099,-0.9701455789135838,0.05381417998507535,0.9952314592917396,-1.2357131303214204,0.16397867807920713,1.0639324621249506,-1.2495556755308816,0.20602561190731608,0.8402057555339794,-1.3150867115511171,-0.36100948857050513,-0.11872591976157588,-0.9592607362458293,-0.35929918855390447,0.9786810213927944,-1.1612618076894718,-0.19628747385785536,1.0181209251118322,-1.0221014173150524,-0.1256965121097083,0.8118393280922682,-0.9463457150921648,-0.7764715966758989,0.012287038377494024,-1.005115088395123,-0.6707569086191815,0.8922967909616014,-1.1772875954966697,-0.5035815866036896,0.9391512058877887,-1.092406917376431,-0.45493634627017204,0.7827382917179502,-1.0332589594655233
me,fist,0.6744435281382537,0.2626850396702113,-0.21359545661858068,1.180341886754331,0.8144199226869377,-0.46453369079768075,1.197912871323126,1.3014054291898263,-0.6504554482640985,0.7884138663063477,1.3494653541415904,-0.8077535778097779,0.9272034110008943,0.10840274667507677,-0.9024121396474571,0.8696486872160312,1.0017380536940321,-1.1029241218744814,0.7646160834148871,0.9716205590120217,-1.0869039387199824,0.7782010177602801,0.7620831332146077,-1.0686563303831977,0.38649879299899953,0.09388680411564254,-0.917498747150789,0.3778819188826068,1.1051834262297682,-1.0893814461563787,0.37403326124054204,0.9851089715995157,-0.9402937723690656,0.4257482451970321,0.7315447176243188,-0.873580445234224,-0.052477443392719085,0.18884308457464877,-0.9082791498215199,0.01078615031728392,1.142139948903706,-0.9628710511629806,0.07580823028801831,1.0236925555094107,-0.7295420875914395,0.13282559642142922,0.7750146895065304,-0.6120832268808464,-0.4065113408844268,0.31808089578307247,-0.9258504119510853,-0.27152437874406216,1.0847327486682987,-0.8704728748490691,-0.1295716127298998,1.0948754437296533,-0.6994268827857847,-0.03209532334153318,0.9390443616358082,-0.623273505679801
me,fist,0.6944011035055873,0.2522403212338841,-0.18518649349870162,1.26911919531477,0.7915170230225739,-0.3761782663439566,1.3826968692086665,1.2818787162451575,-0.5258651863401017,1.0688609400082314,1.3773742305524406,-0.6411815154309374,1.163748566688824,0.21836810027477907,-0.6746466918185956,1.185533025875799,1.099172463659382,-0.8863779412713167,1.004082307000651,1.0149866758235975,-0.9078740358740341,0.9726211288582132,0.7692561900408663,-0.9119717369701762,0.6795792035670506,0.22361214817025765,-0.6986914292231271,0.6934132943814455,1.1697048929689555,-0.8820379186628701,0.5848167399498705,0.9917992260188352,-0.7834771000710814,0.5866957735931952,0.6981218269501139,-0.7382091526497611,0.24206258617865636,0.3134675846248109,-0.7151174936038895,0.32449675266505523,1.217924492379357,-0.798874406101353,0.27109141996826497,1.0195004845671314,-0.6219857221183793,0.2659835497503946,0.7294319097242462,-0.5327379748289994,-0.13132661659340153,0.4298351974483214,-0.7531746064189558,-0.00865914060376527,1.1336726168583984,-0.7213379390862803,-0.006287393167471838,0.9748396970802721,-0.5794937882435608,-0.01592203828132254,0.6953223287907626,-0.5166828350235827
me,fist,0.6937266535490242,0.26731494301988235,-0.16539703954770052,1.1920353143016225,0.7055021146509366,-0.41181523458462715,1.3234998417330912,1.1425843674059637,-0.6388681095755967,1.1067055592449635,1.3003686503711551,-0.8447088591911246,1.0762580757862068,0.022139565576296046,-0.734122906507264,1.1284415095410683,0.8870352023178752,-0.9844778116472612,0.9084061316832611,0.9125203377528798,-1.041535476577796,0.8137465038863804,0.6771045583062764,-1.0773961979603246,0.5703188003181902,0.010442157742089255,-0.8213570644642377,0.6639741450427759,1.024810805039608,-1.020834103843357,0.5059060760276103,0.9302778884402785,-0.9229145676605665,0.4754148799723185,0.6465928200972332,-0.8960416264510715,0.1257287707772482,0.11390333760097403,-0.9013452370560016,0.2259797376625816,1.059246509608191,-1.0077149991392451,0.15217157173697707,0.9344527180713893,-0.8122344807300534,0.14498970279105225,0.6758149675429884,-0.7276660995067158,-0.2518373984851468,0.24423780449685797,-1.0080844812447685,-0.16062802253250608,0.9730051532503717,-1.0141378458788775,-0.1495033050453105,0.8685387565849304,-0.8705738515567796,-0.13970407521634237,0.6201013266249081,-0.8166056712180683
me,fist,0.6370621938022689,0.23575730009339907,-0.17257415518443736,1.0868836389383323,0.6577891841945417,-0.4244590342940508,1.1823829569900606,1.0891707467718705,-0.6464278472718518,0.9882759794639698,1.3148488713889483,-0.8411097074220992,1.0340864289287381,0.020533897613702418,-0.7530789581251368,1.0777647671717339,0.8038303936986396,-0.9854246126986487,0.8753512963390672,0.862459247703724,-1.021416189258273,0.778068720927477,0.6810937179127651,-1.0387788039563592,0.5710238264715625,0.018406468780324762,-0.8207271114742182,0.6349443527165569,0.9522076372170551,-1.0132229651566784,0.4964903961791934,0.9007099651784461,-0.9130025891895713,0.47059366676317127,0.6523851346331541,-0.8776442499176373,0.15168721431887072,0.11120462208188069,-0.8772929752290736,0.24356956252694656,0.9785971959748853,-0.9818684183451831,0.18250382796565204,0.8934199642423318,-0.7895015055349849,0.17056150784991517,0.6574010237524998,-0.6974651800105763,-0.20902716924905057,0.22582968110675736,-0.9570281886453639,-0.12171738035297265,0.9001138684680923,-0.9688016879550263,-0.09711413684130307,0.8460852221636233,-0.8298748420427607,-0.08343748554648361,0.6359981130762838,-0.7683907504122246
me,fist,0.5671148950726448,0.2048690215581281,-0.16922754615571894,1.006726580480649,0.6236148925080989,-0.4001564672047307,1.0788286636226239,1.0503540900805832,-0.5900455650807898,0.8090098842300277,1.162422404847763,-0.7501952034773807,0.9598053259092291,0.04163085558793023,-0.7726576184677638,1.0207816206664933,0.7553400285723608,-0.9652869536299458,0.8305431427515361,0.7545762275417432,-0.9606752977114353,0.7394190471888683,0.5584951334530294,-0.958150917238313,0.5698161020515412,0.039738301513642695,-0.8208108656905064,0.6326289147182725,0.8696947565170233,-1.0020199501648173,0.49778651605627366,0.7799074418074458,-0.8926589220423179,0.46824851720007227,0.5381971941924236,-0.8466764022811494,0.19423889800082586,0.1273245477880638,-0.8512301866640367,0.28063920796000486,0.9219181679161377,-0.93556857223704,0.21194059055031547,0.8027884360515231,-0.7544514857242154,0.18615018945190864,0.5626250618911646,-0.6702333742941274,-0.14877125710515662,0.23849536623271567,-0.9027861539996761,-0.05123162290159703,0.8585770552349121,-0.9210447668771147,-0.030831017586714398,0.7808352217482184,-0.8142147724468974,-0.025615811450798515,0.5729526360427067,-0.7746085602757127
me,fist,0.56527633477883,0.22075279184351268,-0.1360498313535702,1.0038420028548911,0.6189374344346692,-0.3614765340253785,1.09436230093327,1.0238752197633696,-0.5548254790233431,0.8107172338040153,1.1452594430297087,-0.724318089870937,0.9680032063296181,0.04826316071914879,-0.7488443144984906,1.028091304253688,0.7445974555542152,-0.9081493612319396,0.8203819118216259,0.7975632371030674,-0.8623652940841832,0.7018573938977145,0.6439800664165524,-0.8311229644842569,0.5762729963265598,0.04208054863364593,-0.8161731808455238,0.6514612649761183,0.8653361552941421,-0.9552417903010681,0.4772351589388446,0.8168833623639968,-0.8118524904688975,0.4386012151571852,0.6040905653291904,-0.7453786460909014,0.20517087216779054,0.12821003685118107,-0.8630315725192518,0.2945006870325245,0.9138873333713984,-0.9243242578214125,0.19585088616907953,0.8406867198966924,-0.7390838313638505,0.16584593899628106,0.636497119169931,-0.6580623440358375,-0.12915240717198015,0.24660882130911657,-0.9276703275012198,-0.03693708666400245,0.8597944226809048,-0.933358663157093,-0.0383956636701247,0.8109964217258435,-0.823795965722567,-0.03691048368716123,0.63339127895772,-0.7855005218876113
me,fist,0.5303620401864678,0.19047784982914284,-0.12527078777464704,0.9832425165105819,0.6211165229746916,-0.3252840216284882,1.0569619187369377,1.0361217883943312,-0.4893048652513298,0.8199547885756069,1.1247578344711702,-0.621854580637844,0.9850048910915551,0.0834842067060496,-0.7274420810523735,1.0408398237997833,0.8057009306452958,-0.9106751160989902,0.8438904471487592,0.822697196870367,-0.8892835505866725,0.75347590100117,0.6543531943092817,-0.8688448600685172,0.6080807902002098,0.07452132000393802,-0.7903697397132301,0.6875288716860483,0.8862019217425806,-0.9932730432546236,0.5332214007176114,0.8024833013377711,-0.8881835092805445,0.4856465662605421,0.5675321994133544,-0.8272197655325417,0.2412776124996359,0.15625684465015857,-0.8312370493910134,0.35041990640969634,0.954487090494717,-0.9327427074072969,0.2389211409268746,0.8386979262791988,-0.7459794348741431,0.19265988320898195,0.6067308886735353,-0.6417875531643229,-0.0980174033838329,0.27811394579780346,-0.8864914078866,0.019664044621529445,0.904724677752552,-0.9066906490267317,-0.00538693203753978,0.8114947342512117,-0.7869426487806007,-0.030233086686106796,0.601179985866262,-0.7284524985837404
me,fist,0.5602961550915769,0.20573687588206044,-0.1409531594220845,1.0155248307532296,0.6582943384381311,-0.34259798456748153,1.0650043560137403,1.089793336382818,-0.5017350155157044,0.7884842277627282,1.2015130004117043,-0.6262013657306785,0.9949029522711119,0.09768251705763227,-0.7465689523579209,1.0652123216151912,0.8590977556510406,-0.9231613140414259,0.8810074392849349,0.8567248586962345,-0.8863829161008508,0.7943976741667522,0.6730950685300356,-0.8509273186587211,0.6052976923163073,0.10009790414667359,-0.7896803867780917,0.6818481542106236,0.950224044996192,-0.9918202367408469,0.5343320864545965,0.8409261415764823,-0.8745575576587615,0.48501780060500027,0.5822738229402474,-0.7977598858029021,0.2250525368208998,0.1895175064333804,-0.8102388251292333,0.3356982627069931,1.0146769755330127,-0.9082133438315815,0.23438785536865975,0.8833095193493492,-0.7142624049892923,0.1837773843685906,0.6362074355360312,-0.597991634485296,-0.12983969980160928,0.3154221476922138,-0.8450957247771751,-0.015610167149083825,0.9568831342419671,-0.8566363403058137,-0.03733726123391761,0.8593001149153354,-0.7315657449735709,-0.06432321759925298,0.6458493322051126,-0.6665389025541991
me,fist,0.5407097074110959,0.201909279446672,-0.12988536575681978,0.9775377851691861,0.6513752928682215,-0.32566862481923364,1.0268357645924437,1.0704136935680273,-0.4804539210844124,0.7865344409429226,1.1807059436050806,-0.5979290123986557,0.991437014000104,0.11265469588231375,-0.73708580971049,1.0556341518874703,0.8587088859286534,-0.9110559768728602,0.8735910876646759,0.8377315739118592,-0.8708388139235705,0.7937728370597584,0.6420596688205823,-0.8329657030806001,0.6106691438652668,0.1088499509823265,-0.7843690999153442,0.679068791257224,0.9365456135256959,-0.977934117171775,0.5257211093913855,0.8272390379741541,-0.8568483636435912,0.4752978929884,0.580129961620758,-0.7816311343935124,0.23931863814658744,0.1903632995915439,-0.8093619375843051,0.3404977677056574,1.0008681162400335,-0.9008071579761261,0.23397157823638054,0.8688456754591488,-0.7007866855969785,0.18611428841569247,0.6208016223631979,-0.5837901476375945,-0.103835415383916,0.3066540927799278,-0.848434377686676,-0.0048331848285371026,0.9434230899962448,-0.8598918376731495,-0.02560822319741237,0.8498090178615195,-0.7361479589462255,-0.03815114370315351,0.6376563801593615,-0.6742945282825732
me,fist,0.5253747760199972,0.18426699148474251,-0.11477514072070928,0.9346358013490255,0.6274669399842958,-0.3140758381532028,0.9841354311244406,1.05430865872502,-0.47278266699129246,0.7698186615760798,1.1763649968210228,-0.5968208526339952,0.9525753049051385,0.11176358891365963,-0.75857871076225,1.011156093244709,0.8611893442367575,-0.918018437896877,0.8323295779994251,0.8700706062402702,-0.8611988581387452,0.747746066622178,0.6950227772213818,-0.8125937724420998,0.5724805538730948,0.10804200005911854,-0.812768688902556,0.6364400930706366,0.9304985837739739,-0.995101283879122,0.4979519788940512,0.8386207716240229,-0.8619242289497353,0.4524806133102858,0.596547542182942,-0.782066919072245,0.2085622020045507,0.18832982635075715,-0.839616609169304,0.3101792422329398,0.9893872741520013,-0.921131136809377,0.21646104350542406,0.8766300571461099,-0.7171862386803333,0.1739067737282356,0.6442224537025609,-0.602836484528413,-0.1288962017782639,0.3095653339672006,-0.8777654598493514,-0.01796693705899627,0.9334590602009637,-0.8825056011371585,-0.03727521628335332,0.8420335662936718,-0.7530569376788815,-0.05137849016799892,0.6334153263411585,-0.6893841678011122
me,fist,0.5606647545326048,0.18897380955521303,-0.13872915143452016,1.005245975590025,0.6625768111885897,-0.34057096029285433,1.0424233692539977,1.1168868083690677,-0.49634074781463233,0.7801407663853361,1.254274525867899,-0.613248156718305,0.9739327279264123,0.1372898321976318,-0.7692263056496328,1.0404026194735392,0.9238194911445395,-0.9482525700691776,0.8705617825207151,0.9053255393886911,-0.9119399046663962,0.7869210207102733,0.7023781769138621,-0.8744758234077709,0.5681223404498316,0.14081890684234064,-0.8108064144772992,0.6391486088403228,1.0150514629252967,-1.0080655433690167,0.5174456874781344,0.8957212956194965,-0.8814488576445721,0.47543414163393793,0.6207504489022995,-0.800640997536181,0.17844230218574725,0.2283902734086747,-0.8284913246297115,0.28496232509681935,1.08177819497554,-0.913367779955264,0.21088698789243224,0.9470164233937614,-0.7108858287414386,0.17540352134729048,0.68405648893281,-0.5934755053174576,-0.18089203661649747,0.3534948659987954,-0.8606207915540434,-0.07898054819171416,1.011975657338021,-0.8616929541107188,-0.07695381703018615,0.9133117597648243,-0.7332541602711277,-0.08415420356143222,0.6853188594074898,-0.6685188094202926
me,fist,0.5443766325970406,0.21667098657825087,-0.13393171082285654,1.0133612694194192,0.46930662890413394,-0.3061174197050333,1.233223964576279,0.7570355924285227,-0.4813783677896015,1.1549411607267666,0.9479574578055142,-0.6501270958752529,1.2561547762464293,-0.04126585262073837,-0.42690966806256025,1.2622368422251453,0.6627250520903425,-0.6742820002387758,1.048805936647975,0.7407711014745914,-0.811330567314885,0.9233010726323823,0.5672728624918711,-0.9091836514970152,0.8447649294870442,-0.10563788947682294,-0.5246073295481409,0.7936411076614439,0.7545375924601263,-0.7186396919149587,0.6380854921076354,0.7218297828140338,-0.756273076057923,0.6036181280828995,0.5062841310703585,-0.8184110881653838,0.4142078257956824,-0.03676649625130735,-0.6293556171262334,0.39747036672091557,0.7672639261376115,-0.7865541524350615,0.30173695608248613,0.7090518919458896,-0.7387721739676291,0.30417156113696037,0.49338942530869334,-0.7253713304240053,0.030530029105460387,0.08153156785065166,-0.7565656541014179,0.08417402409683845,0.7210403809332797,-0.8549450062040506,0.034006594166958594,0.6651871783491545,-0.8103290478548465,-0.0032590393852913553,0.4658764532962356,-0.7885056942544455
me,fist,0.5825919086294756,0.13922355196248315,-0.2771836700643507,1.0167347241422577,0.3793268236271342,-0.5476597932556769,1.08679917244591,0.6738162831457423,-0.7852745155546821,0.7264737347402629,0.8123915340455539,-1.0107306969441827,0.9287095802243356,-0.3888348397668564,-0.7273727357705041,0.9330981616631632,0.35528755658883265,-1.007310905509873,0.7973160378001539,0.6372935257743483,-1.1420717122027813,0.6337503054870715,0.5394475993999621,-1.2403021720478997,0.41008737090637326,-0.47901711759267024,-0.7761256014823299,0.4166776993923021,0.40970190539468015,-0.9935920614574407,0.3662393707513682,0.5773666207051628,-1.0188039691732833,0.32696955579638287,0.3876348037424998,-1.0923316153902822,-0.05041569336045449,-0.37023288332788756,-0.8260865254282117,8.281849681282766e-05,0.5016045727202534,-0.988987712536161,0.003119141650059969,0.5809176967662529,-0.9136565004854351,-0.0030049000579934,0.3478855202874775,-0.9044843519634145,-0.4147872540261469,-0.1825147242176952,-0.9106650484470207,-0.31105642102453673,0.525492349815229,-1.0313072320896182,-0.30018030190289846,0.5839191349578201,-0.9709390721997931,-0.357954591798494,0.40856747839653657,-0.9525200121558155
me,fist,0.019400280370596473,-0.4458221165051595,-0.33376937953288766,0.15018831558518084,-0.7908951017225162,-0.6225768458385548,0.07154948995262404,-0.7615424931859267,-0.8761826496689232,-0.0186283383077319,-0.47329212625574096,-1.1059949586242086,0.5980189048649678,-0.6363297417598496,-0.7273990451164003,0.4663649428493588,-0.6252403346631921,-1.0645665212435649,0.22628568125700702,-0.5291216347429869,-1.1828401541695213,0.0630824154518742,-0.44371092492377434,-1.2454596859858884,0.6658449095731862,-0.17716367345074616,-0.7247507083162547,0.28278282898791884,0.007794265216478186,-1.0759073463148694,-0.1153523619821747,0.007326123539674286,-1.1244627836712628,-0.26843097226784846,-0.0102444684604748,-1.131699432508199,0.614736924168976,0.24686028685080189,-0.7318036117100467,0.06996794153107798,0.45365733504328676,-1.1038684219223023,-0.3487932034361029,0.337285221051938,-1.0618955242654453,-0.47262003197708496,0.191206471743459,-0.981455852488969,0.48950208456941735,0.5974471203741489,-0.7621250418558008,-0.006761621106049056,0.7989201707517369,-1.014428215455258,-0.33667198823558236,0.6435904587858184,-0.9777409033116061,-0.42822297928081504,0.4423267620525025,-0.916474470122531
me,fist,-0.004910260674609043,-0.3442684971540686,-0.4861175992007526,0.10249068348984453,-0.49039985191989943,-0.831789326906802,0.10869403679567953,-0.22996711140445852,-1.1059473065951602,0.10917005538065835,0.1273512393583513,-1.3508557420079095,0.6053288902876943,-0.31288556498785763,-0.8314777132080419,0.6220739578509146,-0.07849311485862033,-1.2421050363330657,0.46049339646040494,0.08567039938844635,-1.4618436308135252,0.25127267622609617,0.18819524704739615,-1.577894590857565,0.6601403329481091,0.0600971997961291,-0.7487343102809056,0.4730962946399398,0.41578606380743904,-1.1801529240781123,0.1604437967018054,0.44981973164903494,-1.301300435594933,-0.09663281493698263,0.3713919569851405,-1.3362074229737626,0.6143542235026183,0.3732851860740433,-0.6948129598432241,0.2759315853329105,0.6671588550533919,-1.0930546806288184,-0.05918237193332379,0.6019096236490474,-1.104388717008218,-0.281094836727834,0.43841072299386746,-1.0469463402118044,0.4909267992174029,0.6045837108108465,-0.6783139785161902,0.18997831378930316,0.8367507349733222,-0.9533303940189213,-0.07079102439842015,0.7461400306338134,-0.960554438516138,-0.23800095499913895,0.5743022067046655,-0.9214321984404942
me,fist,0.5246201604596774,0.11649041585764192,-0.3257577818801052,0.8355927002395536,0.18239527382755974,-0.6008255455202702,0.8512910231677515,0.250586333450532,-0.8232997725676404,0.6020727461235245,0.26318610653902996,-1.0147980672139985,0.7359970706888822,-0.5933588138629264,-0.6972617788338765,0.7656084446970475,-0.18071429989080806,-0.9518171677589983,0.6741552386367278,0.11401646368631949,-1.052113542209791,0.5624668575809217,0.10111889543167896,-1.1143677115218373,0.36155390956985434,-0.644722608357076,-0.6735068884191178,0.3905524887305623,-0.05252356442562557,-0.8919459308803307,0.3822558670959295,0.2145343789894664,-0.9082806542978265,0.3661779502174894,0.14611230770219175,-0.9366712929971008,0.03767803100293208,-0.5346423557026543,-0.6558749017248288,0.10173003645644679,0.09214149374924777,-0.826426949007274,0.1619493613682227,0.2649351846561724,-0.7527853895161386,0.18696582104489484,0.14613936376547068,-0.7134934179363993,-0.2094103127853845,-0.3619910482210854,-0.6704214977729035,-0.11396965693480704,0.14893898812855685,-0.7852592807416083,-0.0332002882242846,0.28456082485756057,-0.7410370614585847,-0.011783308192136237,0.21417736745263813,-0.7109589525118505
me,fist,0.6263016297941244,0.19072801814036777,-0.3394197628103542,1.0810242950516866,0.5083400889432279,-0.6607898524018072,1.1420065921641809,0.8796051298215407,-0.9524975100461166,0.8754563583278251,1.0921193315558568,-1.2402710728406208,0.965193403332725,-0.31708439458179793,-0.7826008538411111,0.927993775243046,0.6500052577762951,-1.2048393440790253,0.939547308658962,0.8211171883799618,-1.4804619291671557,0.9301680662158581,0.6849561903381419,-1.66321688471879,0.41664181051920846,-0.3929906189815993,-0.8197365278671773,0.41434270240958726,0.8040633111133139,-1.103721051576411,0.4451330882761326,0.8042163151389189,-1.150850780758378,0.44117632616327496,0.5460638606934933,-1.2351886014561637,-0.07788250799844779,-0.25339288116695324,-0.8754564137959818,-0.00600343933848398,0.8548462965872653,-1.0774874479385284,0.017887708728940133,0.8110476247438922,-0.9421530690480293,0.022320924935961953,0.5484335464176192,-0.8715372587331887,-0.49760485844251295,-0.039438829861232504,-0.9857522248195335,-0.35612316196915395,0.8047629788725382,-1.1495390233017235,-0.31635889497409475,0.7706689130110858,-1.076072731063008,-0.3439577596408376,0.5686775465788814,-1.0218677984132225
me,fist,0.7126305057304323,0.2090640946524014,-0.19449014952905322,1.2457609323498902,0.7132333369299947,-0.4457719159467548,1.3350646311375245,1.254657429727694,-0.6548123573481003,0.9720682496156364,1.398327799364916,-0.8396296480921542,1.042630994072197,0.05001466867672248,-0.8003544701614187,1.0867883467699064,1.0070521920129598,-0.997990973551619,0.9123177851914613,1.0861807457158494,-0.9867689434159975,0.8172612498403897,0.9232069709600147,-0.9719811530134652,0.5371048262015716,0.07343217130771838,-0.8403131094348187,0.6216998291767992,1.1146753990838492,-1.0081044372302954,0.5111928856912679,1.0855191734314824,-0.8677549317689415,0.4859939404172122,0.8672193336679012,-0.8025110977977461,0.09691037523769472,0.1929944548597742,-0.8641065811447526,0.20563914310379286,1.1495889697922577,-0.9320802747177818,0.18337215551310637,1.095818530754507,-0.722685165231543,0.1810269552730572,0.8771976079089128,-0.618273638406924,-0.27581794694376666,0.3307652659024927,-0.9140054665041518,-0.1487563413380174,1.0849185638079861,-0.8933577465037055,-0.06556315286044984,1.1134132171759858,-0.7518306097059422,-0.01593366626929211,0.9681621308273165,-0.6922189937858936
me,fist,0.54160989946265,0.13672561592850513,-0.1663279409656781,0.9459695060242624,0.645940253840017,-0.3680441117929443,0.9669164330453982,1.164625627390891,-0.5032855336659061,0.7339535612360891,1.3903169105476512,-0.5913681862100433,0.8126738169417808,0.30325482615496496,-0.883867565051067,0.8500908551382698,1.1959856119135308,-1.0611205346801253,0.7961982413093638,1.0771661011408433,-0.9841243745743319,0.7662653710244597,0.8355213949826203,-0.9015624273639784,0.35830254899200203,0.31582675997057313,-0.8785628839601203,0.45058392403439274,1.2836844457452092,-1.05801007068538,0.4663372409940305,1.1096340637294388,-0.894706493825912,0.43355620065344314,0.8107816595890348,-0.7780208535366346,-0.032715229270732143,0.4133482523557764,-0.843288031725182,0.10855927988015233,1.3207300790501777,-0.9095914966788591,0.1559225802730983,1.1285046158588794,-0.6760035978947428,0.12472100560903603,0.8125343247959731,-0.5322258922384631,-0.3419701183761473,0.547490575905511,-0.8209737431163776,-0.19592074288441405,1.2226020319308937,-0.8338899377270045,-0.12022411382317133,1.105985291317638,-0.7118134917517532,-0.13931609525624003,0.8688688975733965,-0.6448279200054612
me,fist,0.5085670069995369,0.11578762168352567,-0.15081708293485163,0.8961675625191303,0.5668094851223074,-0.3485500105996785,0.9574829032808951,1.013482476340243,-0.48862771999966104,0.843393071915511,1.301482669246634,-0.5871701548865609,0.766030885875001,0.3703666353865683,-0.8685874400098152,0.8283906703241845,1.2476045849716917,-1.067608797554533,0.7609160603164855,1.1490058766958497,-1.0044456640331756,0.7165352340954607,0.8863076737128276,-0.9176105511378008,0.32132248915792383,0.368881053875929,-0.8721689205955115,0.4212738562855405,1.325126122387279,-1.0893171412926792,0.4298772723841074,1.1421468157963701,-0.9419518782020165,0.40163534248060884,0.8260564932997829,-0.8163956996022287,-0.06671434993089193,0.4395455080510731,-0.8465028016932147,0.06614574299342187,1.3360920619564345,-0.9540664780968982,0.12398040385128051,1.1443058801024657,-0.7240863066362236,0.10224029771042982,0.8366400255261901,-0.5633546454097568,-0.3783097530832544,0.5447235283663493,-0.8284843502133914,-0.2537050082671169,1.2448522229547032,-0.8712911396286983,-0.16783097773432726,1.1395769377722775,-0.743003574183519,-0.17942844975574457,0.9019808013627719,-0.6561707385924892
me,fist,0.44425911480892105,0.1623038080574568,-0.19931589903208066,0.739059299186532,0.6290688565653559,-0.3815041467422474,0.7683932673688205,1.0917996159541503,-0.4835291559844003,0.6831905996948675,1.4054837258968191,-0.5830009419746683,0.6194793094863353,0.45532349011755446,-0.9139477289173747,0.69582942636389,1.2764935585052488,-1.0774895140463132,0.6585096107158643,1.5973510710766279,-1.0036447189452402,0.6012353237565407,1.748597965114455,-0.9183838532170587,0.19562819297950867,0.46536202772365726,-0.8632310196375581,0.28161734020475604,1.3426334087489933,-1.0259678212184733,0.2975711280426217,1.5438124426053277,-0.9131893635030462,0.2697205834948781,1.57692767267403,-0.8221134078866866,-0.18421134637834402,0.5229077265317769,-0.7769504046186732,-0.06938115356754374,1.3427412094525177,-0.9041688441685982,0.009529677696055491,1.438429554859983,-0.7626266398216957,0.023909432005716155,1.388014639797785,-0.651254545547984,-0.47129464783622055,0.6099259944267164,-0.6906040108759322,-0.3346790430829444,1.2802619272842644,-0.8009146323308319,-0.22900021077055974,1.3336773549515366,-0.7214885542937983,-0.19104899100189116,1.213729016335809,-0.6436116786151655
me,fist,0.5348317422062704,0.19849824102206004,-0.10495706045315557,0.8853533498732781,0.6970759762860004,-0.24766924887563607,0.8948087544416602,1.1691214531133898,-0.347281605508505,0.7552050536459299,1.4654625225528393,-0.43978411461358524,0.7321067620102362,0.653514328003279,-0.6843188208793338,0.7163133846439024,1.3682895796552268,-0.8093878174502322,0.6824699137025144,1.2719055394488317,-0.745541435673038,0.6304012971979635,1.0983434411468198,-0.6812165827903639,0.3214771324382023,0.6473053716372161,-0.691120980124982,0.3402458741602848,1.3982269758560175,-0.8043465019974338,0.33962851722299303,1.2232838108674056,-0.7189746343367565,0.31661333632349337,0.984831836537125,-0.6653047726249535,-0.06898269020425209,0.6696293698907891,-0.6655778693096662,0.02570654028641002,1.3570349575087677,-0.752620977000734,0.04213675366883112,1.168653955222298,-0.6334980990926846,0.039179180205049007,0.9249297734252299,-0.5665392202450215,-0.39812938526686587,0.7172999350546314,-0.633456478794325,-0.3050745793476708,1.3193846252681143,-0.7355486682509509,-0.2584867263135446,1.1648979992489514,-0.6674877280553015,-0.24777141492867005,0.9352793975708503,-0.617721084152539
me,fist,0.5566621929272111,0.1736973781629859,-0.08616884735020845,0.9204692468030868,0.6407670410543993,-0.21255372381210508,0.9354587783568654,1.0844907259502774,-0.3077475999894175,0.7851787630916105,1.373956634144461,-0.3958299499715829,0.8015487488631221,0.6794147622077709,-0.570807648803131,0.8178997851878691,1.3222740947455254,-0.70057015058394,0.7795219638601629,1.203985937248283,-0.6584527987070308,0.7183251149058567,1.032203296848282,-0.607756668865708,0.4050167791690499,0.6949703760359611,-0.5941191673595154,0.4250678896606955,1.3810774728245763,-0.7205644127352916,0.4174276284740583,1.1993995221775766,-0.6552997924724135,0.37990227266929966,0.9742053351520952,-0.6045343543805953,0.007708660902013782,0.7130506791687153,-0.59206788974724,0.07089818695342934,1.3398573642729008,-0.6965330098879466,0.08538711565671936,1.1503008566566617,-0.5823564280710781,0.07335227010018529,0.9249008864267598,-0.5038920255431982,-0.3432048519392796,0.7415357860640484,-0.5834220748701283,-0.27032839465991126,1.3040016364351334,-0.6698214933353479,-0.23221729328495433,1.1350764038792938,-0.5827720179925883,-0.23716816072905236,0.9236731958997255,-0.5148374725968606
me,fist,0.34772153276293805,0.25580561936952806,-0.03053145294386448,0.5446950015952745,0.7050351108416546,-0.12905187431280715,0.5295141320526292,1.1258428430460572,-0.20182360435840035,0.4537502579781672,1.3965807963354948,-0.2664318310381642,0.6102190136819071,0.7328784574090493,-0.48646758033591225,0.6190177716009058,1.3411435410750736,-0.5762394662348934,0.5439632061174402,1.2542596238434067,-0.5144228061057224,0.46765353920935826,1.1042142057225162,-0.45794313789202595,0.35771320614789043,0.7771742930889756,-0.5177271291993957,0.34735313648103894,1.3640610101534876,-0.6005606306413802,0.309627080764295,1.2218522720955887,-0.5233150858766161,0.2667035004132515,1.0183925856820228,-0.47579290246524597,0.0722230222451609,0.8082238949380007,-0.5201256263561423,0.10836999879729117,1.3425368952113597,-0.5708992817367197,0.1007075227033213,1.1748688370147087,-0.4520775653279185,0.08523238032057565,0.9781002487068949,-0.38839289729985615,-0.20483221935833548,0.8360033204474397,-0.5136446834767638,-0.17596655228747915,1.3000533360410322,-0.549155364416149,-0.15274176242228107,1.152056306741538,-0.4548611157197775,-0.14562743889696972,0.9868441080842616,-0.3923245281919366
me,fist,0.5256353845225078,0.20211132735510298,-0.06169862093501385,0.8576753245908104,0.6407829387445232,-0.18120591151562987,0.880008087598827,1.0646610409214663,-0.2713874777920481,0.7327833706933087,1.3412238506160141,-0.35342011539292156,0.7523925726238156,0.6741220025542127,-0.5653975448036197,0.7730982589547628,1.304071171920691,-0.6494970705496453,0.7194140324471633,1.2195916597382888,-0.5601601010044371,0.6576502455683643,1.0511572075211366,-0.48293922251459176,0.36811788892016983,0.718259330663096,-0.5904174402677811,0.40705991413270753,1.3715698157553733,-0.6807089765138591,0.38531082999320576,1.2147280796306712,-0.5975346009293853,0.34705263670397724,0.995533883788027,-0.5443793932556142,-0.028804675300207774,0.7630616093816797,-0.5825875100174456,0.07645167019195735,1.3730392745101434,-0.6501062665557547,0.07670424196675303,1.1995023525218889,-0.5376001807433846,0.05180334666571652,0.974307798353377,-0.47380832871027756,-0.394266729593856,0.8139116549418226,-0.5659697991091901,-0.30812607227722066,1.3589895248685164,-0.6375166034226499,-0.2658367185325182,1.2158018517263356,-0.5600495837503249,-0.264115372108518,1.0113792053075148,-0.5029417851452817
me,fist,0.5432552525795069,0.14754318579466955,-0.1482301420805579,0.8929359451882443,0.679493518691937,-0.30816547066347605,0.8916107716813754,1.194257807615611,-0.41150346366719087,0.7435693121123839,1.5179102306913352,-0.5012330544070932,0.73068994866519,0.5734026164334636,-0.778399608538397,0.7464021105509805,1.3650923581994878,-0.9232957815924437,0.7072750823997992,1.2715936051020729,-0.8480128293774923,0.6566648176401824,1.0767904988593102,-0.7676492451606624,0.3014302929890701,0.563563443212626,-0.7691137912837429,0.34834831707193986,1.4196417332172944,-0.9228309172347352,0.3564159243012576,1.2422629381049308,-0.8358381312104455,0.3461786388704761,0.9794716690539148,-0.76805035821641,-0.09657708740820826,0.5944525494637698,-0.7268567475884841,0.009586702060561465,1.3654092475163477,-0.8483147144653342,0.03873198347250325,1.1701886235941112,-0.7292344177468683,0.0406509243357108,0.9086014939358856,-0.6500155561759177,-0.42926899164084215,0.6593550425603769,-0.6790519402279199,-0.3294752642730259,1.2994270500996061,-0.8139512289427846,-0.27357017380661597,1.149836487241335,-0.7617285763901633,-0.26335129356342984,0.9095003472822567,-0.7167997796477676
me,fist,0.5032627611852288,0.10432426964187796,-0.1840342615721011,0.8822189715236693,0.6055041894010844,-0.3908029212024283,0.8759450112680032,1.1362676364205182,-0.5230406079062676,0.6300807280197751,1.3845231491151482,-0.6157992437435084,0.7422020221720931,0.32687087855448543,-0.9166424951956916,0.7783342306236607,1.2089640317266734,-1.0636519866421126,0.70757666331318,1.2203940688721393,-0.936593770500901,0.6391532646915676,1.0349678344800135,-0.8153961026193425,0.2948177097222652,0.33005576001239556,-0.8967417205175401,0.3583554202281173,1.265284856053018,-1.0808096984610873,0.38322549374158205,1.1234902351185843,-0.9067452387246664,0.36589758985838017,0.8317622230743089,-0.7701948232252901,-0.09195347265338837,0.40308950693386053,-0.8439052537941218,0.009713944145846854,1.2810844970874844,-0.9406030004299036,0.060812657061471834,1.1254996773489074,-0.7215433484172035,0.03784007034408034,0.8299664801886317,-0.5761861434183222,-0.40609163305880247,0.5187455974281394,-0.7990628011594835,-0.2921792995105823,1.1787098858453682,-0.8711310949166059,-0.21469178098835362,1.0825695027479243,-0.7790407259555556,-0.2355445791297796,0.8504743763758986,-0.7203367176258453
me,fist,0.6193012802781,0.15158024880315782,-0.18370710092628711,1.0953505147023157,0.6615828397286735,-0.3930864910353504,1.1336620431402977,1.1780793125021845,-0.5393314536631696,0.8751901022180535,1.2956594633632799,-0.643737996859803,0.9828205583888691,0.17063766903078484,-0.8345247168867395,1.0164828715190222,1.0404373613343607,-1.019220653250815,0.9003275244162056,0.9654295016853804,-0.9738623228815795,0.8486589125782891,0.7226262265354927,-0.9231609472578387,0.5106355323553589,0.2018356175991442,-0.835771342272832,0.5842905700648345,1.1372587035240793,-1.0086849455372173,0.5441385506553941,0.9836076219293861,-0.8558062195096814,0.5293545445518665,0.6930654436712755,-0.7662939922167745,0.10981334377633852,0.31448716398049387,-0.8140962767186711,0.23234123194693157,1.1954312310392747,-0.8648731241887628,0.23149564812258008,1.018600508073241,-0.6368260595656292,0.2211565660697894,0.7332900057967792,-0.5139001524464645,-0.21982163052161655,0.4502275798552236,-0.8110914876187829,-0.08040175959103481,1.1172866467836144,-0.7741034898174277,-0.034143438360400374,0.9832419168968615,-0.6219202141065144,-0.02232969501251791,0.7363560573450266,-0.549711107286542
me,fist,0.6336422382380203,0.17609813403996005,-0.2122695903270854,1.1678037465552493,0.47723887651419655,-0.44592233549486,1.3175419218907491,0.8328777609551024,-0.6462344078910409,1.0770154722682246,1.0017508697950868,-0.8290811412318471,1.136188490064305,-0.07152392852016774,-0.6757726430585212,1.1660720330830103,0.6996043961710944,-0.8720075753055153,0.9598991943257086,0.7993531049989868,-0.9030867602632225,0.836713504021731,0.6525612192941347,-0.9270474178976779,0.6953325406034128,-0.060079045781482036,-0.7161725813210039,0.7815527212353389,0.7808004698156606,-0.8771669510855749,0.6340975692560691,0.7658618824393014,-0.8182291611143779,0.5975880729162791,0.5608477837939894,-0.8118621460370739,0.3003924712207999,0.05737059951353382,-0.750264752123666,0.4105428896451915,0.8348081984418368,-0.8386952896481525,0.3560351952795421,0.7625124019683711,-0.7076654877150641,0.36129060678506164,0.5514790979157604,-0.6534302641584169,-0.027660563313207064,0.2022513231081648,-0.812317363336087,0.1299954135863925,0.8150835180193703,-0.8485016232344135,0.1553690870961634,0.7575199088728737,-0.7639734681313449,0.15855651794153944,0.5767711211580591,-0.729580112463223
me,fist,0.6086264302236281,0.14074977661819613,-0.1858156844072895,1.0968642311931944,0.6334201296194194,-0.3916025730900637,1.1376832592720045,1.136646830516206,-0.5334850837909244,0.8692781731774551,1.2589936680832143,-0.6336535689086317,0.9999009707923131,0.10068244983197645,-0.8278627076283471,1.0368154446156503,0.965756788485802,-1.0187969149184575,0.9075513164375971,0.9118357111314783,-0.9813765171113162,0.8492112003704975,0.6775274190079978,-0.9337463482928515,0.5427379332098731,0.1205880271403542,-0.8312003750994538,0.6107225233061514,1.0782674585634884,-1.0131977537875745,0.5541287438328926,0.946496456867428,-0.8677057194357676,0.5382106656535712,0.6496021761137132,-0.7787736506868975,0.15363579623033297,0.23370496218050327,-0.8136435777074246,0.27262588869957916,1.145924060232268,-0.874058691404496,0.26642174667725865,0.9935655477942581,-0.6638703894124183,0.2677030049751348,0.7117275501234502,-0.5478678410481607,-0.1730048458621471,0.37738563091299493,-0.8145387586504859,-0.030623504141238895,1.0526828937088477,-0.7797307116241103,0.021640999298507164,0.948829063603487,-0.638777684906547,0.048791641633590996,0.7092681872333635,-0.572556980374783
me,fist,0.5331065413261586,0.17380343741276552,-0.1867304369978518,0.9909455641401551,0.7166484991805246,-0.3962901137410329,1.0339531096041572,1.2317554641123765,-0.5384975140671876,0.7612048796323692,1.3422965670607334,-0.6338716564239397,0.866832456790467,0.17779438055328678,-0.9074522250145731,0.905393842211545,1.103631525043127,-1.1251724680479416,0.8291726869525471,1.000180462620955,-1.0791989549689804,0.7787080979966572,0.7213808390641204,-1.0117326443547456,0.3855544739556539,0.17798955507774394,-0.905354883952147,0.4531533116563803,1.2074084175831639,-1.1309438989557803,0.4339706978715071,1.028006963714893,-0.9872450138027159,0.4049827291377961,0.683671331918489,-0.8769152309716892,-0.0272197566922125,0.28915843293484983,-0.8763294219163219,0.09933834535033406,1.2440816250840667,-0.969872546192501,0.10449250074282487,1.0644104858904366,-0.7360608884247064,0.07644522690547366,0.7409373073825954,-0.5874859707834971,-0.3386542228779052,0.44649555431226934,-0.8635922303111332,-0.2109492444975928,1.1544372332637678,-0.864171631881706,-0.16219285292364136,1.0269282224134564,-0.7245410554900227,-0.18034214876463078,0.7764276678142624,-0.653008593089486
me,fist,0.5560298763254886,0.1729701332611708,-0.1668644133542751,1.0310853948618421,0.7454892916074385,-0.35341282604965785,1.0931276801771947,1.2642155254005318,-0.4743157418408636,0.842000912835192,1.3614249364181308,-0.5483942871444163,0.9272740715781761,0.2344174747293796,-0.8569474863324692,0.9801975413152839,1.1617509258874967,-1.0482910073944958,0.9010245979792721,1.0604762778491792,-0.9905402520640197,0.8536418617208406,0.7907922118376198,-0.9193188148840372,0.452988127705163,0.24953649800101188,-0.8558815877932893,0.5241269054484069,1.25416475018523,-1.0419228504028482,0.5011292132713285,1.0746661478226562,-0.8832106727237332,0.476403071452569,0.754672908102139,-0.7709324336325833,0.04294132226403645,0.3619085581040774,-0.8279729938796602,0.1710083429178627,1.298956789174457,-0.8946112969507156,0.17250514203930084,1.1067793389956413,-0.6597573408514894,0.14353530555785138,0.790467697011905,-0.5181488420713202,-0.27223171149079606,0.5155818267244698,-0.8152012179775169,-0.1384813443177475,1.2067362195783582,-0.8025034911541186,-0.10137873769939591,1.0670341178384048,-0.6623118746171208,-0.12992532725013703,0.8212503008629434,-0.5918894786589457
me,fist,0.5294202979218194,0.17818732849856034,-0.16852340716878256,0.9879301073731338,0.7347071765478635,-0.3625310502329291,1.0535098163523806,1.2293823829867778,-0.490222650320588,0.8215786477829201,1.3134133358894182,-0.5725155701625093,0.8825292037417328,0.23664963129961408,-0.8720949359655957,0.9368581753283025,1.143868783868888,-1.064460512974642,0.8501389723600077,1.0356493263476896,-1.0024786476594538,0.8031527355655002,0.7700677049166338,-0.9272519454142637,0.43035615143207867,0.24575106611739084,-0.8685620279673384,0.5008048614380767,1.2344979665465565,-1.0508748101376715,0.4765734164886609,1.0500359435859719,-0.8874719611228034,0.45394145252521745,0.7361056720715612,-0.7717325704370241,0.03932605247734034,0.34778174073060497,-0.8373692448623875,0.16166435256928374,1.2747336744069497,-0.9034829585604908,0.1631543511577305,1.0794123198033068,-0.6654636542758052,0.13534742858709167,0.770905134045337,-0.5217222250987407,-0.2609501823786193,0.4927657827626556,-0.8203992261073227,-0.13536126834840417,1.1799010349385035,-0.8093897577678835,-0.09671447629905287,1.0445859815073393,-0.6693913043947123,-0.12196635650667016,0.8082971416639052,-0.5996978499346245
me,fist,0.5104282758047998,0.14812853563750097,-0.16893394317652427,0.9529292324658993,0.6615690853603546,-0.3758571713570618,1.0167944759838135,1.1788511164658129,-0.5160948657888308,0.7585180736058486,1.323869422872132,-0.6098327710349971,0.8392536966393265,0.20562752528903838,-0.9050108690549911,0.8829466905513083,1.110916005776366,-1.0925235803079802,0.8114457322015932,0.9882331937371029,-1.0046667337914499,0.762283447169599,0.7329376497647411,-0.9096164205797035,0.38195902556744904,0.2010906951978122,-0.9020364932154493,0.465167248894379,1.2200314303730215,-1.1031175892289016,0.4529949844669988,1.0268133129977108,-0.9405515998183465,0.41530384940991044,0.7075978600224758,-0.8154999708749778,-0.00772248148523648,0.30753178079854115,-0.8670436639490043,0.13051350251183022,1.2551145169053965,-0.960231673062549,0.14283262199344482,1.0745618999694173,-0.7298277491211003,0.10303652293741837,0.7745959282542374,-0.5794614503789539,-0.3089298022687864,0.4668811707953799,-0.8419242191204568,-0.161222415261988,1.1706176342443226,-0.8626890625297029,-0.11196463704532171,1.0507949428177712,-0.7364328606138889,-0.14441461744186201,0.812957260910277,-0.6679240428280183
me,fist,0.4977396911320019,0.15223542375242827,-0.1963223450365969,0.9349251283845063,0.6453830165749659,-0.42202937712380634,0.9798871098897951,1.13653657387539,-0.5781906086851814,0.6898008832269592,1.2660648576700084,-0.6882045736139858,0.7612339415205525,0.13937937541149426,-0.9588330355038946,0.7906146659381331,1.0578477329306464,-1.170559670822142,0.7420743283133308,0.94662222081955,-1.096275601149973,0.7078323698972159,0.6890642023590482,-1.008504119154525,0.28514291534659686,0.12278924569646507,-0.9505873547280842,0.3675106604833615,1.16102698125142,-1.1797477630911744,0.375684943396062,0.9807251448267869,-1.02412728806404,0.34529175294977144,0.6562192375034439,-0.9020535994086297,-0.11327825105029175,0.23137380928587795,-0.9122324629652765,0.02474422913020896,1.2041804407791952,-1.0291887450446349,0.05443163524389483,1.0342437202860006,-0.7979856055331335,0.02317965544885249,0.7241679726110645,-0.642485223995407,-0.41704532921397663,0.4018173001244763,-0.8863623909550599,-0.2640630153037101,1.119763180689528,-0.9169982535362667,-0.20438595436138585,1.0119051222612894,-0.7898102479583354,-0.23767065751405558,0.7690603697455332,-0.7208320537275865
me,fist,0.5453856119716518,0.1702271114235758,-0.1761380982984807,1.0160276266399317,0.6679455766735322,-0.3861052642551694,1.0794673549692593,1.1397079911438694,-0.5249685031385489,0.7775088450962078,1.2601264414417128,-0.61797731900298,0.8199733301831504,0.12306510378398686,-0.9298860217593401,0.8708832076873263,1.0196423108268333,-1.122672400037751,0.800530710692998,0.9226839428827605,-1.0565777444556066,0.7709030112090286,0.6549407530660025,-0.9859030830952443,0.34481735343168946,0.1312732660771406,-0.9294451691120922,0.4357833909483556,1.139986736539663,-1.1183114660284361,0.4196343163475082,0.9770034908863617,-0.9440860019456818,0.4065023110345692,0.6690361762717313,-0.83420196032128,-0.05282411959181074,0.24729900524411028,-0.8973408310642365,0.0844679822537602,1.2114582421717408,-0.9619946797384678,0.09863852833211426,1.0258203982989282,-0.7120918542250617,0.08405941926228981,0.7153617280664174,-0.5700618128427419,-0.3643986500375847,0.39467558393828667,-0.8807241788175951,-0.23107766331842747,1.1055903454658234,-0.8552540836964687,-0.18257962540906067,0.9620937972454819,-0.7022559564725211,-0.18985116802714463,0.6996896031656485,-0.6329482238734063
me,fist,0.6106693301902234,0.14123211798807103,-0.18926915347680223,1.102386891380021,0.5830732573227329,-0.41011297540534625,1.171247519554096,1.0236539550042503,-0.5664492310248516,0.8880052449389121,1.123078526441221,-0.6900166241234217,0.9066235396382653,-0.03765006635252243,-0.8822707023833272,0.9649727848028258,0.7966710683478404,-1.0586197746004842,0.8465492371768544,0.7845652540428252,-1.0098334644453653,0.8140040667202363,0.5811412630292154,-0.9691682005869182,0.4409654289742463,0.009108245353679918,-0.8974778717696253,0.5427630262010845,0.9132556083353586,-1.0790898616107634,0.4903695326190309,0.8192148927594843,-0.93036417857992,0.4813661056980449,0.5556239302610138,-0.8548351922968268,0.04933374824223398,0.13887882506223728,-0.8858708979147489,0.2122463679144881,0.9999690390185068,-0.9569546297567775,0.18908594113173188,0.8692070913380046,-0.7373901882663758,0.17362379296711536,0.6084262157305736,-0.6255582907145877,-0.2775357050340356,0.2925133458751052,-0.893420842569046,-0.11476570195656803,0.9350804735882065,-0.8739292197463839,-0.08150014299888995,0.8444082412811775,-0.7300789437701681,-0.07712762619748256,0.6217498296445236,-0.6695376434279443
me,fist,0.6808213127555797,0.1363685683616072,-0.1938674728332234,1.2498640759468302,0.4618527315488011,-0.42486684371514305,1.43556628645739,0.83014347343313,-0.6245033108156519,1.1132075555512313,0.9061161594651975,-0.8012445173145477,1.146712334258011,-0.1890332776114738,-0.6717777568885559,1.2029657756941532,0.6356106736076201,-0.868035647062762,0.9909535189305244,0.6929509192511769,-0.8888628515257422,0.8914454327751236,0.5098476001594959,-0.9067295293623185,0.676335589641439,-0.15856031287138117,-0.7193252375431414,0.7846661283196207,0.7759860696598028,-0.8918591800376909,0.6388653000665435,0.7242176280673861,-0.806977610668244,0.6246501433291494,0.49419756532744424,-0.7838050210668603,0.2695467909224285,-0.017990583099554654,-0.7599973096322608,0.403689584990521,0.8429638031751001,-0.8627555922152927,0.3322501771023836,0.7369571323404743,-0.715984541904827,0.32401447770381214,0.507950100225612,-0.6515308865248516,-0.06866385767038274,0.14318191128458174,-0.8247282940120068,0.09873183618244827,0.7993085570547057,-0.8470285290840383,0.1218027158817156,0.7255669794354639,-0.747946403998701,0.12556697675684372,0.5212675879691272,-0.7113759532289297
me,fist,0.7063790831692659,0.1653487613284445,-0.1985489947952699,1.280320902437802,0.5036588925789921,-0.41895062032354424,1.4562017235560165,0.8679646345958422,-0.6038327111983196,1.1283255441118238,0.9328375996169762,-0.7655388568178839,1.150431140783299,-0.19843338754567721,-0.6851554152559195,1.1824486986990383,0.6515783875368127,-0.8808623624110399,0.974030883215885,0.6735705014668796,-0.9091646376021078,0.8880928971636021,0.4658826614642052,-0.9394076379454479,0.660667273381676,-0.15967111861289146,-0.7335011164022383,0.7597782719533928,0.801687207968331,-0.904667596010101,0.6293915099786186,0.7227663215608608,-0.8272568914504522,0.6149085881104328,0.4837824855745781,-0.8176168681081499,0.23676305986756987,-0.010162214226972567,-0.774863422177781,0.34736816741813487,0.8683862134648509,-0.8700723872998876,0.2877423518887478,0.7306651410402863,-0.726207972242579,0.28527457802924716,0.4930190592413357,-0.6723379753154786,-0.1157359697847878,0.14985986954557837,-0.8428216053297402,0.027471437291702715,0.8152240062925261,-0.860717923794968,0.04976413525263088,0.716954663039479,-0.7652439819805444,0.05581748296643814,0.4999773642090024,-0.7384181843632609
me,fist,0.6789084616766995,0.1653200697032301,-0.1803050689602318,1.247716320943981,0.5341705085754294,-0.3800521711543949,1.4362578182438182,0.9084269894662043,-0.5445416348752735,1.157852618010007,0.9699664999094836,-0.6833188712490719,1.1789488753998285,-0.10911590934447292,-0.6458056000713653,1.2127570746758733,0.6793054128866411,-0.8335309400831912,1.019369931361431,0.6967311200874525,-0.8532888023100432,0.9462674896308287,0.5149155384884961,-0.8702970489126383,0.7239658907220117,-0.06792418483286548,-0.6864835716795231,0.8034899528324256,0.837983786291906,-0.8581249451565589,0.6808699931472505,0.7490844609768084,-0.779516435714684,0.6572728510122485,0.5188201769200368,-0.7566191825152517,0.31218741125426436,0.06622728750227563,-0.7193121203879765,0.42362175421371,0.9253101433459887,-0.8263515875048981,0.3603896131683707,0.7853057861498605,-0.6944503296138017,0.3390259094766025,0.5554231803543154,-0.6357885821073329,-0.03170993855032899,0.2179682512311172,-0.7731922712933411,0.09477044074343992,0.8787052494397385,-0.7972851297066432,0.10479182240710519,0.7726330205892303,-0.7095745731426573,0.09523202319350037,0.5561789731307379,-0.6797892685582053
me,fist,0.6982679341029955,0.18013129844253986,-0.19618738957676593,1.2448078383628791,0.603913363276697,-0.42437889631475806,1.3549220712929884,1.036904447032959,-0.6043549575557792,1.0199487534407539,1.110643538157981,-0.751127586595793,1.0408000717918837,-0.09540308694369355,-0.7977727629921243,1.0840388104316472,0.7670399512898196,-1.005252770744986,0.9306327415923812,0.7502222692772048,-1.0015604444805473,0.8832476640442427,0.5380176892201929,-0.9947737043937864,0.55394377097574,-0.05119527148646364,-0.8309785453154636,0.6627008211718259,0.8967372629283731,-1.024587407949752,0.5777203976433619,0.7904527480298095,-0.9074126844194731,0.5528371990890862,0.5510604033039438,-0.8585865944989599,0.1390578230617576,0.08770160693382582,-0.8480782420079296,0.29269384233228685,1.0124401384152386,-0.9476355188181184,0.25629452784035534,0.861387497574642,-0.7585190054109453,0.22567455154584123,0.6100814272031546,-0.662889738561928,-0.20945984377728896,0.24727573969954944,-0.8890584872610321,-0.03469710280893284,0.9818179927770332,-0.8855954916153733,0.01274706352926961,0.8823421180063032,-0.7590441931883677,0.012588184929412105,0.6488348928083193,-0.7092071891077729
me,fist,0.6963352183664913,0.2018663931772202,-0.1949331249037918,1.2570822341109418,0.5246411533076183,-0.4163347502989687,1.4425907676072274,0.8907446506260662,-0.6065947651000446,1.125814994338128,0.9613175234657535,-0.7752597462060609,1.1440192627857644,-0.15912090534026507,-0.6766928456919001,1.171792045933389,0.7011742766667801,-0.867852895173909,0.9569380764052674,0.7415651154977411,-0.8889890393492197,0.8598945029426731,0.5396590028306614,-0.9089462413731367,0.675535943248034,-0.1407056955417206,-0.7237769660759519,0.7620623134433194,0.8166842273910463,-0.8861818967563674,0.6195724761547143,0.7504318196626176,-0.7909830895251799,0.6007928226158801,0.5117108168230557,-0.7612646486600015,0.26346266130866025,-0.0007470549164176077,-0.7643864611963272,0.3731682904909766,0.8639808818875041,-0.8516050355839385,0.3001809903153186,0.7372330033180273,-0.6932551263563598,0.2894967461858937,0.5024128724825617,-0.6241440601553739,-0.08302338992293955,0.15800607183917095,-0.83213925025599,0.050811082742071474,0.8171202458511581,-0.8473668963326143,0.05515832615601736,0.7167293845526597,-0.7435923127789421,0.041270441368300596,0.49808703180124686,-0.7045982262342436
me,fist,0.7209855430922731,0.2142514159540925,-0.18848993204540943,1.3137954094170792,0.6432553901547535,-0.3981817528331178,1.461586827307278,1.076416163577016,-0.5686669034655469,1.0944939051432128,1.1683610727800153,-0.7185213732818965,1.1909146300024394,-0.014578200208303695,-0.6980965129947059,1.1730899906041599,0.8649215148952674,-0.8916430407311463,0.9782487106500103,0.8482658844036145,-0.916655889401324,0.906983756408547,0.6215670115344053,-0.9396062246606022,0.6661239787989469,0.013084628159966897,-0.7457262482808122,0.7377936811029774,1.009410434157873,-0.9143464128963674,0.622846308364414,0.8958721404247821,-0.8262998694460686,0.59951631985326,0.6447659254334932,-0.8020840771987297,0.19990957008940338,0.13763706661641195,-0.7833629714622974,0.3089520153989339,1.0545219644277786,-0.8709272206539012,0.25459299353773596,0.8951590385295567,-0.7206524935357591,0.24574540337175282,0.6526494655973374,-0.6559690034330187,-0.1918282871254333,0.280798168824904,-0.845256467901714,-0.05162336438668883,0.9841904725222038,-0.8491934451979033,-0.01230184239127666,0.8738965177696105,-0.7432159055872745,0.000834483232775447,0.655696061777709,-0.7060769859037098
me,fist,0.6375625106502273,0.1897437878974567,-0.1806245476255803,1.165993328092111,0.7177572448391172,-0.3956328885747,1.223907259672952,1.2167805696855456,-0.5427072891866088,0.8568521267306267,1.2984601914372653,-0.6426744369530463,0.8943730603756672,0.08473552228180865,-0.9174660453379389,0.9369190101638727,1.0080581662703738,-1.111790099929848,0.8983626458802367,0.9233634064470592,-1.0414751799919497,0.8676168393916021,0.6488552094861839,-0.9679397048687859,0.3706373078381152,0.11509472734323059,-0.9216187876645645,0.5056569067729457,1.1561565230492943,-1.1083232581843379,0.5254933527163953,1.0169880333587193,-0.9312384069049068,0.49307960205998813,0.7161521026743262,-0.8217983205558573,-0.06289807827743213,0.2650331721107026,-0.895394404426362,0.12010267888762977,1.2518719110210321,-0.9541922715244665,0.17049770217964974,1.0805306078302928,-0.704193492372845,0.1555827079178896,0.7644337904213806,-0.5643629604430029,-0.40218049648726356,0.44961601550930763,-0.887404160150939,-0.22858131685542912,1.1864879647039466,-0.8386264756648343,-0.15566872633423914,1.0583709157288457,-0.6741789494112614,-0.1615254678116097,0.8022992256841394,-0.6024020908537013
me,fist,0.6031401554706574,0.1841059549548852,-0.18177109397964883,1.1027995741316912,0.702537425805989,-0.39762667758139825,1.1556614686873272,1.1769804022280415,-0.5432193474570518,0.826853038128659,1.265636633802388,-0.6417396048241569,0.8491300496550109,0.08991388003395646,-0.933447887448882,0.8860042396261015,0.9974592595618185,-1.1254229285873165,0.8430127080284379,0.9199957798848757,-1.0508092467582233,0.8143283661953431,0.6499361154839322,-0.973291520947053,0.33818743507464655,0.1168152984572246,-0.9338005380186827,0.4644178852382274,1.1470070302931994,-1.1222420772287136,0.47949202408559477,1.000714635983332,-0.9430110246373038,0.450036474594678,0.6860010748059198,-0.8297958950865288,-0.08411294039216294,0.26069657884398145,-0.9026033327378097,0.09392530561410128,1.2382692055979798,-0.9626795575671362,0.13372696172989812,1.0666799630969024,-0.7099311020312468,0.11423444990103587,0.7486069945938316,-0.5672076977749787,-0.41194950329368885,0.44022897631562363,-0.889066438079272,-0.2489635962864576,1.1657964716646152,-0.8510022805730514,-0.1767596595527887,1.0413627345823655,-0.6930676012141959,-0.17627296526439196,0.785120625212935,-0.6235655275436327
me,fist,0.5531959282639125,0.15549474256542656,-0.19064047038762538,1.0324024501072215,0.6741577821850543,-0.3966211274744326,1.1049797679497115,1.154309837344691,-0.5268268468686239,0.818209591448432,1.2613687180824464,-0.6062559420451581,0.8235328982511727,0.15771333192589992,-0.934272872844281,0.8644931810799675,1.0367827455139687,-1.115024320638885,0.8171698130351791,0.9314068262790869,-1.029411009781156,0.7807067679930625,0.6643679676619272,-0.9457775931945122,0.3489586770390947,0.17945466701842772,-0.9197955556559457,0.43567985815909416,1.1759114860720534,-1.1042891596083442,0.4439932284333631,1.0124305223423489,-0.9258022094647373,0.41330351286691674,0.7047593239442682,-0.8091583501776477,-0.05301394117172158,0.3030513205596058,-0.8740625852973285,0.06814733126471798,1.2531052257881163,-0.9324165526695605,0.11873163570579505,1.078716676400592,-0.6875699858624263,0.10614108854510168,0.7678765449961845,-0.5489080340772692,-0.363440477641357,0.4576436359655244,-0.8454931509005588,-0.24525395034552816,1.1608133094592759,-0.8308959023896745,-0.1583425977514555,1.0497229989609735,-0.699438983594232,-0.1455454399322897,0.8166067709695046,-0.6424364386054127
me,fist,0.5475368260497049,0.17385241857018582,-0.19976146995867683,1.0314549936435649,0.6741696542201888,-0.4138447197891865,1.1256728833838616,1.141708361826434,-0.55589677281992,0.8389493261105024,1.2668773076236364,-0.6457437906558365,0.8110522734127817,0.10625612335571097,-0.9444745821219839,0.8811862261818586,1.0141349065971137,-1.1409097999599038,0.8173333913647309,0.913058394600827,-1.0564078015472127,0.7837922028269713,0.6479827985851692,-0.9692636625861891,0.3257004758942269,0.13643826301103615,-0.9355767207390345,0.46508844601422733,1.1480103950514804,-1.124151997621445,0.4600164922881997,0.9789246979405626,-0.9372083921558668,0.42598622249828727,0.6714659816853792,-0.8167567741595919,-0.07816616461237219,0.2772723748708878,-0.9005783725943457,0.10880629272546921,1.248386899001301,-0.9782578836201926,0.13583386764158517,1.0564970181917872,-0.7275475320955023,0.10354983641176425,0.7328834943912724,-0.5804001824000167,-0.3893054087021019,0.45747584683744097,-0.8837538094511351,-0.220706738664729,1.1622875899775795,-0.8781782084791908,-0.14485171172957764,1.0308510651328884,-0.7420940111627257,-0.14434545007452387,0.7731156095132261,-0.6823486932152902
me,fist,0.5467270375808105,0.17744550646493606,-0.18656717102085965,1.010150037365526,0.6617232763361288,-0.4002543082087135,1.0976281349602133,1.122762267370911,-0.5466340534774892,0.837553133317539,1.2387571342663055,-0.6414662368803158,0.8110170806332728,0.09691498649917427,-0.9329008544110867,0.8769967395620539,0.9953776367218355,-1.132089402790814,0.7920260549859901,0.8936672503906501,-1.0480371289858268,0.7553250925328806,0.6300721488751216,-0.9625317538367871,0.32979262457019487,0.12274277402851706,-0.9360400825834794,0.4679546838675531,1.1255756641681922,-1.128368897325992,0.4339042944111899,0.9553312516220667,-0.9396046557743126,0.3998165988244557,0.6498905252560486,-0.8201727548727026,-0.0748105529322926,0.25848875600574617,-0.9135824353093422,0.11617184129710476,1.218902094964152,-0.9972212175215485,0.1092990597029624,1.0281148687665473,-0.7380053135781418,0.06747319056190573,0.7108899076673352,-0.5858379724287222,-0.3911283134769433,0.43418133377835305,-0.9089736580162062,-0.22860516727334643,1.1344886132811156,-0.9068379279959826,-0.18033544515039213,1.0026512294999135,-0.7639766745772002,-0.19255605134450088,0.7469645681879126,-0.7003057689284665
me,fist,0.6212767348023297,0.21387333717853022,-0.18336757621553312,1.1351566424216453,0.7299322944040592,-0.4026569394287468,1.195508076327964,1.225661969511152,-0.5600093302548249,0.8447182782145563,1.3199057181832217,-0.6709378893245286,0.9129425148075472,0.049931121999340335,-0.903969022350446,0.9651960578167254,0.9919505318352034,-1.1141848718377423,0.8646078554070642,0.9033100116372083,-1.0606904077378074,0.815357184854414,0.6386297635917367,-0.9985566666623359,0.3914211560361453,0.08301527222507027,-0.9164594607426589,0.5245042668823057,1.137055799731363,-1.103616099576294,0.48947173353387285,0.976487558962656,-0.9276686578951097,0.45245059477817084,0.6606692267875366,-0.8252539135897167,-0.0458952903856408,0.2364853073444346,-0.9046012266285443,0.15093006146088672,1.255879474579907,-0.9779467093318894,0.14110231873407633,1.0722192385703617,-0.7239375018869704,0.09844105661067067,0.7450473591947737,-0.5816445154517356,-0.38869054244984486,0.42827308717623863,-0.9121825890148795,-0.22005504235350887,1.1662727387723661,-0.8807099725116644,-0.1805121327250454,1.0302259991098508,-0.7198292995203832,-0.19193898039057522,0.7639374468683624,-0.6518921482601789
me,fist,0.5712947746189044,0.19494694132183024,-0.19333504463111664,1.0352168910566453,0.7307193287208302,-0.4136598964444572,1.0648478367766865,1.2075483291243254,-0.562181791192725,0.7472084266428793,1.3004480215800114,-0.6632025969010791,0.8081248160014242,0.0949105740638273,-0.947979277255992,0.8469596681970375,1.014652211386907,-1.150625175144676,0.7860819081676554,0.9238095307091394,-1.0817737402609475,0.7487335350607479,0.6513158050216467,-1.0055456974357573,0.3001527004100784,0.11904284105066278,-0.9464339165684651,0.4195327042463465,1.1680718737746807,-1.144228552029451,0.4307335220144163,1.0088327779569393,-0.968479355935941,0.4015895683712477,0.679048194221743,-0.8547190756482893,-0.12053213295459893,0.257528986099251,-0.9159857542635141,0.05483433274657489,1.2552497374888905,-0.988674150402895,0.08742698538310659,1.0794794452811531,-0.7375280515044945,0.05633768872666254,0.7589079565512813,-0.5921084106737246,-0.4461711896033792,0.4363047713805637,-0.9037150353423459,-0.2820301069232865,1.158070346660303,-0.8804179869578942,-0.22115590979319616,1.0367584075633574,-0.7271732347971912,-0.23741679463956022,0.7845141387187939,-0.6587267046658642
me,fist,0.5934679878166194,0.19269959503993073,-0.19618845055739817,1.1076186196420148,0.7674560983948013,-0.40127136804997127,1.1556385239647704,1.2800359358591349,-0.5390093929782543,0.78743819450227,1.4232982081601944,-0.6216496564297465,0.8979018159418661,0.14851218523226983,-0.9066249230975931,0.9483540285461183,1.137640508982493,-1.1122767406268064,0.8523681061730091,0.972092454826064,-1.0497163016549043,0.8178934589522431,0.6866492534782598,-0.9788611849502206,0.3821340247118403,0.18808774888900026,-0.9047632761531599,0.4864862192997917,1.2652004547932012,-1.0796088068183607,0.4430908234499267,1.0511167685090663,-0.8955881386197178,0.4090908704945255,0.731008889905665,-0.7826275644128282,-0.053549435596801205,0.3392387429766889,-0.8803389899679417,0.09402183438785514,1.3537500715748305,-0.9531525775376114,0.08596478940404095,1.1303084533349712,-0.6940281075894984,0.052417252643788985,0.7912228006869438,-0.5442168442884553,-0.3881388214838204,0.5268775030659577,-0.8747744230962919,-0.23878511547105313,1.2733996414814257,-0.856167093373073,-0.22389936593899185,1.1099054540291113,-0.6971599853579385,-0.271508363633325,0.8355767247886527,-0.6261386399754918
me,fist,0.6324911504727585,0.2550853643776004,-0.18579377441989492,1.1469289412841397,0.9185114340129092,-0.3836391216227393,1.1479011688609937,1.5288850712021145,-0.5164285407381711,0.6964511642441168,1.6745954024035343,-0.5998610926913371,0.8921569324575102,0.37285895246168027,-0.8659902716885288,0.8472145553036527,1.4220871810904576,-1.0587383733390807,0.8580936756342689,1.2481361433489577,-1.0011709835734943,0.8701222406683552,0.981467723373347,-0.9334928254625516,0.38332671654978673,0.36009704246573976,-0.850523808242066,0.4232039853577977,1.4327176471979146,-0.9917483072085167,0.45768068556315544,1.2577107065553232,-0.819710891876533,0.43186485576628264,0.9634951744789747,-0.7221663352117542,-0.043516101842535904,0.4820899730049895,-0.8110499265980659,0.06053036904742702,1.481683934643757,-0.8784137804582166,0.10230949638717023,1.2990653855950232,-0.6664172709586359,0.08147509961190641,0.9725343863761886,-0.5481937619843111,-0.37806949649012983,0.6677714942967277,-0.785124142491906,-0.23373999787859187,1.440011915513837,-0.7867816159496749,-0.2112267818995802,1.273342907860565,-0.6597507098794675,-0.2782015739630215,0.9835220379663598,-0.6043356353984329
me,fist,0.692823695325911,0.25914285536830806,-0.2211516962103561,1.1680887544434075,0.9935587375494489,-0.4391748081969034,1.0433412044607377,1.5909621307268433,-0.5755953893721057,0.5263648516577273,1.68345726718752,-0.6639181093749845,0.664228249663419,0.3319960905757974,-0.974593464430251,0.6104358868492054,1.4036364037224793,-1.2024361480191992,0.6969255261750243,1.258074884072658,-1.1714623452988089,0.7259020932644382,0.9385372045046941,-1.1094100361693133,0.06963040459387897,0.34468004865161345,-0.9361342162412472,0.17196360179613465,1.4886823579433173,-1.0856102237498375,0.3077925815926135,1.3333990241838756,-0.8958411723256021,0.27457076513803225,1.0182687059361915,-0.7859433634510706,-0.3725594232332368,0.4771414513692051,-0.8727086033155749,-0.22143512428942572,1.5570384420330825,-0.9129445454146428,-0.051807385176062155,1.3914387815120008,-0.6817490454131676,-0.050705698070902486,1.0506187748010247,-0.5553465642491634,-0.6661411094437824,0.658766292360416,-0.829047267271461,-0.5017947265391315,1.5048990695513393,-0.7715849635553401,-0.36127154839026426,1.3874895626735606,-0.6168035946020879,-0.37485861408747273,1.0974823071708266,-0.5547503661231306
me,fist,0.6544498550167607,0.24983360145334485,-0.2432218291533354,1.0614614515671537,0.966801216279505,-0.4735368560474962,0.8684063765525936,1.5340786025508886,-0.6193281194492378,0.3241550385221601,1.6195420609328028,-0.7250349294713134,0.5055610166007236,0.24742461607572208,-1.0174812904442492,0.3689509316360001,1.2822317453603425,-1.2568877920413477,0.5101726461974528,1.1922750251828897,-1.2390158590486855,0.55801340052938,0.9143729071578705,-1.184657552897467,-0.09161993825172607,0.21825588082314964,-0.9715812664933701,-0.056857672366869144,1.3684523564230935,-1.1561234897450077,0.14511451054518817,1.261325784812753,-0.9863604895889893,0.14202822059668435,0.9556958087354184,-0.8799381060840374,-0.5285445326826019,0.3253517570545374,-0.8968558742250675,-0.4319945253554349,1.433597580483839,-0.9756504104385404,-0.21766293838854095,1.3020052871726422,-0.7496797075493945,-0.2055285334676626,0.972178023492745,-0.6114911177376057,-0.8191572460098889,0.49435539767240866,-0.8408428764937291,-0.694500904601684,1.3522322561272173,-0.8086415180499724,-0.5256887590113322,1.269708933552845,-0.650912611118908,-0.543882090677736,0.9858218185021966,-0.5769292746212056
me,fist,0.505614150381551,0.3602734708426499,-0.3769865709900352,0.6704890974731457,1.0057525625436947,-0.6032823590743606,0.4017986972648524,1.5804061975046475,-0.7184084287420781,-0.07477473688540567,1.6786641217769371,-0.7862921703544282,0.044632459472235576,0.3802837093892954,-0.9476769637496443,-0.03283866570479755,1.3654836750679145,-1.1070858109443813,0.1475063295458266,1.2517873199376697,-1.0096666909672622,0.12455946526605666,1.0010950908854266,-0.9234790091718048,-0.4546518802108854,0.4084136491785276,-0.7915111868984451,-0.4231573551517638,1.433261169937765,-0.9666176187266103,-0.21336525776159265,1.3289732588605672,-0.8444809755317738,-0.2593118619784849,1.0642732142656504,-0.7593713446173946,-0.839372168020387,0.5446196310403509,-0.6219246314022983,-0.7323231027271386,1.496040428904435,-0.7846914881889234,-0.5318700219404329,1.3712058660956965,-0.6817953238645749,-0.5700884930280444,1.1068641509129562,-0.6039739762756406,-1.1136959650840006,0.74362270726945,-0.4658674433159003,-0.9395893065453649,1.449759996431754,-0.6284106820115932,-0.7821167037692022,1.3629818547828987,-0.6387569258409523,-0.8131189762754851,1.1216353756482387,-0.6384854764483948
me,fist,0.5349693320688335,0.3557796761731452,-0.3679191528037435,0.7444795487191409,1.0390118358509346,-0.5959787721054642,0.4780483868150497,1.6614968844970968,-0.7141095062443297,-0.04095263471921565,1.7383291184594454,-0.7890740480771247,0.08925679974395898,0.41737824880804464,-0.9451153497015112,-0.05706556123943705,1.405830843264403,-1.1019209701352346,0.14776637492530342,1.3564460702746037,-1.0095187260529979,0.17152678136814434,1.1376946122391411,-0.9256765354131711,-0.43085272664549806,0.4312770579375957,-0.7926954189591556,-0.44302841298083084,1.4935655364342018,-0.9458548505416972,-0.1883807948393621,1.4323882161704151,-0.8119427803426179,-0.17729192096137303,1.1743130592180089,-0.7241407707640134,-0.8310456514242249,0.5610311852975521,-0.6255972455748956,-0.746336044772386,1.553595818680168,-0.7573484730464064,-0.5096789817984163,1.4432400131325687,-0.6354776429663204,-0.49575782716656586,1.1622943512025867,-0.5510199946817438,-1.1052072841665737,0.7504522822272591,-0.4737244764118071,-0.9583478847229062,1.4684202686526175,-0.5930800146485203,-0.7887718330502713,1.396527463655735,-0.5794051270451421,-0.8021806505652064,1.1557508044039997,-0.5714306750439923
me,fist,0.4770671651344365,0.3450885066022397,-0.3975879729587028,0.6185812206579495,0.9721736292257958,-0.6327391679934471,0.3603230448302695,1.521347584484577,-0.7555275914805646,-0.08126822191036892,1.6219707289119325,-0.831788731182782,-0.006892134053781991,0.3619706866807063,-0.9513534019542396,-0.06267198764771043,1.315858887895545,-1.1206135848714522,0.10827639592598809,1.2078138723668461,-1.0468623195200306,0.10207259035817959,0.9538498113288993,-0.9797693786345792,-0.4811228288473235,0.380387941655923,-0.7898264603093006,-0.4346309418386115,1.3764948668579988,-0.9808537519325604,-0.2281717836357531,1.2727651347793025,-0.8827796959315818,-0.24494144013893518,0.9899225097800469,-0.8146347420361839,-0.835995876293866,0.4991274684608954,-0.6170109835484788,-0.7596415706283419,1.425363239630768,-0.7977061470673725,-0.5567732874034901,1.306373853229173,-0.7131144454947055,-0.5688222025313862,1.0290315228709854,-0.6462710171786592,-1.091132282029438,0.6832854430699259,-0.4587010275884579,-0.9439173067547216,1.370779328585257,-0.6427945852702341,-0.7919856676745253,1.2838792019615715,-0.6686747906936698,-0.8112499727093339,1.0377383490020433,-0.6765438063648026
me,fist,0.7576656285557418,0.3279989039928413,-0.2660897166992112,1.2258825178714645,1.1796563731700644,-0.4607716734291515,1.0977592367010847,1.9161998078607343,-0.5636078230551278,0.555238252639894,2.085602771324886,-0.6074004280207714,0.6436859534502042,0.5321005987991793,-0.9391631608824339,0.5603814225190292,1.7028364742335504,-1.149997239729126,0.768982335493203,1.5395503854100638,-1.0952698991827234,0.8464065296017523,1.239508551636947,-1.018565651086807,0.009015657266529548,0.5029104543786515,-0.864291497586729,0.08877712055220158,1.747689110820572,-1.0226023483826383,0.31631650225590774,1.5962021372041224,-0.8395360206190154,0.30292272885144506,1.2842485300053252,-0.7241182866840777,-0.4579832122750429,0.6219518610257841,-0.77108498696375,-0.30129485092288094,1.7772542271226797,-0.8589214558313907,-0.07069336550711121,1.5994038971103033,-0.6480371585282617,-0.0626594124022519,1.2469863242264916,-0.5166230130223599,-0.7797783037020826,0.8227904671915319,-0.6962970951639597,-0.6145419166832632,1.712700734531637,-0.7071300050470984,-0.44034909017950885,1.558472633133756,-0.5855267349536242,-0.4825688130925534,1.2272848016057922,-0.5289718092320977
me,fist,0.640302258356646,0.21102798660484512,-0.18797988703747617,1.1856896893279945,0.8885078004772703,-0.37567144098254945,1.1783200666828932,1.5059928830330538,-0.49348630221348155,0.7270745532594869,1.6652069414560602,-0.564700350610606,0.9008979126053571,0.4048112727940986,-0.8443316977623545,0.8744564551231402,1.3695052059491155,-1.021830890792861,0.8924709648516526,1.191903741888759,-0.9668052820618592,0.9083001138952614,0.9331336949375966,-0.907187750367076,0.4043227319515074,0.4026094376808572,-0.8212361226331762,0.4503430294305851,1.4331984927040842,-0.9529993409028851,0.46331765982927614,1.251629838215229,-0.7854681950994157,0.4213720993277339,0.9724926776371313,-0.6866013096959188,-0.015325475790718511,0.5117613179509581,-0.7729499433868697,0.09084536592694888,1.486888284445199,-0.8284872774789943,0.125463785595789,1.294483991205493,-0.6208881469631703,0.0916025417597117,0.9707984030014442,-0.5039933779272576,-0.3591966812510821,0.6821947397309313,-0.7383592896084866,-0.1842711086070365,1.413255086565523,-0.7430108166837824,-0.149804938570869,1.2421636131817184,-0.6258772147134553,-0.224864470243322,0.9663339254748605,-0.5736516572055913
me,fist,0.6697184621565696,0.1740342159169627,-0.19035478357317828,1.2480041677884761,0.8406819219082241,-0.3718825523584548,1.2648228880074128,1.4657281667030526,-0.4809830006846401,0.8188462523168918,1.6387532093583361,-0.5412216124985172,0.942218876844206,0.3787007816486589,-0.8338419585747759,0.950615354087956,1.3382970687445337,-1.0022339890608145,0.9687690728522598,1.1656009562362584,-0.9458722856857531,0.9769850046109796,0.9077953498913001,-0.8870717353429892,0.42830097319510113,0.40527405559602087,-0.8076578583910905,0.5007293710881059,1.425121837371491,-0.9320441512807123,0.5304333667699827,1.2352846549538608,-0.7647808081235741,0.49288583756288257,0.944140879922139,-0.665803419094849,0.013457033726364767,0.5306723485631809,-0.7553774283390806,0.1593780098301959,1.4778604896401275,-0.799336083232009,0.19824728398699595,1.2857283034749012,-0.5894734128801946,0.15913360611149743,0.9663543696724681,-0.4730820040173641,-0.31019521636686836,0.7065582215503057,-0.7169670715175614,-0.12241558516467468,1.4179913102201573,-0.7034963207830938,-0.08997995853808806,1.2434959525882214,-0.5747313828102975,-0.1682265922464189,0.9711454054823581,-0.5162504480245802
me,fist,0.6319683383217675,0.20666584645081315,-0.17926410154387198,1.1828762156499926,0.8025485319726203,-0.3778634829330135,1.2404775170276925,1.3419044878638922,-0.5130921142261532,0.8381657793515522,1.4732857423213275,-0.5953834349710564,0.9560689360949601,0.2608273442431894,-0.8548854496011932,0.9743065721903121,1.2563285509181141,-1.0500272569819986,0.9113434182742693,1.0902527353037061,-0.9990314167394156,0.892357911060244,0.7955263028263125,-0.9381317414139927,0.44350188143006797,0.27702956755149194,-0.8523853001256082,0.49962009769752136,1.349038154759671,-1.003516900803522,0.4793131130395608,1.141290123941771,-0.8211975886402665,0.447781274446387,0.8171171604201561,-0.7146603944555792,0.01629871097286531,0.4000122678679159,-0.8267012376894592,0.1297117060182384,1.3944299144010688,-0.8703312719877764,0.13732872841995428,1.1876994065400688,-0.6226635794782325,0.09997956414944646,0.8557260757104064,-0.48660074720494617,-0.32025017130360367,0.5657056181199414,-0.8193281859985199,-0.1842369586372836,1.3180034294192824,-0.7738070118184358,-0.1515608423795807,1.1460742428307977,-0.6122341067474754,-0.19191387309694571,0.8538954699147719,-0.5414137201697454
me,fist,0.58168629071947,0.2118951499751224,-0.17924984654628595,1.0618133343805018,0.7638349901928456,-0.38622683392518947,1.1139674496655194,1.2713608110467554,-0.5246375932449988,0.7523572941991765,1.4010565251958662,-0.6116620211313357,0.8859001193699283,0.2085505821123771,-0.9010891554265885,0.8884506035075075,1.1594027664167657,-1.0833458137254508,0.818071279406801,1.018955750160488,-1.0046436574873743,0.7903344841660731,0.7429522007050291,-0.9262482181360839,0.3791814028343546,0.21778778756081935,-0.8993274950394513,0.43613813372984633,1.2531593152318723,-1.0520477569091595,0.4222145494894253,1.0655119589025515,-0.8597834362084007,0.39894476622594904,0.7613637505925048,-0.7471757415854258,-0.04554603490773589,0.3321254964934923,-0.8695700072136932,0.06990282212815045,1.3073827563108456,-0.9198865805089951,0.08282649379641088,1.1073838583508882,-0.6653723128728714,0.056088231462342264,0.7927862359912062,-0.525787458211346,-0.38288321783287615,0.4861292784249987,-0.8558619094787765,-0.25710911664248315,1.195900178904286,-0.8242652413105196,-0.2224108741979201,1.0375408792138623,-0.6673588156221945,-0.25161649582310675,0.7747290876794102,-0.5993052195259749
me,fist,0.6527953114721045,0.23555683614023565,-0.17875593688840608,1.127454785523249,0.7786454432305646,-0.3995018548295286,1.151857970849239,1.2792200127315871,-0.5664961411754007,0.8277729014899218,1.3641413369338795,-0.6941725493073578,0.9811098281549758,0.10764175391183846,-0.8602771123925633,0.9633324079535001,1.0423838781627792,-1.0726141175480215,0.8645071864246651,0.9704579697272318,-1.0460483243774605,0.8426298258453936,0.7206519869094645,-1.0089684825786278,0.4539817660074128,0.10955483684056559,-0.88425013082138,0.5039399928730242,1.1324911911529891,-1.0741611720262538,0.47590358419492973,0.9812556332950614,-0.9190868842041936,0.4703846905104865,0.6835442932098139,-0.8376582937975149,0.0038275716316280408,0.22016914417328037,-0.8863927063839749,0.12361569763969812,1.2226335606366574,-0.9700015646732827,0.1338370816571685,1.0465466390739653,-0.7360748115484174,0.1245076613529542,0.743336964751566,-0.6099955825300759,-0.3565338517253275,0.3664543561391685,-0.9074752773897521,-0.24039757557716437,1.1269651807367913,-0.8812397532891408,-0.18991411633587876,0.9841856181167382,-0.7208176369274079,-0.17320543595001045,0.7069333003303158,-0.6512711770027353
me,fist,0.6232159628923838,0.23692676016320505,-0.169524781023675,1.067873108767819,0.7822612099113299,-0.38980841855840265,1.0845013501264857,1.282346554850739,-0.5532940268627587,0.7642628872716611,1.3620199344669957,-0.6721912456363629,0.9035346279230865,0.12941241354966396,-0.8937904070748042,0.8895920463392669,1.0713379662417493,-1.1197391354921655,0.8005362390088727,0.9691973848157875,-1.0947842832321086,0.765839624953967,0.6944412358108795,-1.0528309375064002,0.3790183212963256,0.12139788351127394,-0.9173917734537946,0.43918939831769405,1.1781175733591926,-1.111395055748738,0.4245113784840952,1.0090467832064982,-0.9413100246273455,0.40702960950347566,0.6934929397208732,-0.8463533298008901,-0.07059106660832384,0.23074357617981758,-0.9176732838432291,0.05325446370503606,1.26227118689281,-0.9887385421686612,0.07341106177843935,1.0731313175653203,-0.7285138930847624,0.05554113512774635,0.7514273062077587,-0.5861057965339221,-0.42810122552280383,0.3778657270986906,-0.9384632147847024,-0.32662594494584074,1.1532519868819475,-0.9063226416967253,-0.2608419542893994,1.027499645115983,-0.7406808105475741,-0.24165382881855574,0.762566313332978,-0.6688287119046673
me,fist,0.4976938695852716,0.17168585120770855,-0.15551470841503115,0.8975632407826614,0.622230716179113,-0.36566081819436336,0.9452742833433815,1.0706641271562962,-0.5149959449331396,0.694358421097982,1.207578588965066,-0.6213735846292463,0.8116225564508173,0.1556238231382576,-0.9035290032685968,0.8187380166492464,0.9750870331649394,-1.0773903598695227,0.7290944589079764,0.9027729289589093,-0.9853953609202891,0.6823532307619323,0.672409867665222,-0.8976759610170151,0.3640155355771383,0.1423465735129211,-0.9204510540314568,0.41430926208618957,1.0520258427001405,-1.0934591891960432,0.38747822820741074,0.8983329786569484,-0.9145211052576263,0.3703256073559813,0.6200724007762912,-0.8048565899196714,-0.030980548082139896,0.2259818559154267,-0.9067936814011078,0.07623999905606883,1.1087981028939133,-0.9876410463177745,0.0794494450020474,0.9290115060817435,-0.7434072322955647,0.05604594573000734,0.632666684609295,-0.6031802967070748,-0.3528973487455102,0.34488741113379173,-0.9054480041094739,-0.2555173984570806,1.0108250231977411,-0.9267038009292844,-0.20621471226388965,0.8953089603899781,-0.7970361158977497,-0.21131729932606302,0.6550810120426916,-0.7361260755375382
me,fist,0.5450345755356198,0.1804357082821982,-0.1419045779759069,0.9589856942314439,0.650335556288339,-0.34378209611947586,1.0426618589166938,1.1121489398144087,-0.4905914116066107,0.8374852216254787,1.2369956327805345,-0.5893789675430502,0.9246381130205139,0.1679420725421402,-0.8460415725000576,0.9292775042119674,1.0246125099746133,-1.0256265249113663,0.8077338424543279,0.9390857840295775,-0.9476764436777239,0.7529227404363029,0.6989489367998778,-0.8714390626798632,0.4563972917754292,0.1675979676706478,-0.8738492051222123,0.49318380819649116,1.1129636656049613,-1.0449252687239394,0.4402001080380788,0.9441044103988672,-0.8680612328681149,0.42821167583490716,0.6524541719568862,-0.7635506057669147,0.04311685679002642,0.2636588563221683,-0.874951780349377,0.137699064685218,1.1671791954806943,-0.9483392250252481,0.11304291003460533,0.976742968711205,-0.6993285719508053,0.08997442615532587,0.6840683962588606,-0.5606282935347887,-0.299703606887345,0.39695067150618246,-0.8897355365052109,-0.2088611726728248,1.0800784127360488,-0.8920833989389861,-0.18567673531024573,0.9437185247176029,-0.7497906359329266,-0.1861112870283605,0.6941077615102936,-0.6846834592311435
me,fist,0.5686197625883758,0.1969163006233066,-0.13761409316193504,1.0199256009219924,0.6742041343225859,-0.3352568885727263,1.10325394337971,1.153453845956263,-0.48159356830959615,0.8695111525849576,1.2872124756376122,-0.5807696384207942,0.9802147425528727,0.16474564228526323,-0.8074727705614188,0.967907681942814,1.027502519745357,-0.9852259855351034,0.8547630456970764,0.9456389636668266,-0.9173385693376862,0.8086683516820957,0.7010696805843245,-0.8516344541158521,0.5144304385706405,0.17395999718719182,-0.8397018776033853,0.5624741629080308,1.13004359356322,-1.0189903822097004,0.501479411236218,0.9681610654014768,-0.8615728750514559,0.46866597576751345,0.6654589551769794,-0.7661275690573619,0.1015871782808374,0.28374260371052107,-0.845671576028233,0.2067888180677839,1.1998637029961972,-0.9172916200395552,0.1726443065520692,1.0195208218381064,-0.6849321681084825,0.1386022587072754,0.7157483151999714,-0.5542391610519666,-0.2455521253996254,0.4264024872312634,-0.8657863366399688,-0.14732372528507579,1.113775423842102,-0.864905244237545,-0.1300834988964053,0.9816191768782124,-0.7305346082493096,-0.12955531929243203,0.7284265290452545,-0.6680646017737265
me,fist,0.5497883276049526,0.19206225853659398,-0.1354864887718795,0.9995191065927083,0.6847103960633822,-0.32606520549367324,1.081021492770622,1.1576983620891415,-0.46419225833498695,0.8654953131642048,1.2771711337029992,-0.5571123536577771,0.9760115677745048,0.1872451206701559,-0.8032865794022745,0.9557823295275534,1.0363555871874588,-0.9756084786921638,0.8340222494533072,0.9667961633811,-0.9070219577688844,0.7791215214365003,0.7304714438567729,-0.8411772469426154,0.5188709399129162,0.18969491894722082,-0.8335399123254352,0.5512141659577463,1.1342385130532782,-1.0124552176801598,0.4820362604101096,0.9775538506368879,-0.8580696099759659,0.4481065072877531,0.6791111927515713,-0.7615793197244964,0.10696966964775464,0.291279558607796,-0.8365804687600944,0.20167390315765352,1.191696243471984,-0.9029940114072494,0.16286804598478305,1.0146623744235104,-0.674097308292885,0.12804385494142426,0.7180413252685698,-0.5451857185762352,-0.2438886792218803,0.4303514212132817,-0.8532763561548706,-0.1489673749785706,1.1038401530744621,-0.849980671130943,-0.13376208693822245,0.9800962093781995,-0.7182871774444449,-0.13463381543906272,0.7407289757105786,-0.6562276179549408
me,fist,0.570159012142425,0.18440551177244152,-0.12951165366295378,1.02822592868083,0.6670238178385194,-0.3245837871753219,1.1069236603986277,1.1466171593091987,-0.4737770270015816,0.8821903715912365,1.289626578517925,-0.5795541091179099,1.0092562492229122,0.1907349175618826,-0.7693789873607544,0.992507051624022,1.0447351502918558,-0.958240011591063,0.8636155418030513,0.961344589575389,-0.9153823964285056,0.8041537471255349,0.7236660510966908,-0.8674724575996698,0.5521201391563414,0.1995129701244975,-0.809541800458805,0.5872620726386748,1.142099540940522,-0.9938520414511881,0.5116583729208665,0.9774566149457448,-0.8529790968619306,0.4786058262011914,0.6816551569473775,-0.768003036382096,0.1375358078401539,0.30046198253713147,-0.8262129354645111,0.22751804275783147,1.2027478401030176,-0.8989018029829161,0.1857177924596652,1.0187794944962132,-0.6750728043957666,0.15509817048788346,0.7227705996269801,-0.5496550799714872,-0.2185970058060978,0.43555571400273624,-0.8567291518769848,-0.12257172497237287,1.1164585603075843,-0.8507404681876538,-0.11337269758358892,0.9851125372860964,-0.7124329513852213,-0.11553686174011898,0.7398799176457295,-0.6462193290400167
me,fist,0.5190603514698843,0.16408253877185935,-0.14057906901531905,0.9541715427919515,0.6309509381094068,-0.34061571596937057,1.0295371422261883,1.1002677852818028,-0.4862880373628237,0.7948135174650246,1.235152299975292,-0.5879421529918544,0.9228111391429096,0.16594531062322826,-0.8315376759131984,0.9186588378657444,0.99659995935054,-0.9987505518381378,0.79911679501276,0.9150775385257207,-0.915922292168066,0.751548680265171,0.6852787960174758,-0.840214802582037,0.48248627428483903,0.17188943398132406,-0.858871944827816,0.5288229793706632,1.0961580689947834,-1.036977955336872,0.4543115002005941,0.9369259076529411,-0.8788555754789007,0.4247195460535218,0.6514593550156097,-0.7800285207720626,0.08862700407424177,0.2784851859934996,-0.8568750642952243,0.19981633770551965,1.1593915602417273,-0.9302475651675749,0.1521226615305024,0.9804068466589166,-0.6996568779935635,0.11568745830976922,0.6911380519529364,-0.5686291413862986,-0.2461320150342203,0.4183169722064851,-0.8676358299046426,-0.13599996913341852,1.0773195434339604,-0.8761397423151617,-0.13679176252035682,0.9485656788937704,-0.74681616170787,-0.15611778410514013,0.7124497594370228,-0.6858467094041664
me,fist,0.5415101472376868,0.18328047263517364,-0.14625792308929172,0.982229813981331,0.6698358451567324,-0.3488263500064351,1.0410465772108974,1.145788207399751,-0.4951823249009281,0.7829732787565814,1.268982383166042,-0.5958256972395154,0.9195183282381718,0.1759408083577269,-0.8457714552079099,0.9229292110542463,1.0283393162891072,-1.0227530488943513,0.8141647281226247,0.9386418428806761,-0.9503936842342959,0.7728809188804477,0.6938368816984134,-0.8808577829637373,0.45624929992159263,0.18139616329772204,-0.8711670380942582,0.5030433325230711,1.1380400695632364,-1.0526345926875549,0.4395696122048911,0.9653555927779984,-0.8918809575156861,0.4140165164273243,0.6595115415080771,-0.7914345737137415,0.046212926160644596,0.28997460799513347,-0.8676886608873895,0.1550799756260828,1.20450294966217,-0.9363900789683012,0.11645759647263873,1.0147729437394588,-0.6979371505159737,0.08260580815120079,0.7092115739422983,-0.5625153838372959,-0.29964267287879137,0.43339442101388453,-0.8787274230584594,-0.19416686582933504,1.1180218255831822,-0.8779544330262451,-0.1849617532335732,0.986881938908017,-0.7418717902658815,-0.1998075575606798,0.7435280291897356,-0.6780207716268758
me,fist,0.48919621659436197,0.14715269736603695,-0.14148581055860332,0.8896452490369648,0.5829982164591049,-0.3486525772436349,0.9584628711392311,1.0340074226065603,-0.4990721180663013,0.7436496537390548,1.1647293719498055,-0.6057677943374068,0.8335452170837047,0.1461967281513801,-0.8810867833805636,0.8483458732724625,0.9687743593087298,-1.0505251963613864,0.7419670436810899,0.8938851817081956,-0.9619263372831417,0.6984363491923271,0.6728877715162479,-0.8814713137810071,0.3975019312259507,0.14102728444722487,-0.9066992443545329,0.4617694699603182,1.0501120943513405,-1.0811204097927594,0.4110945596807851,0.8978480454585496,-0.9103627071756257,0.3928670079428939,0.6219408233517625,-0.8075381053951297,0.012254155731905093,0.23596618984739054,-0.9004814630639275,0.13496524810326,1.1051834785278118,-0.9761469403659595,0.10933751304900204,0.93361284737209,-0.7351564829661624,0.07788434511724185,0.6491257907054069,-0.5994391854784508,-0.31064395535558753,0.3680671497569854,-0.9063378060470376,-0.1965551175017077,1.0295644025786947,-0.9240465457781558,-0.17422614945577264,0.9152531133090464,-0.7952101852660011,-0.18641312819000988,0.6801066203723151,-0.7356894108291265
me,fist,0.7118155543832152,0.2311931012761004,-0.15969816361883726,1.2545581555959437,0.6725790365149951,-0.36287286954406134,1.368991563689846,1.093640884264423,-0.5382716194475485,1.024639713843545,1.157549550810808,-0.6792672238709685,1.1598524000317505,-0.021496195432535097,-0.6502095402094951,1.1714375828893235,0.8169972212982064,-0.8684383207493578,0.9864694492960522,0.8137994050622267,-0.8953777716281842,0.9347674093113548,0.6165349122742132,-0.906913172928594,0.7048398448723353,-0.02308979509063785,-0.7089905884022824,0.7131792387453196,0.9254702906308904,-0.9098477681980245,0.6103703354340799,0.812779944832356,-0.8193685690740027,0.6138429332825851,0.5722130471218666,-0.7817342623654799,0.28878430733760413,0.07826474749924109,-0.7615163440737548,0.3355163705663875,0.9920058190609554,-0.8716376312184908,0.29545582243599156,0.8411297158764429,-0.7110808632961908,0.3057355173805928,0.6044422406514348,-0.6298294582987007,-0.07192263216732855,0.2073557570675858,-0.8371635489855622,0.014052869588490708,0.9454628942918526,-0.8340320295152834,0.03963477032552672,0.8353260356647811,-0.7151415598563348,0.05167907598044503,0.6005017118943644,-0.6671699122610295
me,fist,0.6733787721260697,0.18419606705576225,-0.14263376150325346,1.1703559373852637,0.404531441885266,-0.34396400464497506,1.3015127144884566,0.6514219051804337,-0.531169094166283,0.9799424717650054,0.7262638582228347,-0.6975265023714236,1.0781875104187029,-0.3172394468092097,-0.588245724757954,1.14102430211054,0.36789014901336264,-0.7752124892588762,0.9484129380049937,0.5004662011497536,-0.8027665759615492,0.8208766246874801,0.3613144403514896,-0.8309012851483097,0.6605076855672136,-0.3458787001908383,-0.6664064240843864,0.735747907174131,0.48585697610812073,-0.8382390196922078,0.5879875644077244,0.5043500325450142,-0.7874117763738591,0.5745958844618008,0.2796282928442223,-0.7921947281175424,0.2751999953454787,-0.24817158366476108,-0.7370002034776281,0.35375841485856196,0.5475470731244831,-0.8663439702401291,0.2531753854541801,0.5216524509601368,-0.7668745134881404,0.2521327363390701,0.31340442104398664,-0.7342642366306222,-0.05857903970929237,-0.10116913566712533,-0.8262128737486543,0.04722132982536959,0.532277601132679,-0.8941968863210247,0.0020162757362044495,0.48281698857243127,-0.8340144628497934,-0.027103905033547277,0.27152359701750883,-0.823074031963061
me,fist,0.6058992176282745,0.13313765805676253,-0.13692832734332824,1.0604193946642302,0.26352496436153167,-0.31258835188053463,1.191674665955328,0.4115779771191257,-0.4748853106755999,0.9231034545492386,0.4472991918538942,-0.6164850729434191,1.0356387428698772,-0.3911274364448084,-0.4911727178403358,1.0877322591100504,0.13822522784330116,-0.6731445803848382,0.9204435568114381,0.30577039350881197,-0.7161342249313501,0.7956747378806563,0.2119209180303425,-0.7467678386454591,0.7125959741930235,-0.43908997470289035,-0.547180931392269,0.7379795694576734,0.2601435271962896,-0.7094303206211685,0.6000791764719712,0.31278195391008484,-0.6813709606852892,0.5792810000317812,0.11444984623085422,-0.6895424314011577,0.390756968536541,-0.3681793529932483,-0.6015313627420943,0.41338159143182285,0.3192357041457944,-0.7285788981989325,0.3354625795841816,0.32744656108814674,-0.6648278710066778,0.34075963661975056,0.14884535993716805,-0.6444686589019394,0.0999499365724192,-0.24820406583463628,-0.6729121360569293,0.175540757046462,0.30703162731168165,-0.7480079581825849,0.14192734572805943,0.29748935349674566,-0.7162872721238727,0.11385561708029464,0.13368993978292257,-0.7133352728872006
me,fist,0.6018151101922391,0.12655597761103252,-0.18026672694635812,1.044688250971989,0.23739278010045967,-0.36400650737737267,1.1215997340750443,0.37219659265251465,-0.5267546300497871,0.8316882365385697,0.4099538366780167,-0.6672250410415504,1.0066626120044988,-0.4513678065388351,-0.48340297849620584,1.0492220265214272,0.13222692303036584,-0.691202732254114,0.8881314071800183,0.3226967283666316,-0.7695802652855489,0.7381941439609697,0.23164247125311596,-0.8174373438714425,0.6847644237949764,-0.5173186754911165,-0.5133021253539195,0.6953458415981069,0.2039342952759565,-0.6804869306808625,0.5880910745190825,0.290285058335533,-0.672293743483697,0.5581028766787657,0.11054207727085338,-0.692132178597644,0.3538210403817919,-0.4455723667280278,-0.5505512385111156,0.3971477589022384,0.2579682145599679,-0.6840982150541706,0.36381574013496776,0.2982058451594845,-0.6339116521869582,0.3778831871984979,0.12915689972007696,-0.6146114352502929,0.05891101307425961,-0.3082490447853334,-0.6089403035318328,0.1640761249478463,0.25503083622794986,-0.6874115450240406,0.169889651298879,0.2779132127744358,-0.6583385726939092,0.1513397230454855,0.13588006260749155,-0.650635352200188
me,fist,0.6980758233140129,0.22100656480843942,-0.17210694296550907,1.225163892048551,0.4781643769249461,-0.3848205168477131,1.356929796100869,0.7565837729666424,-0.5780419564378486,1.0180208147401313,0.8446726367648881,-0.7487571106430582,1.0880030364032185,-0.2804831438917184,-0.6406027612118546,1.1034884282064346,0.5022084544543975,-0.830574279064281,0.891518543163657,0.6029879524535857,-0.8486942040526706,0.7677478601658515,0.42554412743775,-0.8690187053236346,0.6343935985618215,-0.31668578678529913,-0.7051630127509231,0.6854752257261651,0.5960871328462545,-0.8699237506415158,0.5356464525777457,0.5923046894471903,-0.7927305245598489,0.5184010827214116,0.35535224801173126,-0.7805484877902943,0.2300547915999215,-0.21052084650847783,-0.764272011512259,0.2889983584619249,0.6497794444365613,-0.8755800574660033,0.20288079083638275,0.5953087274586103,-0.7482016458715766,0.2090115823100963,0.3686981193249024,-0.6996205158279838,-0.11269323622762635,-0.05414264559729475,-0.847518822483234,-0.016635566139816337,0.6319678174904955,-0.8976636311410015,-0.036332226183340754,0.573747034068231,-0.825316306895212,-0.05317397843126682,0.35868469702221406,-0.8079711646981308
me,fist,0.6373343577899255,0.18338462524563243,-0.17768497838801384,1.0818025549714239,0.6317971583422926,-0.4183013537201542,1.1256760811499682,1.0915557739434307,-0.604986325500912,0.8245813724434,1.1657952348868104,-0.7608733323808688,0.9151834230057793,-0.03929900954894433,-0.8729567618965405,0.9008492735431024,0.8482316928390455,-1.0462952810908281,0.7700723063811653,0.8705202373437175,-0.9802170433446581,0.7438880581196812,0.68443556523053,-0.9221008972737672,0.42918932371178486,-0.019320360515790537,-0.9030078892686159,0.4586254749930176,0.942775551500753,-1.0643383023102035,0.4109262693291092,0.8759330078865898,-0.8835170709627378,0.4339373918762238,0.6364370963548078,-0.788780570097359,0.02532358356306079,0.09702421192331302,-0.9077027601147671,0.11354254518053329,1.0175311396173061,-0.9651665787862305,0.13014101397253575,0.9231183500929967,-0.7236131760803376,0.1498130049893479,0.6847468261354043,-0.6000275808646164,-0.3106575491905755,0.2407031510995599,-0.9328357388182612,-0.177964874912772,0.9357546373446246,-0.8983428994693324,-0.1121154988210223,0.8856088077826206,-0.7383838453817291,-0.07770792609573174,0.6936932568419769,-0.6684285418044448
me,fist,0.6493093218052876,0.15884688729909022,-0.1914236919584331,1.1315309304856613,0.6552127298231003,-0.41470759772416327,1.179291075026776,1.152706043680864,-0.5744523791625088,0.8691705481251593,1.2845325817660869,-0.6956562669140132,0.945207572615748,0.049675698700223835,-0.8859415423301757,0.9655033787142039,0.9791060219133662,-1.0698642942245549,0.8690013204912742,0.9700514880299421,-1.022640140884146,0.8449290006513402,0.7682857974878118,-0.97360067898209,0.4414361935130386,0.09192105217505289,-0.8925719059122074,0.5285769149960753,1.0824785198698914,-1.0565583048900316,0.5161268628575716,1.0003806418905339,-0.8955394555692774,0.5279668867055449,0.739451928423501,-0.8128137399574044,0.029654965276883404,0.22292820498885446,-0.8723662353044098,0.17745726082330163,1.168456112450178,-0.9308032747907478,0.19541996535165165,1.0316836323464877,-0.7021433002895879,0.2013989269753097,0.748330079828225,-0.5833027277735223,-0.29855643119933445,0.375151183620257,-0.8708496415137887,-0.1584107528455851,1.07707319015227,-0.8348896247837988,-0.10057067628098501,0.9679663951567385,-0.6773121780490031,-0.07590357108077868,0.7125785646085502,-0.6079084724024348
me,fist,0.562143809210539,0.14866603544228058,-0.16777244323390492,1.0560166798410133,0.6494406391655277,-0.3600779456314542,1.1804485508210882,1.142468202491351,-0.48384335743312107,0.955545141379384,1.2898120272519475,-0.5556851184725891,0.9004414983000996,0.14722926012456888,-0.8807988889573186,0.9788234773586529,1.071578525992466,-1.0554280414408106,0.884666322313325,0.9610962098285835,-0.9611565463959962,0.8332793656875499,0.7005104089950851,-0.8698494300281094,0.4347479339477718,0.19520556014483792,-0.8791410712830359,0.5573744759248224,1.1988962277388848,-1.0413320984785828,0.5212641519219838,1.0194053414723832,-0.8486373009550807,0.4942709265815353,0.7111974924441367,-0.7290301736075593,0.0441365876210123,0.34020395477844445,-0.8505074750396735,0.21200537827501284,1.2950346021990207,-0.9104780934212628,0.1992061871864629,1.0884118898461312,-0.6577717936656674,0.1661611036675646,0.7720319880844523,-0.5161156538107622,-0.26122564058177056,0.5135570968288989,-0.8366816200788522,-0.1134466948408101,1.1916346269070603,-0.828095112926849,-0.09047730898458045,1.0413898458530104,-0.6907978579574082,-0.11001320018694559,0.7908477694144788,-0.6309472703676832
me,fist,0.5299810063016848,0.11887923849536489,-0.16995431267683433,0.9605253571141857,0.5816199450378154,-0.375665677912345,1.0223341742939391,1.0609287743449767,-0.5117873155282646,0.7647784046608397,1.2063982532655557,-0.6025698097047723,0.7894838400849449,0.15588001829013207,-0.9263822962176944,0.8498682349397599,1.017146214327733,-1.0916904575512572,0.7858577332334556,0.9068405213186377,-0.9960740848694613,0.748690975572719,0.6683361908898302,-0.9067950235074954,0.33741736693123664,0.1872242891640033,-0.9225489613241266,0.45282684442026433,1.12147000362571,-1.078637045223365,0.4497112346720973,0.9631101587586114,-0.8977451815715307,0.42162872899270926,0.694104568669212,-0.7872804206244437,-0.035861549042726724,0.31275401925026836,-0.8849734709539213,0.12175167461651876,1.2087664740360944,-0.9434640569620807,0.1520488471113855,1.0321143746779708,-0.7027592983572637,0.12379952599900053,0.7394487724094156,-0.5681872644382824,-0.31296683107253104,0.4699546713511686,-0.8599894048986345,-0.1530884073871416,1.1329695895228997,-0.8627243404327574,-0.10129382077838188,1.0185353192430076,-0.7324266902446276,-0.13246108582042035,0.7887006451168866,-0.6728035740206485
me,fist,0.5752007539396232,0.1472921876555412,-0.1655827082420194,1.0874911194089198,0.6377999184967481,-0.3586633722065537,1.214555272354366,1.1375666367381054,-0.48471152648125365,0.9631401460270982,1.2981941916080932,-0.558576981499799,0.9412733228990505,0.13596184403034414,-0.8647917549363795,1.0218329034002571,1.0433574258132234,-1.0438940506206789,0.9316080576024427,0.9392069815124491,-0.9591595411314892,0.8798427676644456,0.690031968322147,-0.8743030798892015,0.4674247334078111,0.18704663558781529,-0.8640183300798171,0.5992715225819111,1.1830450668611074,-1.0261403068064576,0.5639444171726924,1.0066408302426963,-0.8393777694147999,0.527008612376192,0.7061786083795009,-0.7232355546908743,0.06776855120526028,0.3412921246947509,-0.8366863968001719,0.2474669288229257,1.2857145381901498,-0.8948078425025878,0.23752569544703359,1.0817496612660347,-0.6452630229681566,0.20223779695656788,0.7716051540484782,-0.5052252550179206,-0.24604560203573075,0.5209183950141671,-0.8241512002473286,-0.08593366373678471,1.1895992327617089,-0.8072600846280729,-0.05535135532067926,1.0347309918987673,-0.6659664035769309,-0.07045923997828217,0.7880943987505162,-0.6036595433152374
me,fist,0.6523179487077934,0.1493035196913478,-0.1879768928555208,1.1880400170427496,0.6184393766280356,-0.4105544453736665,1.2883800568242774,1.093618591949839,-0.5721396530748046,0.9929677192992513,1.194199829195166,-0.6967046423853807,0.9673677863231328,-0.007004279606687846,-0.8700746160546876,1.0376948085339321,0.9149644595065114,-1.0732081988534325,0.9383015576184872,0.9039142207411113,-1.0496239818996589,0.8976788518054357,0.6831024823558534,-1.0169604765851625,0.46774338568659585,0.04033642692475789,-0.8829434284309409,0.5862759514234265,1.0457340660630248,-1.0802409010745124,0.5684218124828025,0.9399154884057174,-0.9403038171009541,0.5642880590263013,0.6420393839231381,-0.8641562382211904,0.05173247416526171,0.18184243921275894,-0.8701481200935738,0.2293596028085555,1.1430758358330149,-0.9474710530301566,0.243416638369811,1.0001413503166918,-0.7237421280360851,0.23661226448434744,0.7008204296025152,-0.6030220868391041,-0.2786074667657097,0.34159695421607394,-0.8769048860999306,-0.12394691587510825,1.0453235961401792,-0.8553783085247302,-0.060907451994437894,0.9467970770602794,-0.7084207598446219,-0.03266137361841699,0.6988912446506529,-0.6435069824482073
me,fist,0.6574812660876084,0.11995465340605994,-0.14146588154146592,1.163756024553865,0.23502123267880617,-0.3049718681652729,1.2917265645792222,0.412053068516069,-0.45628101757142425,1.0150503024452717,0.49112128545629125,-0.5844936778770082,1.0826083801160815,-0.4574431541577575,-0.4541703414954495,1.17365639635729,0.20124212961199647,-0.6271394767505093,0.9787934729400107,0.3371597644221579,-0.6657508368599001,0.8537026837154705,0.20814867563975814,-0.6974409419498401,0.7235495605565144,-0.4664227045426047,-0.5088476138350626,0.8321168209076502,0.29430206614436766,-0.6698325499379106,0.6674964836427365,0.3390605001516886,-0.644997027669285,0.6239897270198899,0.15175074031384683,-0.6544166274081136,0.38267824864195304,-0.3587500913126088,-0.5646636447495896,0.5048227433303492,0.3697940711620067,-0.6889410716957084,0.3820896320487718,0.3700260749959843,-0.6219648020891757,0.35826414861992956,0.18718730266467504,-0.5968672799205516,0.07948739108765797,-0.20075740731600755,-0.6379467317576801,0.23278899866933123,0.3905266197576476,-0.7002418165856172,0.16570096641852358,0.3677161531024573,-0.6581460312310391,0.11028416580025563,0.18815877054590266,-0.6495426199524413
me,fist,0.639306188348689,0.11974831115932634,-0.21623773937054155,1.1163840171783028,0.266067941207338,-0.4267955601013582,1.1961031550257906,0.46388608270448933,-0.6093452533647956,0.9158904827711957,0.56333103564687,-0.7711779398039145,0.9855622171922925,-0.4725791006323108,-0.6041004879105092,1.0927657249828278,0.21780523616996295,-0.8401580041269299,0.892517926609344,0.4364355490483436,-0.9361036858194316,0.717278245915821,0.33105549990661826,-0.9985505975721154,0.5741984050925113,-0.5158999630984998,-0.6357227537725724,0.6521738462883335,0.2962237917396682,-0.8095658417242293,0.5265990675090697,0.4083909770802806,-0.7975029234747293,0.4701790328839512,0.22684904122839775,-0.8296175778034759,0.182421855541987,-0.38910619683747155,-0.6709540120940196,0.29856758903798764,0.36814303102594353,-0.7970010185523546,0.2526392000893732,0.4273620315004733,-0.7179811639675011,0.23864986923893858,0.24201065843544614,-0.6929475985800998,-0.1408635640312509,-0.2068756925471399,-0.7322418900357928,0.014500399767178426,0.38026953329791285,-0.7995693337127195,0.016452048598760528,0.40442240358030196,-0.7381683156866189,-0.027655243191900766,0.2487851060267451,-0.7159971591865694
me,fist,0.6028304959976095,0.08035041229971882,-0.19504546748923926,1.042916535580039,0.19523821537017158,-0.3932577340453739,1.1346524900075527,0.3721557755997732,-0.5672837420396047,0.8865139651875502,0.44843191081970624,-0.7201143891922148,0.9615606632310121,-0.5054564808530918,-0.560380588374462,1.0699455732070784,0.13239148307579582,-0.7770529274095586,0.8884816403961256,0.37364703736012256,-0.8598318248770096,0.7163606973838906,0.3034847220710769,-0.9128982771381245,0.5749012319152571,-0.5634324221115173,-0.5933232502235765,0.6509825361479865,0.19547923530195746,-0.7547299936785975,0.5446194719840566,0.34209167943433044,-0.7468501335635006,0.4988892765228352,0.18811782319159376,-0.7776874692983726,0.20108180380587945,-0.446076765321771,-0.627629336442511,0.32139209737747443,0.26757981796588204,-0.7450757191797068,0.3001653332874125,0.36306119858091185,-0.6718969910310197,0.2944390817810364,0.19772682467398175,-0.6479127600340874,-0.10825196955766539,-0.2675049408453801,-0.6848632614655042,0.050869075374879384,0.29088514998557713,-0.7542849834788127,0.08419681955800346,0.35258252338700663,-0.6982366619313415,0.061377387384500964,0.22602527319582055,-0.6740436647557098
me,fist,0.6370521425749676,0.11722564632940162,-0.10179211212555737,1.1134161147120665,0.19612790652519155,-0.2412801813513566,1.2326738961100403,0.34050750164645593,-0.37543786564786963,0.979724646044889,0.4290632365053333,-0.4893268332914682,1.061851167974378,-0.46149913011214466,-0.39119976476009566,1.1467671797161414,0.12329624718786533,-0.5503717731479663,0.9663126514298193,0.2857113721415337,-0.5803009424607417,0.8397615247673094,0.19578142762416728,-0.6017941408985172,0.7496910234577888,-0.47955499582086025,-0.4560596181751545,0.8592976372038533,0.23206430509307854,-0.604708038424698,0.68393015401035,0.30462578778797844,-0.5790467828283782,0.6333495320420326,0.12688629836059903,-0.5778095412779882,0.43111021049765663,-0.38450673339248154,-0.519312908879973,0.5439833242191153,0.3059491577556884,-0.6417038393109161,0.41101244052488584,0.3472282524328835,-0.5780331219909386,0.3779051781835949,0.18431566751330564,-0.544876700374418,0.13056111083291747,-0.2351694566940952,-0.5948372205233273,0.2772973890767755,0.32057065282377045,-0.6566363536637648,0.21184503253158854,0.3416579312206583,-0.6123620179551421,0.16347549564706193,0.19557712896760773,-0.5939850504683626
me,fist,0.6311250309215503,0.11411254919209858,-0.17935351408970696,1.1349335398414813,0.5781735783223008,-0.38889459632521906,1.2261506779345452,1.0704096469022757,-0.5433544243785137,0.979769385173926,1.233799315129644,-0.6609603235483521,1.0700151647519094,0.06238326478550946,-0.7855331033487548,1.110398908349694,0.9643429677804528,-0.9767909288810284,0.9845271516561571,0.9759630873504547,-0.9549967951458096,0.9173255339111834,0.7960910760594655,-0.9183441628933469,0.599855073403106,0.09152423183214779,-0.7948567203591409,0.6691664265462131,1.0622658087099084,-0.9760306003308853,0.6302556608186687,0.9670039766431427,-0.8445807263789845,0.6178624465141475,0.7044720500184688,-0.7678888259126796,0.2082961676646123,0.20984285085348867,-0.7845936955603173,0.3376126781975727,1.1309918217196542,-0.8559716894128626,0.3443038515644533,0.987076861961136,-0.6553114632903783,0.34198026494516637,0.7207093669797523,-0.5433104480472507,-0.10692539898249015,0.3537169729282839,-0.7917215993893951,0.04565356808317314,1.038116772411408,-0.7619177781948677,0.0907177757428773,0.9292435076061626,-0.6186021943193845,0.10957970736166772,0.6942899247416316,-0.547871043985704
me,fist,0.5483732806364868,0.14523446402078954,-0.19235334591224731,1.0146285583011783,0.7157335018674456,-0.38346981899217897,1.063604011180326,1.2348968330880503,-0.4950144225240506,0.7618597884868925,1.3387641520786924,-0.5560624405474124,0.803613488907275,0.22441202276814115,-0.9328346127750498,0.8313792879710291,1.1465578472615356,-1.0902470726354299,0.7985279410329335,1.0412821171375375,-0.9833296257579337,0.7797740004177827,0.777478434656856,-0.8830678221138586,0.34435366296808617,0.24721378730137758,-0.9057074020723089,0.4077563236810043,1.2471987725383413,-1.0709310255874376,0.43234304775657584,1.0953436182400895,-0.8886949621094669,0.4236059524218895,0.7889893222388535,-0.7645324844333622,-0.03876675947231672,0.3635738931705516,-0.8445071349769796,0.06131935017227667,1.2990912604536373,-0.894939604327013,0.11113639017506097,1.1482165044047314,-0.6663677866683744,0.1067551908242726,0.8404563704938909,-0.5343615154307826,-0.32526234412773036,0.5146819548395992,-0.7975969085937749,-0.20968514158496976,1.1979075994005641,-0.7801377283962863,-0.1430123423544387,1.0885674623609702,-0.6536565616847095,-0.1510872614437225,0.8463228917768322,-0.596160450179757
me,fist,0.5360449072187143,0.12586146974072857,-0.19628697782165938,0.9840621554147935,0.6773273610392098,-0.394676531570933,1.021377124111707,1.2022525938656146,-0.510930047673648,0.7401457885475609,1.3150891083109697,-0.5795324081217643,0.7793726810968622,0.21077642262322707,-0.9444776374911051,0.8168007183270655,1.1256855447698788,-1.1056955130363115,0.7778824461317869,0.9993080009035219,-0.9965417528199809,0.7440515659606696,0.7358938857957026,-0.8919073432631988,0.3276917079536769,0.23468107576657116,-0.9151737196923037,0.3967179024081587,1.2331421006312502,-1.0929440258214533,0.43538886313588626,1.0652102100434935,-0.9175581925127685,0.4167098583995146,0.7453532380412803,-0.7874634341177674,-0.04315896497015208,0.3503427120042336,-0.8514879721128041,0.07775807455166435,1.2710658679547762,-0.9136994001266511,0.1324335609388616,1.1148760130741455,-0.6901191770626373,0.11344358313724806,0.8149458131230439,-0.5530554112473788,-0.31885672374719076,0.5064823295805995,-0.8000807475957532,-0.17826416789297508,1.1646375160935,-0.7992393073480138,-0.11278620794370166,1.052609573136207,-0.6793822334277494,-0.14332370759254023,0.8280666759992863,-0.62039021392756
me,fist,0.5711085328167381,0.11312056042628568,-0.2024335552462395,1.0326341499961362,0.6816347053421294,-0.3963676610031797,1.0739288031392897,1.252591153350884,-0.5068270895009821,0.7779713441499895,1.4035617058954062,-0.5701811544685313,0.8193865944173985,0.2863357879008066,-0.918340684775036,0.8686333317678875,1.2147266853512022,-1.0731029320668144,0.8337138427248358,1.062800724631284,-0.9644289327228559,0.7898136718060027,0.79955565824977,-0.8607006834337928,0.35340804113245744,0.31635221488972143,-0.880354492575171,0.437312504141808,1.3187888308838231,-1.044088264250819,0.48517012041150315,1.1414736533958416,-0.8696119092555347,0.46281062462137795,0.8309114740941724,-0.7403832148928009,-0.02675410571641355,0.42981375100523544,-0.8095394667357472,0.12157824385052791,1.351456774434714,-0.8721682583438719,0.17933539064599827,1.180285076501462,-0.6527990603065016,0.15139207894145276,0.8818528405440864,-0.5167930470642415,-0.3155433618060391,0.5879081278347822,-0.7503573437565355,-0.1435589012444812,1.2505596694335912,-0.7609226239443078,-0.0815275303202416,1.129943032676061,-0.6453777584188304,-0.13009365469493803,0.907223883212817,-0.58538695846155
me,fist,0.6030863271708367,0.11062848352174778,-0.19274331177739243,1.0765021752045716,0.7006546894928942,-0.3700495045706704,1.1277852319838118,1.2709267650892404,-0.46402553306779465,0.8514744988618911,1.3997180308661645,-0.5099612111683417,0.8635601387998671,0.31166656537471454,-0.8895061563878414,0.8903130061163995,1.2401117723094575,-1.033672395071655,0.8768373470531342,1.0937021328445966,-0.9202171028038616,0.857528327885966,0.8324505638532484,-0.8131676415044911,0.38543457382718005,0.3585714000959532,-0.8502157022379015,0.4601567003871792,1.3495620710730787,-1.0007048801812486,0.5174704168065859,1.1550748087244838,-0.8199899457463986,0.5021663911435897,0.8270274169718983,-0.6856242845012438,-0.004518605499011833,0.4788915217792253,-0.7780919285422423,0.14184548669872463,1.382958147611183,-0.8248068030972752,0.20639567808605414,1.2077222687884186,-0.6108996395299503,0.1752761734034746,0.9011114500645062,-0.4802185938950163,-0.2957226473791169,0.6342182800006713,-0.7172787716973612,-0.12164631707090047,1.2751376207280771,-0.7134586295821977,-0.04650390364317101,1.1396489639094474,-0.5996227334132128,-0.08798264134411474,0.9090444456418503,-0.540710113640299
me,fist,0.6106489505199538,0.11968080378669467,-0.19863265347296244,1.0838070076216577,0.7281682182239283,-0.3765754322705028,1.1213264775150864,1.3172104867512886,-0.46928173102142623,0.827117166546506,1.4450477677879237,-0.5149271937582351,0.8435807711504559,0.34249339255886796,-0.8982846620975525,0.8580201822293558,1.2668398325122066,-1.050523643812257,0.8717840906812738,1.1242554757098213,-0.943886152072348,0.860933956301716,0.8640494771168992,-0.8388286421728082,0.35502617215984394,0.37979762735402056,-0.8542307529805898,0.4230824109156688,1.3740757298983302,-1.0104268493347677,0.5115427344819188,1.1955620826735496,-0.8314932188385863,0.5037520339488905,0.8778711721425814,-0.695348991256996,-0.03604811813290201,0.4923174162203013,-0.7778574423727673,0.10705422044833159,1.4077747767973596,-0.8270704123987768,0.20514877366557202,1.2491191710389233,-0.6173439874192659,0.18960179864346022,0.9499152630771163,-0.4866092774487821,-0.3269064587357489,0.6443515051146372,-0.7130410848996946,-0.15480234783977034,1.3064252989840466,-0.7030275901763389,-0.05365971558461239,1.1851260010284104,-0.5886089807832814,-0.08103941371114015,0.9592274356405318,-0.5284088592763418
me,fist,0.634741839467439,0.1450997178177033,-0.22038589337944575,1.1396432017635831,0.7832774418976922,-0.40361696564072147,1.1653708469459185,1.4106505254877417,-0.4998729549204211,0.8176271666304785,1.5620750243975594,-0.5456144497898071,0.8395456886733883,0.3759797084935238,-0.9019842348856802,0.8883062168155227,1.3581757810048434,-1.0650519884841925,0.8894375649415109,1.1613342798481445,-0.9647047776078789,0.8622079550451074,0.8789616638763513,-0.8653874347475452,0.3281736768591717,0.4123372844130874,-0.8498705793822801,0.43758326836003736,1.4645714723244057,-1.0120759736180138,0.5139973480517397,1.2573027790782025,-0.8356026531729401,0.48856143972132077,0.934872329900515,-0.7024493747976317,-0.07131909868091924,0.5302323561460195,-0.769410811200092,0.106561501251854,1.4973240670434542,-0.8366899822701329,0.18755370765314705,1.3078864040438059,-0.6187409505901363,0.1545404700605762,0.9896274964187978,-0.47914682417010945,-0.36316873089414,0.6939982101810667,-0.702161700104413,-0.16256197791194948,1.3957274100091994,-0.7169293456909848,-0.0830873201426372,1.2588688520422615,-0.6036135823865372,-0.14044404080570452,1.0170740994470824,-0.5425992940321791
me,fist,0.594802928187236,0.1379316279721196,-0.20698479381082166,1.0912591707905797,0.7521076168697404,-0.39622677825916497,1.148489260462743,1.337221491986936,-0.5035659551264088,0.8423747048954459,1.4823041390867198,-0.5597817671853913,0.8526605079908028,0.31890088093207525,-0.9056386240496869,0.8937599933148681,1.2882733654770602,-1.0807338268891,0.8745326650883034,1.1263793466311023,-0.9868974629645129,0.839096345547933,0.8456391344696682,-0.8880710959486786,0.3601009458002923,0.34710285863263257,-0.8659370152400171,0.4419533173649769,1.4010663593567108,-1.052220421868628,0.49866891945251474,1.199228989808705,-0.8842155101951064,0.47640775241325645,0.8560267967471434,-0.7499070491607926,-0.04047823937196482,0.4640140199765418,-0.7965392503181586,0.11148966433042298,1.4272258154965312,-0.8687138296269065,0.17829144599057375,1.2463004358382777,-0.6499598655308111,0.15189873013003763,0.9259693949539712,-0.5067042855193227,-0.3354209705160329,0.6233436443380175,-0.7399981908492252,-0.1598065271509765,1.3222909686847268,-0.7407352623178189,-0.09111841288414803,1.1914208583047992,-0.6199195964889398,-0.14097047565342424,0.9494650835809545,-0.5546614603880893
me,fist,0.5730280671879298,0.13513279897535996,-0.18656376854265466,1.0689642514266497,0.7241639577379827,-0.3708277304658866,1.1220057573526623,1.2897224198181698,-0.4801064392769029,0.820792863882935,1.4161540805464023,-0.5391488512383398,0.8882785495144343,0.2947938169245409,-0.8742067418461651,0.9181220862164842,1.2357545410079493,-1.041096435580313,0.8878136261231724,1.0821124861281466,-0.9547091244668918,0.8619313467214539,0.8072244322309919,-0.866369193008476,0.418252291118196,0.3193788124239603,-0.8503306387218095,0.48633910590408835,1.3383921694595364,-1.0175004878805487,0.5187347999021311,1.1515437719351274,-0.8544964217854822,0.49862194187410736,0.8309513748464138,-0.7348322044679154,0.026215773640033427,0.43043304513874814,-0.7962932819452733,0.15098908215977047,1.3646142395402672,-0.8550358892447703,0.19679865552114492,1.1901431245963374,-0.6392075806141906,0.17300505748178907,0.8780999912627583,-0.5068787241898361,-0.26842718201285654,0.5818626610286884,-0.7548809401228604,-0.10927841931949002,1.2590754717577144,-0.7512635987557914,-0.05080460490217657,1.1305405827179218,-0.6299574578738475,-0.0921107033344318,0.8926002599514685,-0.5681318381919774
me,fist,0.6126279396870612,0.22655495860789676,-0.1687447233729536,1.0794277498145317,0.8022014507290917,-0.36755830310572674,1.0990819967774432,1.3163508419794197,-0.4919969150959701,0.7625765092356654,1.3590928451501152,-0.5706536326086482,0.9024442086611605,0.20884411335633393,-0.905682582830341,0.8346770151953143,1.1209302039106814,-1.0602572054409698,0.8029045676314309,1.058610797154379,-0.9688734261845896,0.7964209485454726,0.8073327081227587,-0.8850959968055554,0.3958382211174077,0.2007211143890234,-0.8961155823558895,0.3851929609124766,1.2124305562053985,-1.0349049403026314,0.43083269514202793,1.1060359954304355,-0.8407543434145397,0.44646361906511545,0.8163927875518194,-0.7283091841595585,-0.03186972800962042,0.3004810670164515,-0.8514444834217477,0.012290689458539165,1.2677977627707304,-0.8745256180193598,0.09392680455552782,1.141918500952569,-0.6354943604974231,0.1340066751922534,0.8433454386449417,-0.5125954772428569,-0.3669408603405571,0.4286587632987648,-0.8214054262540043,-0.3071102797779203,1.134602112202138,-0.7681103749311434,-0.20869042660172427,1.0440847011507328,-0.6209562883716757,-0.15205244312128208,0.8053714852877372,-0.5607036005976416
me,fist,0.6459991511130331,0.2273576390465853,-0.18962994943636868,1.121863091703005,0.7464687174500497,-0.41273738640300983,1.151168975283395,1.220763251264311,-0.5683042910632211,0.8199698606796174,1.3129817252151255,-0.6873608956206277,0.9180490257305333,0.07393958508270025,-0.9042444050725494,0.8778282293396029,0.9912181290361205,-1.0909298416628401,0.7936577995947871,0.9523340773378404,-1.0417840306425075,0.7981230384993566,0.7189553638431773,-0.9941997351382661,0.4092010074062014,0.05768129226281445,-0.9106192420878453,0.4263389155222206,1.0587339252787438,-1.0902113034517926,0.4221298390452923,0.9597666032935354,-0.9251558094779405,0.4453384671712798,0.6810705537338303,-0.8380584161514824,-0.019148011390468032,0.14936307384237932,-0.8884925837010854,0.06419808523411862,1.1160681755525874,-0.9470521471443839,0.09956619054488683,0.9886111516961829,-0.7060271933057652,0.12862839896560455,0.7056147992296652,-0.5813687049486278,-0.3726573645635769,0.27098893378440075,-0.8860541844787289,-0.2741838099659746,0.9847674145244855,-0.8467905718644753,-0.19676777815242807,0.9060050124158961,-0.6869598722128327,-0.14719956794961728,0.6732758970070353,-0.6188536189729824
me,fist,0.607888277887802,0.21402492313458654,-0.17518130571632642,1.0600760499775812,0.6475055142197967,-0.39698792174536107,1.154653907529239,1.0591397214318559,-0.5748447752197458,0.891517443335413,1.0886541474216664,-0.7214969049682848,1.0599463652358048,0.03109018980438576,-0.7518074947904781,1.0032578047342944,0.8163550480127055,-0.9369153503145203,0.8315668248679354,0.8220561525446494,-0.9102798941914826,0.7837304255175613,0.635956350049005,-0.8827955996224228,0.6180349314069123,-0.005175339666297613,-0.7861336015081606,0.5704349790554671,0.8911024443115625,-0.9609562480837731,0.47566918853055706,0.8035329794303491,-0.8363602193921963,0.4909170368984059,0.5778730505601205,-0.7757541905681259,0.22498936769331918,0.07242119586865724,-0.8044900370973198,0.22213960044394396,0.9094489886916031,-0.8921716023485433,0.20236911445913175,0.7903640120139067,-0.7170572436055935,0.23044711708028306,0.5716024949889236,-0.6305043752171191,-0.10904257336262908,0.1816080160309317,-0.843014726580844,-0.052907292558479584,0.8187593183434481,-0.8438481787015705,0.0019380489739566859,0.7463700333994471,-0.7336724338815911,0.04659701514748905,0.5604473306480203,-0.6887069972287033
me,fist,0.6415735841315554,0.23948314603757148,-0.18327495670949137,1.1155184316744513,0.7010224863059242,-0.4028136704478842,1.182307179659517,1.1226655856192038,-0.5738663964397629,0.861712090450962,1.1461708614034667,-0.7103660010955479,1.044152221655788,0.029113944245018904,-0.7786432896241643,0.976158201708545,0.8482253081827245,-0.9631592677184434,0.822029434171079,0.8208673489230824,-0.9235710617714826,0.7905458250288688,0.6343017326704754,-0.8883372139739828,0.5901533723425467,-0.003418261394372708,-0.8072839107784567,0.5441071042776775,0.9199944568380868,-0.9828518324631627,0.46897046334232306,0.8006599227213252,-0.8446788250502626,0.4852652062062514,0.5745663476363876,-0.7768198047935315,0.1929931839349299,0.07840057576044528,-0.8185772365367524,0.19448543326118697,0.962873177219534,-0.9030947076148167,0.183768205083281,0.8100916043958093,-0.7143414864872046,0.20552277059534954,0.5818921824901937,-0.6200013044113144,-0.14185352095330994,0.18902478643911202,-0.8515357873525898,-0.09229215105673488,0.8796574888714063,-0.8397962538260209,-0.04816917528599654,0.7788238464071101,-0.7175509022065119,-0.019338746874531396,0.5656984009332722,-0.6685168387933894
me,fist,0.6427713859141,0.23637492240586025,-0.18825734132194746,1.1041255792712488,0.7381252443397016,-0.4211271113787952,1.1306285561022011,1.1900563217313478,-0.594932068765172,0.7895127760264627,1.2404917827174053,-0.7349524897422622,0.9326932092143708,0.04866663451918257,-0.8767528088139952,0.8897106501750852,0.925622724862189,-1.0691779672790063,0.7674141641513678,0.8734354466438511,-1.027467663272481,0.7369755807982724,0.6585059547184504,-0.9878465932831896,0.43932576131612994,0.03418119533152943,-0.8976772924217871,0.4432204742453891,0.9809370236263433,-1.0686522435346808,0.40323064762157584,0.8465046049720687,-0.9032998935813769,0.3975101875584907,0.598040670422683,-0.8219211080182647,0.021201095727343612,0.12375704801584989,-0.8952152838405998,0.07587386509221487,1.0410208724880483,-0.9622357753607462,0.10319792812439288,0.8884448238294156,-0.7400803945014723,0.11581404796571475,0.6397218667626576,-0.6292375074034658,-0.32521692260128615,0.24756860594099167,-0.9135393635201078,-0.2287762589080334,0.955308794676362,-0.884288747969025,-0.147014787888369,0.8557873612694192,-0.7380807156669082,-0.10492849497434475,0.6325678094782935,-0.6785200905045488
me,fist,0.5979738370259016,0.20162173479017995,-0.1662402077056215,1.0216320075227623,0.6880115494617146,-0.3908242518935736,1.04033389874967,1.1420364815758712,-0.5531481520888184,0.746217485681502,1.2238831230000016,-0.6812016828656794,0.841036409962988,0.07471921349517865,-0.9036439868883143,0.8072132794201461,0.9327800798217956,-1.076325730446976,0.7046581461491102,0.8834339958336908,-1.0078108589166175,0.6955196208002055,0.6688603208526193,-0.9501422688781401,0.3753894341246831,0.059355061328332674,-0.9249647287557834,0.40316732376778563,0.9841309657099161,-1.0825090445186722,0.37486866186320766,0.867897680468561,-0.8986612755779834,0.37682978056365873,0.612059313418827,-0.8051947317630165,-0.019444848232835155,0.14445391696004425,-0.9164311728941815,0.060639475875529286,1.0316397857163353,-0.9630838878424679,0.07496156959942944,0.8989081268794404,-0.717587132849646,0.08168227267910232,0.6432840644675702,-0.5971429156502667,-0.3515180216693065,0.26388005864957215,-0.925487299737241,-0.25328581208851175,0.9220974818482827,-0.8931053721666994,-0.18116416438077323,0.8349808478366848,-0.7411235551216954,-0.1362794198681965,0.6149853169096599,-0.6802193676221381
me,fist,0.5636709618608725,0.20134930162650758,-0.17001109171464185,0.992657938000201,0.7031822353985726,-0.38701595806660327,1.0164988288473382,1.160325706259297,-0.541920283107013,0.7205274044010277,1.2480341420657395,-0.6591713776837108,0.8459262069492355,0.1233209699664711,-0.9027213262627503,0.801774556156969,0.9713426567253071,-1.076082381495651,0.7148127865547078,0.895719316691726,-1.0050285598187971,0.7127585121655078,0.667163386666902,-0.9458259653125312,0.37688190821436385,0.1078686803178009,-0.9199588985749286,0.39977807270770216,1.0394017609668962,-1.0869414232627481,0.3733793618141624,0.9020887666244114,-0.9139631244089527,0.37673302043753193,0.6318738995761676,-0.8250658993740311,-0.0219329342501288,0.19275591548528065,-0.9072399589235981,0.05816492037464047,1.099419126270313,-0.9628133067868925,0.06564014903192109,0.9407873383405926,-0.7219565736117256,0.06687339899467849,0.6632439030918784,-0.6016710981701466,-0.34591033798406456,0.3117404218688286,-0.9115326899345576,-0.2549782847770551,0.9933239923528294,-0.8848271228749581,-0.20510242152914474,0.8843132108608495,-0.7376018691068874,-0.17994912519232684,0.6450607477643543,-0.6803565320696475
me,fist,0.6201754975502859,0.26411222825253505,-0.18339487978750924,1.0924628422380702,0.8344323160475896,-0.4031884533732889,1.09107697303147,1.3229774662637144,-0.5568467259651722,0.7066130117912474,1.3645745463733563,-0.6642758509394352,0.8774391864854165,0.12917478585930348,-0.9252839733252083,0.8188075450782563,1.06083172923803,-1.128798166184064,0.7715405757110751,0.9538016299646709,-1.0711572092757,0.7710691545832616,0.6804663507362996,-1.0081779526407053,0.35302168896423636,0.10173011223739646,-0.9300681004017958,0.3670079603453565,1.1629317436970028,-1.110153499475173,0.39272161020349045,1.0106717627640873,-0.9298459062439876,0.40569619317417915,0.7061395486164693,-0.8280769951142649,-0.09206947976915907,0.20608804719715923,-0.9062752388146394,-0.017074429833492433,1.239416612753798,-0.9642769573534054,0.04040141299173892,1.0667746693468272,-0.7134277755153831,0.060279281586547974,0.7491380563857748,-0.5790064848025215,-0.44486362635734683,0.35429135597452116,-0.9015904913569929,-0.36592509201216117,1.1252215541238626,-0.8557858220970848,-0.28072992024829235,1.0143760359577605,-0.69739566479679,-0.24214515113233964,0.7605020477434324,-0.6336681438097895
me,fist,0.5670479275947387,0.23017698311867615,-0.16549983077448405,0.980522792040691,0.7516252767993422,-0.3799439231934001,0.9881531882687092,1.2121952125732838,-0.5288670488288202,0.6776531614265296,1.2561646588497557,-0.6353340092386112,0.8218417021477961,0.14420554931114427,-0.9189386210009054,0.7707034209117756,1.0002172887744365,-1.0915952340930164,0.6995887046886071,0.924121121359739,-1.0058852139614374,0.6918053630012215,0.6854605436789364,-0.9299708231041949,0.3414210279423933,0.1256706692283772,-0.9314711829007117,0.35262278854632606,1.0945611679869856,-1.1019760115989663,0.35290178216013735,0.9554968275526577,-0.9175897123690377,0.3620758727314933,0.669024180778315,-0.8132044363508932,-0.06638114215544154,0.2166130941644124,-0.9116202686698721,0.0024422049672755907,1.1626996886304326,-0.9656988824123832,0.035799609655271666,1.0080905518439671,-0.7192098705035885,0.048717523792932024,0.7174366926494056,-0.5900115230448748,-0.39258638228271564,0.3410932939508699,-0.9079061551985482,-0.321742397102565,1.0459347961718488,-0.87466811828861,-0.2523654577366899,0.9492851323098046,-0.7262769176229374,-0.21592418034959013,0.7189719486225712,-0.6668406420187296
me,fist,0.6030130785948132,0.24248898555787815,-0.17374512516844928,1.0403900088163016,0.7850128611342804,-0.3905124818267079,1.042087584325153,1.2605899101319173,-0.5435397003809944,0.7097610274363427,1.317482132209946,-0.651037623437757,0.8763819489261578,0.15074537764108348,-0.9099260140365513,0.8090172662279713,1.0433165893934284,-1.1066794611877164,0.744488102480529,0.9359165459104597,-1.039738238401344,0.7429993616348485,0.671050776759372,-0.9715340142061799,0.3660780116774144,0.13009876494914324,-0.9214451696791396,0.3817322057266314,1.1357654345828538,-1.0999116677184222,0.3806865380661396,0.9762473199508811,-0.9219318590484521,0.38581886472560245,0.6780622418012121,-0.8212988618624586,-0.06841445980643301,0.2321358390174165,-0.9043042895081195,0.008193118064396586,1.214133350437334,-0.9697874989104317,0.04013436111705464,1.0358568209601664,-0.7234841519656015,0.0522067978618896,0.7227847079398513,-0.5908598511815744,-0.41373621125408855,0.37625094959417843,-0.9039241655908096,-0.33127528543592566,1.0996080849269516,-0.8721355324843147,-0.26810111868905634,0.974475120606666,-0.7177609520965904,-0.2388807036361703,0.7171542975332106,-0.6533851921659003
me,fist,0.6048375420920299,0.23974917627377873,-0.18309352448805966,1.057323210745498,0.805530776057045,-0.39991705603246497,1.062026539252425,1.297434308676858,-0.5506573083407059,0.7213858562449297,1.3731646798320487,-0.6542805372136435,0.8862842212002836,0.17708723272280416,-0.9120365321184383,0.8361590870651218,1.0925190174682269,-1.1133580163626062,0.7788180011445087,0.9858978322940187,-1.0517562392539817,0.7745250048000593,0.71575077901547,-0.983380014164561,0.36899346413663836,0.16011994112863617,-0.9155355961825873,0.3972952371240367,1.190154835095581,-1.0940459560600622,0.41213690610028647,1.031307263724904,-0.9183892183346252,0.4131377991927391,0.7264939438025515,-0.8158398053049304,-0.07009916676612289,0.2673024992405987,-0.8913961820210595,0.017951465351271054,1.2643328584703484,-0.9531262351602191,0.06686600625569739,1.0862078934416095,-0.7078399834107953,0.07750630462359416,0.7701322592006428,-0.5742931587917895,-0.416672663415631,0.41737808712405267,-0.8849329781644263,-0.3211689861131957,1.1537517412253777,-0.845735015964713,-0.2506007333620672,1.0238456227233836,-0.6879498308351474,-0.22840425710339513,0.763375664069457,-0.6211535829362617
me,fist,0.5750627152561169,0.22237609377787898,-0.16472725086105727,1.0048938473225812,0.7638856607525658,-0.370681909545985,1.019568625926481,1.234500368797483,-0.5095715535436733,0.717653849570423,1.2950752008122108,-0.6043070492364102,0.861455683174878,0.18803691029726657,-0.9024784788130957,0.8111045242327373,1.0495391792290012,-1.0713947204583651,0.7546054597538513,0.9463919488909425,-0.9820256476012523,0.7521518842940551,0.6942955566068642,-0.8999017649106026,0.3785668215715173,0.1785584767373547,-0.9081872229834962,0.40269382372222073,1.1404283444483656,-1.058091260348046,0.4092577303439135,0.9833613270765115,-0.8696894430217391,0.41215294231463134,0.6936235548542569,-0.7631604580075758,-0.030170421227098676,0.2801285979898742,-0.881716170520521,0.05020848453689097,1.2047333961364064,-0.922783592543123,0.08774069291962534,1.0279377969248835,-0.6779777386100762,0.09804507338502091,0.7241232587080936,-0.5514716407213248,-0.35486501389990366,0.41862712494541426,-0.8698508578073563,-0.26411631313527384,1.1001366150565357,-0.8275923608551788,-0.20791391241352417,0.9683606249706566,-0.6733882459775129,-0.19055784504876055,0.7176591534516591,-0.6102084568927101
me,fist,0.5827714153591449,0.2210929719232029,-0.16842221195337806,1.0230957698037206,0.782187197947419,-0.3700707568520744,1.0526502302406482,1.2749730814524551,-0.5051086605167621,0.7565071872908705,1.3352217656011791,-0.594755190924083,0.8934034250454821,0.22820540188022406,-0.8848621222851769,0.8448839215504889,1.1119797490096117,-1.0580561205139967,0.7900229806604335,1.0200371685383258,-0.9776698524090065,0.7833690333223725,0.7642176068198544,-0.8995637394657082,0.4036468225482575,0.21632598296941372,-0.8889726158543988,0.42221314602387616,1.1921574077474792,-1.0441042577915396,0.4342952473890971,1.0422714427673334,-0.8637249555198528,0.43395346208936886,0.7518026105239735,-0.7584558016172311,-0.014636421140698748,0.3136476408345696,-0.8627603055751129,0.05710742041133762,1.249595118839952,-0.9060343117165267,0.10721282206534294,1.080550677923229,-0.6682008197389936,0.11934575119715503,0.7801900977685816,-0.5427751786206226,-0.34864327654628197,0.45096168103452666,-0.8517009558595515,-0.25179500838357416,1.1446822981137152,-0.8093989634029138,-0.1834964991513938,1.017589084183126,-0.6569614175993769,-0.1657937088975792,0.7680585156623858,-0.5921601011732829
me,fist,0.5730574084392946,0.21002055610308665,-0.16305141593206593,0.989043732518742,0.7372120553461026,-0.3676545975469078,1.0119537885101932,1.2041825609023533,-0.5053577975059436,0.7441063574393003,1.2651152328765274,-0.6003615145405039,0.8791498495366539,0.19487729116193797,-0.8902221828761372,0.8232383909760198,1.041189237650648,-1.0619879276551978,0.7670136378420621,0.9558976523891207,-0.9832743141134156,0.7608039520465508,0.7160547836120501,-0.9084383714451126,0.4002914108862671,0.18235825858953428,-0.8980602718609004,0.42143584552263075,1.1252253027159238,-1.0518074152908172,0.4299287999638152,0.9836632538442092,-0.8736016975921659,0.4306232175590614,0.7091339399520094,-0.7727614379665346,-0.006164235530721216,0.27862946554656925,-0.8744703701148228,0.06733768982370646,1.188390068419309,-0.9174228652957725,0.11105824243731982,1.024117545730345,-0.6803491232907518,0.1253152272150629,0.735919324913983,-0.5576416917551634,-0.3345529805705732,0.41347597758411714,-0.8653532551670943,-0.23921202951024256,1.0841639375411134,-0.8261301103390303,-0.17288604176384703,0.9618877197295779,-0.6751207815712604,-0.14715980409834478,0.7178788658039096,-0.611630231145449
me,fist,0.5862375001629533,0.23117706448186964,-0.17222524854218985,1.0187266417466287,0.7855984200685491,-0.3794375595178678,1.0383772056781553,1.269207781105976,-0.5207134831790023,0.7328503371180496,1.3336163714850393,-0.6161750234091533,0.884509582440731,0.21187091778631229,-0.8938611609319959,0.833312615638988,1.0984246640392172,-1.0766767668516506,0.775299547513507,0.987355307504137,-0.9990894317474001,0.7706222830802756,0.7303568139802231,-0.9236327363403845,0.3874950179541133,0.19746268414946214,-0.9004754851905915,0.4175536752850947,1.1876904773418955,-1.062974302547563,0.42088173575328225,1.0141212153533308,-0.8797171291398161,0.41505398173255303,0.7173886740667778,-0.7735518560781584,-0.03434750091381433,0.2970692567640088,-0.878071204794157,0.05446935841892271,1.250720317828519,-0.9310380447101466,0.0893166178851515,1.050559721183727,-0.6843187865090422,0.08738298106357098,0.7370435617925574,-0.5517357611146078,-0.37426907180833013,0.4371116829958919,-0.8718073781071988,-0.2734987229468623,1.1404670774587007,-0.8375422995213332,-0.2195175929623459,0.9877520156268539,-0.6820183478083284,-0.21397412841375443,0.7219189294954057,-0.615020255066926
me,fist,0.5676088498255603,0.20727698372310138,-0.16269351365195192,0.981253972661332,0.7341162777171137,-0.3668341544032915,1.0005736474198974,1.196288184213895,-0.5041795043034683,0.7256989678553919,1.2601627534633695,-0.5988061583090325,0.8596374358397463,0.19718320431975464,-0.8953401919476706,0.8136118172258101,1.0427326060907371,-1.0594362595396267,0.7599288014415817,0.9428966340449109,-0.970501281325797,0.7578218175380103,0.6958877335047543,-0.890281648194798,0.38637241504928743,0.18993652676268094,-0.9025743585380157,0.41464531464163173,1.127166207028879,-1.0454452283087856,0.4212752700922306,0.972906758489911,-0.858541925445353,0.4208747477738113,0.6891264129035057,-0.7549852261710791,-0.014427372618387259,0.2883303099726073,-0.877601783415419,0.06895427881592181,1.1856799984182782,-0.9142318373993246,0.10341856449094243,1.0052266987442804,-0.6705587376318307,0.10671237640266684,0.7058126148572658,-0.5468944726155283,-0.3374927535732905,0.42466728452361874,-0.8671643808848019,-0.23816013370940575,1.0858175476825949,-0.8296188840408891,-0.18634913559060043,0.9460825602914898,-0.6770527005879213,-0.17584900684323482,0.6918827673952204,-0.6139806327316856
me,fist,0.5889903490629117,0.21778131857451982,-0.15797629010811215,1.0082701210823426,0.7440300137776648,-0.36403635274811136,1.034523864183049,1.2130327920090422,-0.5061289604054366,0.7770571975231451,1.2689081921266092,-0.6065301380125458,0.8969546543248148,0.187473097130126,-0.8811175126130597,0.8431449986251858,1.0546564703218269,-1.0522908101412982,0.7677776291144864,0.9838004616395629,-0.9737408917092092,0.7491754813495817,0.750546955937433,-0.8986659792287659,0.41224652435522147,0.1801473489023128,-0.8930843945789828,0.43131326000742776,1.1302300137675205,-1.0436076485969603,0.42976242802680265,0.992129087599738,-0.8625170191153699,0.4309080516064717,0.7155244647306914,-0.7617842479983679,0.0014754322223037044,0.27868599575883063,-0.8739480055703595,0.08183120098619957,1.1967644670175854,-0.916549652622229,0.11621209771364481,1.030491283113285,-0.6761121868059423,0.12716282427613898,0.7393498306266136,-0.5515193101815051,-0.3269483275533643,0.4151219019748119,-0.8692281200061506,-0.23300318895250616,1.095786080752518,-0.8292596310269313,-0.17697716345168726,0.9749499579064331,-0.6745025412724925,-0.15305959392520804,0.7321067522261979,-0.607745414948632
me,fist,0.627552396938207,0.24412675992032087,-0.1639686145601822,1.0991897705980043,0.8121975927292809,-0.3669495547275237,1.1285344216936108,1.3158344782869242,-0.5076410447938505,0.7937349335110097,1.382906780883438,-0.6009689136118793,0.94368188192664,0.1999321397985738,-0.8701888639230192,0.9131204895683844,1.1228076342325104,-1.057414645959642,0.8392808563333276,1.01778900614207,-0.9895731144640177,0.8289415396382416,0.748698022198668,-0.9198281400918458,0.4297838241541452,0.1993938940468869,-0.8806406415288007,0.476122008914497,1.2140235039328884,-1.042096929066131,0.4711959226222912,1.0484732102908612,-0.8645422258423024,0.47028150165190974,0.7420575131509591,-0.763703208430372,-0.008250676995452795,0.3142637622100416,-0.8628791844813212,0.09832794991341617,1.290535529190094,-0.9147511734070153,0.12799580956331,1.1029731104307425,-0.6721915460196075,0.1335996453571202,0.7833919333947192,-0.5430599838345597,-0.35693172080653884,0.4645702871361544,-0.8611011644280616,-0.24710422314424446,1.1791390805970767,-0.8186034358419082,-0.19383952799861892,1.0345652645813423,-0.66061898260483,-0.1780610570754675,0.7679279986670702,-0.5936381127802373
me,fist,0.6175162427248595,0.22554552136558778,-0.16944420104302887,1.0791788602062324,0.7931531119682887,-0.3726780240852661,1.1062567146441824,1.2972122010544267,-0.5105651432429738,0.7964868739117477,1.3733636714297461,-0.5999738190359196,0.9350668039153593,0.20892708023172296,-0.8744116479393883,0.900228579962144,1.1194951879440043,-1.0604916959848056,0.8364424349362508,1.0147920848548897,-0.9902485668256867,0.8295993379155424,0.7500312217569975,-0.9173004273513367,0.426867500525179,0.20706261010626484,-0.8802892777328185,0.4635521100160463,1.2221011263776025,-1.0437846819976189,0.46376486987258936,1.0535054058300377,-0.8665616417715184,0.46081657328661524,0.7447010323248812,-0.7626505603744567,-0.004083324168488603,0.3197053560158538,-0.8578544908946364,0.0940441117891637,1.2955016118078204,-0.9075694390430552,0.1273301138324692,1.1032018531213659,-0.6637474759832767,0.13184228786832025,0.7821003299251622,-0.5323598004258177,-0.3460383659473321,0.468744468062837,-0.8516867676620239,-0.2412361907684967,1.1843577128354346,-0.8091426592176754,-0.18616949968945082,1.0402613822730886,-0.6513660086360387,-0.17077641657284584,0.7752873893015116,-0.5829189426832851
me,fist,0.6065687865628235,0.21182180512002538,-0.16329802921888906,1.0582714149757628,0.7450073743859342,-0.3736452444155348,1.0801968599861531,1.2272943408411656,-0.5214327899897786,0.7787232719134183,1.305071777557974,-0.6242761969431108,0.8938382623186407,0.14750093919736904,-0.8968719568284238,0.8676809875839763,1.04486145688579,-1.087807382272144,0.8034438324058224,0.9443720601088768,-1.0180722151796444,0.7912511566229304,0.6805830364938436,-0.9459379804881386,0.38897921965941873,0.14628068355783325,-0.9095587547217622,0.4465864838729692,1.1436288824790668,-1.0772272590385439,0.44664174211305613,0.985624714999742,-0.894759244016623,0.43839637101028195,0.6900577204642473,-0.7907399069491228,-0.035717499192620066,0.2620197078299978,-0.8930180605309695,0.08152292073859543,1.225023995665673,-0.9476285715784806,0.11434009422387081,1.044868592883682,-0.6977974683530902,0.11468353699421249,0.7349812973476432,-0.5646625737324963,-0.3713229311315067,0.41852668805928483,-0.8923619146735134,-0.2587146887037382,1.1305927866376293,-0.8533953407483642,-0.2010303923078149,0.9991084574781752,-0.6940019408589067,-0.1842494528546576,0.7435208911327346,-0.6261134876824253
me,fist,0.6115137267920255,0.2048446599485723,-0.15694363313853327,1.0749698820315483,0.7587355150010331,-0.35585754347844883,1.1370906404935819,1.2770492042427366,-0.49590446173278097,0.8551286043001035,1.383977893289303,-0.5872432823041774,0.9582927769479966,0.22773871809147472,-0.8494846674242685,0.9258583874035898,1.1655183533990983,-1.0374237309027645,0.8559605704310463,1.0659382640297161,-0.9663244230036524,0.831717732818698,0.8051367128638588,-0.8912878000108101,0.44539496749625246,0.23322405252933948,-0.8644245856353254,0.5024766329780765,1.2711669728021626,-1.0343688436278657,0.4955227889404623,1.08902281038926,-0.8556449036619547,0.4713616955383834,0.7752917899711879,-0.7464952486290811,0.013061942737998773,0.34822111857608906,-0.8527801321927166,0.13441708835594549,1.3376903738783439,-0.9090613002714694,0.1570844413143307,1.123956450025322,-0.6586104468011771,0.13313916007558274,0.7970552083766048,-0.5185341080793676,-0.3372021293756103,0.5008979828307772,-0.8575198998471671,-0.21324923096160636,1.2302340715748334,-0.8300867104656806,-0.156103883202078,1.0755646223677684,-0.6793561125476413,-0.1543539240036445,0.8046607716304903,-0.6113325934897214
me,fist,0.5458569465281823,0.17700552661156813,-0.17090596407231004,0.9578739889409171,0.7258043488366259,-0.3726689430614174,0.9967677354064459,1.2373364984570834,-0.5037082823682106,0.7135543596343825,1.3521340905087185,-0.5877081392994176,0.8082596254872835,0.2452120358981122,-0.9168946866570228,0.7900484867610292,1.127424213133588,-1.087574255871817,0.7339017218968447,1.004297141483543,-0.9919420573601512,0.7194986414614468,0.7447109286515716,-0.9018234872878834,0.330132104765082,0.23863547899331766,-0.9132720851799899,0.37828990666296464,1.2345625529826731,-1.0807848321456608,0.38549575165748845,1.0671975740704607,-0.9009920503925605,0.3819380732431821,0.7707095843592403,-0.7873122946739863,-0.07702844656846347,0.3353988674314605,-0.8760203035891003,0.02230225805649474,1.295293114492078,-0.9348532491920204,0.06261025548788439,1.1069028148937767,-0.6917315338527484,0.056818134343691935,0.7948852110078595,-0.5539247339668648,-0.3970627748385738,0.4701657042056729,-0.8525327384117586,-0.27897975954366,1.173743172506534,-0.8464721397578338,-0.2160382997980234,1.0479749884955323,-0.7136503153614744,-0.22222909598775423,0.80233098142093,-0.6537440307614487
me,fist,0.6010643365887254,0.17603060545714613,-0.17614108946581003,1.0591733194658048,0.7381063513854677,-0.3738377845238865,1.0889416084453885,1.2799220050552553,-0.5000359790616437,0.7487970607422892,1.4067088862852446,-0.5756214207008097,0.8652356231129482,0.28857293656762206,-0.8964010755429517,0.8694756024087041,1.2100629984273072,-1.0677736769423238,0.8411895510798298,1.0664922920968334,-0.9893486050217105,0.8311005219940178,0.8038008190481749,-0.9129541191696244,0.35776791313982914,0.2950934828728662,-0.8859582138529633,0.41227229136582777,1.3047218985914888,-1.029698127608564,0.46178480813307154,1.1190522879224638,-0.8417082904246772,0.45537257397330977,0.8217136309972276,-0.728147466368746,-0.061630095614461235,0.3907495917247291,-0.8447915503082053,0.04341406783826152,1.3506894955605748,-0.8818501096850999,0.12106679755765141,1.158716641646311,-0.6349262475161074,0.11178065527989087,0.8455483149576948,-0.4990021168457687,-0.3882506550181718,0.5185997161733517,-0.8194204241407845,-0.2704099497435968,1.2338915734664089,-0.793863848574765,-0.17380443693791356,1.110776444878168,-0.653615619731136,-0.17581146002403064,0.8669318669454658,-0.5906141682371013
me,fist,0.6005765500934486,0.19687624955771382,-0.1921243213688489,1.0897385274120783,0.7369310678426221,-0.403849991121181,1.1289867262049105,1.222942757457455,-0.5378704604652098,0.7691828660491803,1.3294170607006024,-0.6207223466432651,0.8222496308543972,0.16256224102880082,-0.948927065392767,0.8162007036678842,1.061100825997639,-1.122985536379523,0.808966040404204,0.9422632999781184,-1.033066138914423,0.802675504154366,0.6674283055056666,-0.9496590315393684,0.312767282775882,0.1641695101855181,-0.935534605854021,0.3736184105050126,1.190527320979476,-1.1043362392012033,0.43053865024172755,1.0314331069974458,-0.9128269791528847,0.41920711824406753,0.7248803975110489,-0.7942858313795572,-0.11671123240682402,0.2758979739595042,-0.8883007032511709,-0.007293782748242775,1.2598828423360118,-0.9359618277896326,0.07619341479646417,1.0792174900839102,-0.6806598552435115,0.07485307568985615,0.7565940968618916,-0.5377902029762613,-0.45744236601933086,0.4182058795772139,-0.8585944450398149,-0.35249301083930246,1.1519461684464236,-0.8287813813445559,-0.2579153326292741,1.0299335914673085,-0.6799552736883442,-0.2564665706189025,0.7709490885370325,-0.6128790873271835
me,fist,0.6620435619092763,0.2029239226209654,-0.1757538244110078,1.1373543730423326,0.7195660988301326,-0.39825159596470333,1.1996724420625053,1.199718052585417,-0.5635256669098955,0.9022032050613327,1.2815791876637712,-0.7006268395023315,0.975624532897614,0.15725093189790176,-0.838219241373049,0.9366795735246018,1.0263884811094346,-1.029060434702572,0.8073576730859401,0.9762790354445633,-1.0103674495646162,0.797193912111365,0.755250892445552,-0.9900656363898145,0.4665935069889174,0.15457113044544274,-0.8708606460672115,0.4832388108015909,1.1142732496722545,-1.0417735363755667,0.4446763258259002,0.9860473548768606,-0.8989260580640577,0.4517191769039356,0.720661427926707,-0.8294311253416702,0.025366667236972694,0.23453319895549293,-0.8806354490719869,0.09954888458773666,1.1389414952060997,-0.9424484196066639,0.11307260195717718,0.9989233915451766,-0.7310102132284633,0.13364909308948927,0.7449119058773929,-0.6262138069713444,-0.3476658444317071,0.34468092042053594,-0.9102141268852401,-0.2497990804392656,1.0428884401408147,-0.8851123840576148,-0.1705445670127036,0.9708947385853371,-0.7421260445372905,-0.12462350916873573,0.755735976424702,-0.6797399825744336
me,fist,0.6907355777491256,0.22967109054593896,-0.18431316477398602,1.1873499922969046,0.7452351945199347,-0.40504502881409604,1.2174208287591897,1.2336837523073274,-0.5658466730003849,0.8925965260130978,1.310129379259288,-0.6905691636234098,0.9871933308239759,0.1359586934540307,-0.8571078610893857,0.9453210571095235,1.0364675273460782,-1.0714799399692194,0.839156335696944,0.9781923150949396,-1.0608055624987844,0.8075811294968298,0.7474526666820488,-1.0377027241318133,0.45579821910347307,0.12584729798972405,-0.8811415556258755,0.4632302146956199,1.1322695568279477,-1.080135910065607,0.447678080280652,1.0094736115712664,-0.9386986736140068,0.4578765285421865,0.7323328742012855,-0.8638000296572595,0.0020093977139148786,0.2144614449681767,-0.884179637373047,0.07177947526838176,1.1893584159935078,-0.9615052280899932,0.09241062295490042,1.0370446326032254,-0.7371581161694826,0.11006675651517635,0.7540146821866546,-0.616897416222838,-0.3808990881380699,0.33637146060383893,-0.9077747197388885,-0.2812594304483358,1.0839220160257077,-0.8788958369617238,-0.21095534790276185,0.9950116460323523,-0.7209224651060707,-0.17352995022460538,0.75109902224034,-0.6470604190732371
me,fist,0.6842031127492691,0.23556871745237956,-0.17181009971597527,1.1719193339052394,0.7768414343345728,-0.3778760849295825,1.2125704376639774,1.2675038528638312,-0.5238792377052639,0.9029035408989706,1.3659585429671055,-0.6337805212609502,0.9886534034664143,0.2047773708078846,-0.8357918044514094,0.9738422873685547,1.0829038431278117,-1.0262541604722228,0.8600008540079801,1.0211071903097466,-0.9975669302117965,0.8343474322985681,0.7923134959150856,-0.9664092095513557,0.4637719414715389,0.20141049496964678,-0.8627568596190941,0.4929737365554149,1.1807702350335445,-1.0407021608210767,0.46751750033416345,1.0232663352021392,-0.8862131836600876,0.47471802891896536,0.7286889553435515,-0.8033585929604218,0.006701772389840051,0.2794861734804217,-0.8672414416943842,0.10771190918668164,1.2142420492808688,-0.9288988337698928,0.11685701975203427,1.0514286224555285,-0.7002927914156784,0.12841035161587702,0.7740920000815086,-0.58068869060337,-0.38716260376042083,0.38213859749169266,-0.8913165951009148,-0.2664821887688565,1.104511221356778,-0.8583099286284467,-0.18593071008972,1.005483438301683,-0.7010124460415326,-0.14497501871034707,0.7565333805554383,-0.6282248744364745
me,fist,0.5937510547304897,0.2564567606739967,-0.1618567467903588,1.0772983875763629,0.8105245625402463,-0.3600424038823281,1.1597999959328709,1.2985905234620323,-0.5014736229893761,0.8411327634884221,1.3674365988520136,-0.5962072024777583,0.9833464905318356,0.2016464754792077,-0.8361713303535527,0.9329294175150883,1.0940090683248838,-1.017256025630706,0.8380555632636428,0.9773814816497254,-0.9469552555456695,0.822114595317572,0.703040484695787,-0.8809316569771747,0.47973237817155684,0.1881942495253092,-0.8569946147902378,0.4969785677045004,1.1853373143154948,-1.0152599847399029,0.4542041402065503,1.00395620826326,-0.8325084431924521,0.44260667799662856,0.7015291258362495,-0.7302953708836317,0.029554990432060835,0.2801161425585943,-0.8537613375171907,0.10608333498135174,1.2373836736933042,-0.9160854913991124,0.07948077747745735,1.0366846277613442,-0.6671954898966822,0.05210579483857774,0.7264140103166893,-0.5318213810504351,-0.35432261253037006,0.41233616244906807,-0.8674128609486657,-0.26248421216816425,1.1373258444023449,-0.8424361699082891,-0.23865790390515879,0.9766820536381837,-0.6869721677573376,-0.2400178438527389,0.6953775556467274,-0.6204372945059835
me,fist,0.5862779685036809,0.2264092354929003,-0.13418304584998758,1.0421804037546116,0.7178941438335185,-0.3156994218558051,1.153675811628021,1.1693759276920261,-0.45023251424610605,0.9387251323288902,1.2742404100584608,-0.5408643787646149,1.0547201115339355,0.18441485262296806,-0.7449257054838406,0.9929067139163295,0.992542341072801,-0.9130625211284642,0.8875637600752956,0.9174743138735915,-0.8501877277009369,0.8588247289302016,0.6871953706946282,-0.7923751067664785,0.5969906538994008,0.17854692302503516,-0.782127326868879,0.5991884452523255,1.0782766301740758,-0.9422311243348415,0.5499029947956509,0.936339274245005,-0.7964872482527373,0.5389070229253191,0.6724246529735868,-0.7176965726790304,0.1846594528528678,0.266070064081798,-0.7963749033980934,0.24441907511119723,1.1431754363432813,-0.8765386827507821,0.21857294976401523,0.9769836619194634,-0.6720712020437388,0.19918299126102865,0.7045695179398158,-0.560890958110584,-0.16371812435526598,0.38955253383340394,-0.8225838025573557,-0.08142123705081114,1.0549797736084432,-0.825573423967048,-0.06800938657069752,0.9169042333715138,-0.6976476584744475,-0.06538491172942795,0.6622370172910997,-0.6397739648550037
me,fist,0.6124748308451803,0.23760879302257668,-0.13848224308461116,1.0906571435298467,0.7284209304809587,-0.326238869599196,1.1899781965243028,1.189765177550957,-0.46690991883696065,0.9287323228757693,1.2947864014264818,-0.5639977804087525,1.050627647012651,0.16223324108878912,-0.7682582086712103,1.0025272400123262,0.9980404481635634,-0.9459481872516001,0.9013800063980705,0.9229231976794914,-0.8860792260521773,0.8713879128824142,0.6886396372086543,-0.8282799716541583,0.5707543633559371,0.16227358075963977,-0.8049265442868707,0.5937051380929685,1.0968653072620227,-0.9700386772741666,0.5462820548941203,0.9497336125972521,-0.818227368196936,0.5294899095371794,0.6779494649878952,-0.7353068096575782,0.1464671264904407,0.26231899393067476,-0.8185071416190147,0.22715816084993867,1.1769900980731112,-0.9035966351092865,0.2037698681017841,1.0039950938062037,-0.6942550559214876,0.1795601129653983,0.7203354573235043,-0.5778486907395082,-0.2063399143780075,0.39448833795266247,-0.8447434470182923,-0.11180243415725498,1.092961766464531,-0.8460857641816701,-0.09576244561438302,0.950453667749669,-0.7131164297438144,-0.09709519605740101,0.6840316669020001,-0.6524411003149503
me,fist,0.5438098854330459,0.19705170320261042,-0.14656025628512934,0.9988320795728394,0.7091083854395926,-0.34173047982401294,1.0826074344834198,1.1940854504626544,-0.49068651811404485,0.8091425064914649,1.3301841671772476,-0.5966197936054606,1.0038210250523922,0.24354895492748985,-0.763134046243992,0.9954416517046605,1.0898770974407628,-0.9608313488150579,0.8519919259901803,0.970355743498785,-0.9301624288446084,0.8123735838321448,0.7290051679816325,-0.889151283714238,0.5510278586714425,0.24633174143294448,-0.7973010548911733,0.567217914034822,1.1732591927926528,-0.9696267460825514,0.4809065257619589,0.9897428340849118,-0.8323409932464992,0.46778255833332977,0.7123704766116403,-0.7540141001957205,0.12760969850849074,0.3351602101711432,-0.8113475010615633,0.2037262034263485,1.2232371988642738,-0.8963817877935915,0.15021721522048434,1.0259447468797833,-0.6774691449408189,0.12121855192588556,0.7368952119900058,-0.552286513690125,-0.2382330067108051,0.4599073946985925,-0.839705890595113,-0.13493355735297144,1.1429091827245508,-0.8476249643850361,-0.1476922507677134,0.9929654531079459,-0.7094955204697381,-0.1780164681881796,0.7345864045437377,-0.6425885049011547
me,fist,0.5196814014882117,0.18461485373504452,-0.13462679564162636,0.9796460408792301,0.6632163252157948,-0.32312106958611975,1.0853403253604046,1.132986932414862,-0.46735729879706484,0.8476891172874341,1.3003050538259233,-0.5677689544563287,1.0271846647931901,0.245705488940092,-0.7228338632068255,1.006267165705455,1.0506561711507298,-0.9131067690139036,0.8752331088593885,0.9467936835710495,-0.880075830072993,0.8329863200548709,0.7187223043317279,-0.8365236812507059,0.6074943289553998,0.24297335780876078,-0.7562503472277976,0.6288346051810598,1.1403860409632145,-0.9355639052485327,0.5313150971203927,0.9734326106107336,-0.8099944667093981,0.49847499790776556,0.7106945233309273,-0.7294082715008096,0.2041901676548832,0.32579927492439653,-0.7697098887358308,0.2766492455115682,1.1967843687446615,-0.8580127839808855,0.20849952403524077,1.010263660900132,-0.6501142118085635,0.16800325231190893,0.7277541301716327,-0.5239953969620751,-0.15414906116321678,0.44162073000789254,-0.7960897172744815,-0.07555727336020636,1.1104084359479076,-0.8141732057064315,-0.08812746714728024,0.9818906965425789,-0.6938616763442326,-0.10792678377590387,0.7430729857168215,-0.6320547309330501
me,fist,0.5090547967048189,0.13245394358242457,-0.09313902745001006,0.9823096744322967,0.5618050228123169,-0.2579481537775496,1.1246886215918046,1.0021454101322063,-0.3916115430432007,0.9393065632700337,1.1821041236282284,-0.48357797154931687,1.095739000657761,0.15830170958317014,-0.6073478072944879,1.1291905206033117,0.9444746076362984,-0.7871286321586617,0.9432875782271823,0.8716806766234236,-0.7749695453399467,0.8635169723201832,0.6599260279797169,-0.7500451952868585,0.7260043508020954,0.18728371758849013,-0.661696676538928,0.7671015260665656,1.0324608620958702,-0.8255571896332008,0.6149714756429564,0.8885910525128821,-0.7188645183893589,0.5755703449894306,0.6351574145705564,-0.654315259357916,0.3543214792582461,0.28823796681613784,-0.6993017182456077,0.433960999215034,1.0889172935750118,-0.7737457561244114,0.31986778608043526,0.9252309210538935,-0.5837897687913656,0.27349142209382116,0.6705555224351165,-0.47500664183711677,0.007453447180779845,0.41476608544768206,-0.7478592601838308,0.09417353053035664,1.0161732405739843,-0.7584673714838623,0.0483553389769001,0.8872997021367908,-0.6436063348894302,0.024808304389686283,0.6643250956373193,-0.5859885818396487
me,fist,0.49559003075492475,0.09584381124157952,-0.06037964698814075,0.9376420692374675,0.4877501909023212,-0.2124943353423107,1.0769302323962424,0.9113850037144341,-0.34247484681723217,0.9339232846144941,1.0888587582354672,-0.43505143357162246,1.1270963059110777,0.11764684133914236,-0.5375687803786351,1.1684726586197238,0.8695147441756697,-0.7042884056583661,0.9754125618413649,0.8753574844968829,-0.6963399633171441,0.8724864613832861,0.7137029100834569,-0.6719524514730761,0.7792236834603343,0.14993240249838416,-0.6085480472531082,0.826614462219449,0.9612189246561196,-0.763142264451335,0.6641112986739558,0.8613185207966978,-0.6695867839701507,0.6185953611832186,0.6208985431730056,-0.6098590015949754,0.42702351391866294,0.25415672110470305,-0.6621349612223106,0.5167418597321219,1.0090891728273061,-0.7325668016660083,0.38750103603689984,0.8788715704410547,-0.5596558229961794,0.3438650894668368,0.6505056414313239,-0.45972705007008646,0.09559244383883723,0.3852505000460408,-0.7235495765779882,0.1864966810098102,0.9629839679808809,-0.7266418968032365,0.11894115126912136,0.8474710138122653,-0.6090014925294653,0.09329735415980235,0.6391619689601041,-0.5459802316361942
me,fist,0.49561540508202867,0.0928077033955127,-0.04712843101418191,0.926044711966026,0.4506969406469311,-0.18829090180231228,1.0765082965816204,0.8522411683485831,-0.3157247309463305,0.9721726598255913,1.0345529738210495,-0.40906796291555,1.1376483801321937,0.09579020749944665,-0.476818009004092,1.1851666280454132,0.8033182171491436,-0.6364824993283641,0.9835651855506092,0.7940920410982998,-0.6368552153135916,0.8794510308378668,0.634485767432602,-0.6223938092126958,0.8209162936905682,0.13589993281286208,-0.5546419088157696,0.8471708854978249,0.8761651101341341,-0.6825103576586325,0.6925529601263734,0.7879544528403474,-0.6003024847156108,0.6656525515199998,0.5776290500026665,-0.5616566280629071,0.49225108594474937,0.24028240163645548,-0.6189370765203612,0.5610012511041459,0.9330810791854629,-0.6849024154742714,0.4379500367027718,0.8117552340504258,-0.5351583025117528,0.4065709989905574,0.6095677438593079,-0.4574741658041042,0.18216035591327184,0.36788452004720407,-0.6892688804845926,0.271344136997715,0.9070018273291416,-0.6938253905425705,0.1937467646730674,0.7983312488053228,-0.5841234284460705,0.16360588748009983,0.6070113856961372,-0.5279064474086896
me,fist,0.47920529250254373,0.08990388436121287,-0.03046056634136786,0.874470732911142,0.403669702470552,-0.16554820506405554,1.0194425446917617,0.7765045049314937,-0.29079755671466084,0.9784937099890494,0.9710388103786896,-0.3813727133446601,1.1239560444661558,0.08557264936479184,-0.451688538784357,1.1675823289561178,0.750740483813761,-0.6075986448356252,0.9742768230703995,0.7550263655641462,-0.6057814994858123,0.8776625078076914,0.6180911650637856,-0.5871944687261348,0.8384338799120683,0.12278354029316166,-0.5309923080880484,0.8707456553058877,0.8125854245596944,-0.6530074566391971,0.7161817928158052,0.7420401390356656,-0.5713471680534494,0.6763014934558659,0.559270417362028,-0.5310596946486478,0.54134502934771,0.22377255407974184,-0.5971214016928958,0.6110124400721412,0.8650461032269391,-0.6610305584419136,0.4879208354428745,0.7668413686378187,-0.5148669373359448,0.4471907256146612,0.5880036286510847,-0.43702146788484136,0.25861546679421116,0.34788774287352975,-0.6679883414441291,0.34085987945656215,0.8472975446240267,-0.6713235339192333,0.2589451623770957,0.7554391283512062,-0.5658362259719778,0.22644940076531536,0.5857588842129818,-0.5106813312908906
me,fist,0.4735556496114484,0.09214095984809063,-0.02885332748630553,0.8614392276698541,0.40459101141499954,-0.16158606690128843,1.0105771901240665,0.7732820889119283,-0.28593946364588657,0.9853065134160491,0.9762620642735246,-0.37570126912878277,1.119448613029297,0.09387413309486896,-0.43562312298033684,1.165899320840586,0.7453482116526349,-0.5893263965539933,0.9687926722409824,0.7463292531130754,-0.586990051270709,0.8732944894201671,0.6078149985434835,-0.5672386147240331,0.8466126985306676,0.1361589226657197,-0.5144975087064383,0.8742819522428942,0.809744010944186,-0.6300628054149778,0.7157684837460521,0.7452980298955069,-0.5483906083578163,0.6747722871787352,0.5716039852968658,-0.5082239170285858,0.5560646056677978,0.2374402160722059,-0.5815871091152233,0.6145703509449801,0.8661887367556282,-0.6460711426811558,0.48550096898592787,0.7769030237568271,-0.5038203687455077,0.44087963594159874,0.6054857088311066,-0.42731780434742167,0.27589977634615337,0.35874486297157493,-0.6530331281789465,0.35299417630164703,0.8480162814847766,-0.6585373851616195,0.2684658999963811,0.7605727859775082,-0.5568529332624408,0.23276344278764025,0.5961635555887094,-0.50348475347094
me,fist,0.46603999711570787,0.08296763700583046,-0.020174591057663116,0.8470760169050698,0.36028340147617965,-0.15362402984188955,1.0154668844164747,0.701867764855193,-0.279134477927204,1.0029858023410705,0.8942869061082966,-0.3710806939156537,1.0933701327313594,0.0544054965976108,-0.448050164746509,1.139106596810652,0.6762922669548475,-0.5809758193693991,0.9513423026261197,0.6770897438676804,-0.5535192154914308,0.866481363734059,0.5477491970333748,-0.524501497670013,0.8402800350420226,0.09970957054673672,-0.5329047421924133,0.8686955986967932,0.7324144506140395,-0.6345242898954825,0.7145444331686354,0.6746516913969831,-0.5389130716245614,0.6730190205946978,0.5190874567048608,-0.49754093602546823,0.5702960442961983,0.20230031157690884,-0.6029769373637316,0.6261698680634394,0.7935748996290736,-0.6601688226612172,0.5026241093355714,0.706132945115417,-0.5144862852766053,0.4587125145442116,0.5453246955722414,-0.4436262494659217,0.3098926173120209,0.32779926012494065,-0.6766366870336945,0.38444244246016984,0.7944631683059844,-0.6827929106785547,0.2972706047371527,0.7089838516774931,-0.5837906651893581,0.25991649404051614,0.5520697105826512,-0.5365825238297374
me,fist,0.485743776065825,0.09075934517914822,-0.027207733154530133,0.87805971521509,0.38777665343048245,-0.15845691551054908,1.0402101716194878,0.7466481740899558,-0.28323789458436616,1.0183655981448343,0.9368360629786997,-0.37217411923979427,1.127420396379266,0.07563016649597579,-0.4090743608572992,1.187089039913271,0.7152439982747466,-0.5573873744645302,0.9936733091114073,0.7094302408075782,-0.5522134543169496,0.8984399114275416,0.5645935859803433,-0.5313729599329864,0.8636748258256879,0.12268250935060766,-0.488891396052749,0.9073485217659837,0.7842596351120464,-0.600945660827314,0.7480728990178075,0.7274958601038205,-0.5227529523700031,0.7021849788881962,0.5557470161729818,-0.4852141741556078,0.5854910756679548,0.22882975878218684,-0.5583012701148696,0.6495894288874487,0.846434416541328,-0.6198832767367047,0.5191803902194324,0.7617760520504309,-0.4820161306170095,0.47396159337801924,0.5890928162328093,-0.4090236326721018,0.3167264497994614,0.35203728711245985,-0.6324292595587413,0.3995567864946438,0.8288283070998109,-0.6350856506334837,0.30790077038693653,0.7452325148051464,-0.5358348329433558,0.2694252353353996,0.5835072764752702,-0.48498780899042626
me,fist,0.474094382443887,0.07687741460502993,-0.032162502949485985,0.8746138438009855,0.35733771928346514,-0.15865484192090368,1.0513946241660443,0.7116256502167216,-0.28268695444561914,1.0407436042293208,0.8942178636717574,-0.371507379518805,1.1393014485512871,0.049419536557188004,-0.35045388020707663,1.2152377799955758,0.6740046397907119,-0.5075187856619684,1.0151543771768106,0.6634619781956292,-0.5321246941595154,0.9184465609879794,0.5246419772698182,-0.5329710914597221,0.8977435958039233,0.10032807702657644,-0.4289413866173227,0.9557249736115566,0.7504144791151514,-0.5438513218986694,0.7905217987993415,0.6970147182952311,-0.4877612646886617,0.7347764216949233,0.5339684952437432,-0.4618693571923511,0.6373416066831322,0.20834774973893322,-0.502468532597717,0.6989677222127902,0.813806937764277,-0.5664077333361374,0.5706104695873202,0.7298498888691878,-0.44584693804033443,0.5279168115159366,0.5641342317479212,-0.38093431950913115,0.3787946746540443,0.33135411187076946,-0.5824960397031401,0.461611250038926,0.7990133132073151,-0.5817032322426717,0.36744714395567823,0.7168386372371285,-0.48610622656624575,0.3251800044328276,0.5634190195466047,-0.4362361267523725
me,fist,0.4716173666900399,0.07119624408058896,-0.02532704783120728,0.869954514421693,0.3434720751888561,-0.15046323601582795,1.0422713016742902,0.6962780809651993,-0.2741003621838376,1.0337017528140002,0.8806968531574906,-0.3636188578414224,1.1316697166304663,0.03333822363898545,-0.348817077425853,1.2095425810887974,0.6534058576184442,-0.5048411377951438,1.014524931488723,0.6380565547103683,-0.5291567933187369,0.9180545831106699,0.5018238416995361,-0.5314308730900423,0.8991548771316037,0.08088723920392145,-0.43009041080268046,0.9596008581700624,0.7319153341716667,-0.5427987612752566,0.7957657462817879,0.6759785972704622,-0.4836384400954293,0.7412961044708434,0.5151771609134993,-0.4581544985971041,0.6483375575923378,0.18365980410011362,-0.5060815663408956,0.7097922008309346,0.7914813249147963,-0.5666444112831428,0.5804866653490692,0.70282293032823,-0.44183811648251736,0.538311780959597,0.5355804451753476,-0.37683722847229306,0.3988521491848039,0.2998162870169004,-0.5884206012317613,0.476670720375984,0.7668177452681081,-0.5842379797406783,0.37882609328778627,0.685922032548504,-0.48685053020694574,0.33772075487780084,0.535587741813852,-0.438011735713255
me,fist,0.422322996435789,0.04753775972727959,-0.0019439687196740724,0.798265923615798,0.28758185698719463,-0.12247748039526851,0.9756272910450485,0.6157514829171009,-0.240791512887675,0.9896130159474104,0.837634395929638,-0.32838981334209943,1.0791128866480126,0.018188469750516897,-0.38462018244045737,1.1771718543218552,0.5969692619615269,-0.5076800948230239,0.9754142931003174,0.5855611231363167,-0.49396555361781347,0.8847412235012179,0.4536172919147947,-0.47954357161113376,0.8784181385287974,0.062316124609003105,-0.47381248877305643,0.9536577190931728,0.6857555895472798,-0.5582889506464792,0.7762553068044995,0.6430381521031614,-0.47367870429755193,0.722739029035464,0.4963783395220496,-0.44235871691316897,0.647774946542668,0.1557770185850811,-0.5489949330274401,0.7175586702628787,0.7353095613889825,-0.5849472758955827,0.5709585592954726,0.6640160398284184,-0.4440213446656908,0.5223931622213414,0.5041332526492157,-0.3816267062157467,0.411063645225986,0.26555207813451803,-0.6279809841930364,0.491894344103078,0.7172519221278754,-0.6121010934438529,0.3934868060700475,0.6532811766233968,-0.5104528771918617,0.35777497985920337,0.5082018243394855,-0.4664267850395037
me,fist,0.4171500641133684,0.04417279498039889,-8.43791041641732e-06,0.7940521704201743,0.29010245388994543,-0.11182514213122798,0.9717952554723527,0.6223395083367893,-0.22456055916191703,0.9914918436639133,0.8443898949181348,-0.3066423223729774,1.0929482118775573,0.026040925534657082,-0.3386169042848018,1.184111850159304,0.6032402097126243,-0.46705223226320347,0.9793071049239995,0.595627904504696,-0.4704086618859829,0.8861059429759625,0.4681647010051879,-0.46525835128938675,0.9022505166335546,0.06917716388769121,-0.4256272139219241,0.9601805814483678,0.6933291371186462,-0.508035182146754,0.7749136522273745,0.6538741721595877,-0.4337451911536165,0.7184396829466586,0.5123837782330802,-0.40645653883934857,0.6750873029467628,0.1602885620196669,-0.5022417337546402,0.7270124335667644,0.7404733470832563,-0.540194557669947,0.5711420309207716,0.6736159772783668,-0.4074468526755264,0.5194132348817821,0.5208492866121909,-0.34609943770073875,0.43884156316022804,0.2675096149780057,-0.5830888104953792,0.5045754540945917,0.721962105250772,-0.5682215163909465,0.40223337071323095,0.6636325058766084,-0.46941732218583676,0.36622428282372715,0.5256588525460821,-0.4239441657129914
me,fist,0.42186864520675593,0.06337664536726671,0.009432030049073893,0.7855638494669475,0.30718157926843853,-0.10763565834509468,0.9513023782670736,0.6265195620042334,-0.22489278727088594,0.9714386810761659,0.8439801628276862,-0.31154129951777804,1.0742754692472196,0.03438255132741778,-0.3749289015353082,1.1628860183853582,0.6039129619477883,-0.4914907202697765,0.9596176210429382,0.6001168323118121,-0.4713561270089523,0.872188525171511,0.4721471202778115,-0.45243970344923307,0.8798724783960231,0.07446267735196621,-0.46933967597340076,0.942614453968771,0.6895095774893295,-0.5484086145735569,0.7609842752956772,0.6501246159559676,-0.45904322216832855,0.7090578345475774,0.5053625552319478,-0.42436919286120584,0.6524901256651621,0.16366601235205605,-0.548868094523969,0.7114937854160901,0.7370127175072919,-0.5811440938514343,0.5592731210119849,0.6681625259727505,-0.4366495385779969,0.5112739788760655,0.510111447200412,-0.37207411134111984,0.41694701115647786,0.2701447211346326,-0.6313593544899412,0.4869405796553965,0.7183057524637803,-0.6119827127657851,0.38585840966129237,0.6565808804037913,-0.5068138676368733,0.35244917409894905,0.514083349481041,-0.46036699532835623
me,fist,0.4191162634813538,0.052806233723336274,0.004946387588933371,0.7830860439054237,0.2958288584635382,-0.11319318934468958,0.9509284498113838,0.6165203041804663,-0.23015117350175648,0.9689414653804737,0.8318076710112086,-0.31540207485273486,1.0696476417189877,0.0334117851969551,-0.3838220504689438,1.1623407054107486,0.6025108679553175,-0.5027509285947369,0.9619698375393171,0.5976212937316815,-0.48135953752956867,0.8762309978089358,0.4669868561326095,-0.4609570379666361,0.8762792401423524,0.07402728813182838,-0.47608261248168765,0.9350707673536119,0.6854898187505518,-0.5597520316739479,0.7544242965626653,0.64503953817435,-0.47293625054956495,0.7062500520089863,0.49861382765876006,-0.43960484379736897,0.6495033280059003,0.16510167650512875,-0.5531668768297671,0.7020676249004958,0.7319469568323829,-0.5926672719676191,0.5513863604482301,0.6642877712107634,-0.4528894236963712,0.5062342843512483,0.5051805862966855,-0.38985276197646024,0.413771440402501,0.27144877087712094,-0.6328736692285263,0.481869768657263,0.7163393406471948,-0.6213729870066561,0.37878109277665883,0.6539187228384218,-0.5201585105127282,0.34338190664167156,0.5097062820339335,-0.47490693460307454
me,fist,0.47666017759536017,0.05511619760306749,-0.06578545985567058,0.9047715128786576,0.3802450961457637,-0.21476499938479354,1.0655203851176214,0.765163775614096,-0.3496428545410407,0.9767865986522057,0.928697791125619,-0.4488442554216732,1.134156916461889,0.031105863230312624,-0.4351222105017383,1.21362696512344,0.6790727388350077,-0.6014934731063337,1.005315498660315,0.6644749655186882,-0.6243559552165042,0.9079976371693723,0.5163912029873153,-0.6260774983786854,0.8593962597786888,0.08802487654629361,-0.5036761755209495,0.9150815612632944,0.7700740020221539,-0.6313825611873339,0.7427592896147087,0.709244967466605,-0.5653422820642857,0.683898046601056,0.5340912119014823,-0.5335215105066207,0.5720077384063231,0.20251990530327743,-0.5651626826649109,0.6339417346453435,0.8433785495388676,-0.6346843124680932,0.49244422435116597,0.7513003956505577,-0.499223396349719,0.4426039600318101,0.5754141285862162,-0.42621814196001434,0.2897507180567442,0.33154284356307145,-0.6359459384606462,0.371263832402693,0.8285721257088015,-0.6374544009121523,0.266413538385423,0.7381429460046675,-0.5346532101927932,0.21618718044348592,0.5767930567841675,-0.48207465291352863
me,fist,0.538228694409257,0.129444098269906,-0.0909427009669779,0.9998092049030596,0.5398101428010331,-0.2580590626484375,1.1075926579370878,0.9741145711238468,-0.40320519886356765,0.9152168974359023,1.1701315740903793,-0.5065046221506787,1.1534610083634036,0.1700530477885684,-0.5278809789228109,1.1856433716335555,0.9398345029335481,-0.7217157495047158,0.9833627591808409,0.8759093535170023,-0.7386859138450159,0.8947018116273247,0.6819662968631471,-0.7260893060154573,0.7806858840331483,0.21034472983781002,-0.5884595526464335,0.8129258855134789,1.0167153839683696,-0.7514701889422394,0.6541113452271352,0.8818026031943283,-0.6686341743481812,0.6084982497316105,0.6419296124312582,-0.6156146546158493,0.41366686131760655,0.32317435671028916,-0.6406957245014419,0.4934918369422812,1.0787209751352167,-0.7252345107734333,0.3643352435540995,0.9190623610001113,-0.5561368248956902,0.309707772145847,0.6736486399701826,-0.4534323960490689,0.07329041508796529,0.4615613835282224,-0.7050092456675247,0.16743162425034025,1.0335043138769622,-0.7175329051373258,0.0902902562448156,0.8968039766470686,-0.6023511761253699,0.03963759128908957,0.6832724198759449,-0.5393445927979729
me,fist,0.5468969184832488,0.18313542298522797,-0.13123838860717343,1.0236763581612691,0.6785970690931127,-0.325477139283884,1.0945145897537296,1.1497134511571674,-0.48099469905032166,0.8023287644301568,1.305635997685844,-0.5930277676423599,1.0571990851188486,0.23740631517510447,-0.6952980834456598,1.063347915402168,1.0331349054687637,-0.899072501518435,0.8979671433306341,0.9209892652200973,-0.8984162855241413,0.8398261120514082,0.6944438855403484,-0.8777186373398781,0.6248200396548957,0.24986288150612232,-0.7397083604307255,0.6365390754711726,1.1379787867728,-0.9149822919018,0.5183297346689032,0.962507107949004,-0.8006073743141554,0.48085757662210343,0.6894648995449788,-0.7297279568481387,0.20117552509845696,0.3423642390598245,-0.7675272116317972,0.2507076056114133,1.2014156962486184,-0.8465764171007405,0.17711543645590155,1.0100533490541799,-0.6451649006241171,0.14367783922803845,0.7241189509668029,-0.5261579052863351,-0.18656888149557835,0.47284260337602596,-0.8102108536075009,-0.10907324762758312,1.1344689781106898,-0.8094041436957712,-0.12316010344232274,0.9969270066477312,-0.6775047288427536,-0.1416470447038095,0.7529478673302875,-0.6109187548294549
me,fist,0.5579165708678121,0.1988081646100339,-0.16402131269681336,1.003600780389272,0.7151366217777273,-0.37387509677318437,1.0528389637507742,1.2109045334878437,-0.5202980733305467,0.7461138139684727,1.3345856088619426,-0.6175096526149801,0.9012413384316637,0.18373013339269303,-0.8826161092702425,0.8513303145898499,1.0676590479605137,-1.0614567924376501,0.7695468707073797,0.9787432901930148,-0.9873899761777457,0.7460426946924685,0.7153737170604271,-0.9176425388784022,0.40872154831528146,0.1786968155743914,-0.8949939352008656,0.4293535854010931,1.1745178080940182,-1.0666720508645253,0.3995641037372286,1.0206736886809178,-0.899953387645464,0.3800228725103393,0.7175058990196876,-0.8022495587124572,-0.028115758388269407,0.28579825627405137,-0.8763739964800142,0.04703571991875598,1.2463417606941791,-0.936024172171805,0.04692513130633068,1.0697080091962825,-0.697928053220847,0.03336778659789535,0.757241281109452,-0.5682818951159286,-0.3970982010914826,0.4352509465700106,-0.8734770961275938,-0.3141379379848705,1.1497146813233976,-0.8682960941059145,-0.2732233163814666,1.0262461259847928,-0.7351123105481352,-0.26560014916872837,0.772720335678921,-0.6770755370706167
me,fist,0.5589013400510382,0.23669588828150015,-0.18113774787173817,0.9967594523158944,0.788574876305776,-0.3975654205596508,1.0336935436924242,1.2883646655082446,-0.5478718493865666,0.7117933253207723,1.3791003235710462,-0.6489790662352016,0.8781133128113474,0.21442461984502187,-0.9055668950797165,0.806614255144078,1.1095619451806877,-1.1000005695331923,0.7480708484164886,0.991956678959307,-1.0371807777167412,0.7340363471506371,0.7158482721290258,-0.9745008018795137,0.36678492651268135,0.18490427076682414,-0.9117451553670444,0.37409238977275233,1.2112327243428758,-1.0994541535711455,0.3716580802101617,1.0486031229417543,-0.9374225488919735,0.35131957874593744,0.7476908890459228,-0.8423869826465085,-0.08152745324733937,0.27349762682904877,-0.8886812814807782,-0.021906140896140933,1.2740966337689872,-0.9542888905586406,0.015088789325402486,1.080443189161733,-0.7105644152134669,0.012769922415927596,0.7522971642695473,-0.5771766173400426,-0.45196261599057563,0.40571300158750373,-0.8842713154496041,-0.38918571367045396,1.152318427389319,-0.8757292204108349,-0.3164831049387867,1.0338983552079355,-0.7422731677772829,-0.2917681743843508,0.7791066893451629,-0.6870678203185292
me,fist,0.5628190092802118,0.22191918261116678,-0.16811646211041015,0.979234060632905,0.7574441681903724,-0.37923867246591697,0.9923474705434903,1.2382874762731633,-0.521870950356191,0.677843535454599,1.2890598061342,-0.6189779019962917,0.8582530476873422,0.1997266998815384,-0.9083806839539893,0.7846090809190972,1.058569572364528,-1.0755155991566927,0.7281991441969122,0.9594123456524538,-0.9891742268111742,0.7182782965100112,0.6995143776008672,-0.911301853301171,0.36430080960278916,0.17825055457272151,-0.9140632690997214,0.3649704663736641,1.1535876321186003,-1.070385386768847,0.3688936121282172,1.0093118996765769,-0.8869443202355214,0.3573979868918249,0.7239147385948654,-0.7813138940686167,-0.06340827108925746,0.2664518506643207,-0.8860973486734287,-0.01315516266081642,1.2000148984121255,-0.9244355123996365,0.030812992081540407,1.0257013773113086,-0.6744951720863885,0.03596148249738409,0.7233634410150964,-0.543654103816654,-0.4168605334860609,0.39224002977249617,-0.874692665586145,-0.34868241387468696,1.0981124731714405,-0.8382986926909802,-0.2781828951093662,0.9789956398853403,-0.6877370657820199,-0.2593067096851157,0.7332341137231789,-0.6248344420016242
me,fist,0.5608001892301467,0.23867575173570657,-0.17323351856292396,0.9820031883259854,0.7551644137627238,-0.3891616315080119,1.0310467768100184,1.208749279770058,-0.5376061099601304,0.7375223224540681,1.2459823531653917,-0.6430604539183521,0.8377726321451755,0.14697133468883475,-0.921729059352213,0.7917270266017273,1.0029156070059488,-1.0963932938113388,0.741755553708541,0.9445897514742755,-1.007975265699043,0.7264886428653137,0.7040933820464318,-0.9259717695620575,0.3432772968988527,0.12871842125139518,-0.9303721112890075,0.3759786397136134,1.0999545694925053,-1.1063017862902418,0.3906051944606258,0.9790436478155189,-0.9255700549441332,0.38059489097958316,0.6999945237611619,-0.8183504310841614,-0.07292072599267521,0.22843887489085107,-0.9059914481603015,0.00838606692449771,1.1617955376411473,-0.9664640237793267,0.05733846434713162,1.0026409806044883,-0.7213514469695659,0.06007718030468203,0.7060676378068835,-0.5885393896351657,-0.4084828553638869,0.3684206648625514,-0.8977023649921522,-0.32722617803483606,1.063860023959027,-0.8685407098638421,-0.2582395695937965,0.9481043374826125,-0.7184685718990724,-0.24044625383972162,0.7041455163009755,-0.6554116205356538
me,fist,0.6567819065252137,0.25290738153298775,-0.17030522702234915,1.1459182147283773,0.8084624058694476,-0.38138819290480647,1.1866760199962958,1.3184290849810467,-0.5285498160804445,0.8143632876454648,1.403524031521704,-0.6303675208882625,0.9582019896533234,0.16665476571420254,-0.876100120082755,0.9317692992691935,1.100054904096633,-1.0397798292741263,0.8439371130895836,1.0178970600393593,-0.9597180337674118,0.839024979055327,0.75116090390125,-0.8863371916364944,0.42749819000736217,0.1801624235586058,-0.8858819326964055,0.4604038209917903,1.2008904000608724,-1.0250000240500907,0.4378309758678231,1.0613975066447285,-0.8384843027745884,0.45256813610371543,0.7486607703963737,-0.7392194691069838,-0.02094276414385282,0.30122045720027923,-0.8644732957487481,0.08006454373928357,1.278697602427775,-0.8990209483099707,0.08579621967901245,1.1115940692883453,-0.6504098124158112,0.09162853779075933,0.7897790679640627,-0.523591530692353,-0.3851210123896854,0.4484485828657606,-0.8598292565399519,-0.2756448836945079,1.1712950625894012,-0.8000513127269575,-0.24370047074282783,1.0296400682743965,-0.6274678986111246,-0.24062889439683247,0.7487693729661784,-0.5547874767187994
me,fist,0.6257239077579763,0.23990391976705092,-0.16682608078883046,1.208403102623725,0.8847969773316625,-0.3437713690041054,1.2764950093026106,1.4319147281697524,-0.46444672002145376,0.8789267442229802,1.5498170155070525,-0.5325102895857089,1.0288146405234686,0.36724955055494324,-0.7595784046660266,0.9804464555163896,1.2966559581213113,-0.948870194161201,0.9388245019212319,1.144816433874737,-0.9101213696821303,0.9570772367066459,0.8688341902102779,-0.8570336019037184,0.534395476258049,0.36722216709320904,-0.7612945257587895,0.5383933708471594,1.4018395130178993,-0.9170015666199486,0.5049689267237938,1.2112122007596375,-0.7700717199553533,0.48801506718302673,0.898684343278624,-0.6747067482179974,0.0990882597043986,0.48045986564285786,-0.7423405836224003,0.17357835990012904,1.471583691457544,-0.794779594959129,0.1729079873261315,1.2718070333129807,-0.5865007579484538,0.1588627691188249,0.9278159870077348,-0.46386263032854247,-0.2665718693568504,0.6431312519569156,-0.7399366063192091,-0.13026262793720536,1.396924113518543,-0.7055899798452021,-0.10485840467102082,1.2402043386936448,-0.5700466125253043,-0.14239799727768893,0.9536692445519094,-0.5077543232287383
me,fist,0.7451571185401417,0.3010628601238379,-0.32074115876320286,1.1986459449290998,1.1132629508416985,-0.5587714537906813,1.0222774533635548,1.8507067012527347,-0.7036329126582997,0.43436514220493905,1.9513149200861413,-0.7990207058968077,0.5627506469635314,0.3025886970082337,-1.0492326365295594,0.47341314768914744,1.5877386660877812,-1.2499661831025892,0.6056386493796426,1.4005052399957874,-1.148861032967239,0.6026798481353227,1.0355745662446305,-1.0448364402038877,-0.09254568683906328,0.2771606141091197,-0.9563562567548465,-0.0984491915777059,1.6440570482788197,-1.167400092090148,0.08333864771229052,1.4531570563508074,-1.0114367414124534,0.07562056115257383,1.0399181693315371,-0.8968730160021813,-0.6290777986924105,0.39695857515510385,-0.8407220230141712,-0.5709511642823375,1.6830534962773238,-1.0196646486455399,-0.40160766785317525,1.4913397476943686,-0.8531577921413337,-0.4021076488724653,1.0642276389247474,-0.7271785719108427,-1.027807799291046,0.583144509651384,-0.7352289050358006,-0.916708437702546,1.535463863846973,-0.8924858537448751,-0.7917276834228804,1.404028181407344,-0.8499489716164503,-0.829976662962347,1.0321717721881525,-0.8223749810004085
me,fist,0.6393874834885271,0.26236251718368686,-0.30685074886274183,1.0182451018026166,0.969728240704489,-0.5474377120486615,0.8361301873817011,1.634675606624227,-0.6912756191212512,0.3091673191665151,1.7732073749374841,-0.7908497116237861,0.5235985578889215,0.25538443123113647,-1.065762323566998,0.36557260114627593,1.407081177840944,-1.2525874061510907,0.4707827786800333,1.2949081877403519,-1.1398083146227405,0.47773119209535175,0.9917296299661286,-1.0291049636365608,-0.07217718689107903,0.21524304231468433,-0.9738895658274656,-0.13155332238191886,1.4644131480718672,-1.169356916300616,0.0330275909608597,1.3345998602996223,-1.0030856968464361,0.053334200089019554,0.9739384497568006,-0.8865958411212287,-0.560086727789041,0.3127359945932301,-0.8554033705955923,-0.5280062410191722,1.492817017204189,-1.0157817372916877,-0.38953032084358213,1.3360815329906592,-0.8406563767189947,-0.38486725847608005,0.9555005419422219,-0.7154534401345938,-0.9287641459810395,0.487957829481083,-0.7460457745952432,-0.8156088766193236,1.3792286933606175,-0.8921482567970327,-0.7053202726223572,1.2769744559310114,-0.8438759755725194,-0.7362524784843347,0.9576462212203293,-0.81409235917168
me,fist,0.6179560874749794,0.3081795073541099,-0.28384203615310366,0.9722955756140557,1.0594870809466186,-0.49859728315760543,0.7765602851680568,1.6973656071843741,-0.6166586403832734,0.27001407475527084,1.7774764073875735,-0.6890371247934142,0.5093555220166743,0.46480744290066595,-1.005650642025574,0.28439782287663573,1.4506055949993273,-1.1811654327746106,0.4469608591049819,1.313635617569565,-1.0741086995406564,0.5148113143112799,1.037226793999524,-0.9672669375534092,-0.06486348378703997,0.39929459670284445,-0.9145253159508058,-0.13518486461609439,1.5009642598538284,-1.0866467755251819,0.047044213872501905,1.3771307763650464,-0.9194102433459442,0.06791254525485747,1.0474974830027575,-0.8004100252704487,-0.5051636305410497,0.46973226482623476,-0.7950086215622931,-0.48067723836297643,1.5376184359779845,-0.9216574438861794,-0.31717491076828735,1.3974907634130098,-0.7469420744711376,-0.29770580589626466,1.0424053336581895,-0.6227360985261676,-0.8244749555996003,0.6173606831341325,-0.6844700142570036,-0.7135231002746614,1.4468689986563597,-0.7752177295125667,-0.5628555223788012,1.3453709989993683,-0.706673138177882,-0.5673976629573164,1.0356324478373624,-0.665499064828508
me,fist,0.6012040491758975,0.3241822154026998,-0.24748366622697607,0.9533429188878361,1.0698966106181755,-0.5078679500699078,0.714707840231045,1.6168082673762536,-0.6806118834085009,0.12006302961539686,1.6121096803467572,-0.8164273533522428,0.5473450146170099,0.31126325300231,-1.0196869965241002,0.24888093320471105,1.3074131976622354,-1.2720840820611654,0.3685803377639671,1.1969914837702684,-1.2979672998800695,0.48858582885068336,0.9112390620984827,-1.2918078593067255,-0.002448077382331623,0.1777680767449697,-0.9840693663596711,-0.17738861962706373,1.2785004712735846,-1.1651984002425397,0.006785396232195978,1.1530908672981273,-1.0225727356268142,0.04885205536186806,0.8822098240319871,-0.9596631928015009,-0.45936312196468837,0.17825610389161492,-0.9202486345815033,-0.6145310586309731,1.2746254588745527,-0.9692232987582714,-0.4146111607084361,1.1163337385781718,-0.7489173925276664,-0.3433534588162994,0.7889795772862843,-0.6415747840850214,-0.777809519728266,0.24145000899135147,-0.8796753129023427,-0.9070615497231995,1.0750056015788665,-0.8644741767312577,-0.8188640541067749,1.0456053091715831,-0.7429251877135506,-0.8199183976893119,0.8647487507077024,-0.7038041630917821
me,fist,0.5559333185159329,0.35343584211750656,-0.2984507306661766,0.7487233907472247,1.1132771141527624,-0.508312956211111,0.4726191078892682,1.6892022240183666,-0.61514748811193,0.029692470328314992,1.7947092704860463,-0.6703821766314809,0.42124677620374856,0.5875739948661654,-1.0071352109222205,0.08428044373619813,1.5340446849042706,-1.1507735991683414,0.20503125078275583,1.3758605247911346,-1.022117404595546,0.28293759902458393,1.0895744019510307,-0.9073389464996916,-0.09012038755746789,0.4085397471842812,-0.9082805682811316,-0.31267881504536327,1.4931758575355163,-1.0741407917626102,-0.12768323627477116,1.3815425936201762,-0.9164053591198311,-0.06552026811139472,1.029936861306836,-0.8031572868247712,-0.48769898373301157,0.3605787077401944,-0.7802203875762763,-0.6505318230734937,1.4059309888697236,-0.8795521847255977,-0.47170634241305426,1.2989727325792249,-0.7082765151360908,-0.4096106261345846,0.9548963495931114,-0.594951127021574,-0.7822243210089009,0.41296763990436924,-0.6638659936441056,-0.8297042471458566,1.1772662810177785,-0.7482295244608056,-0.6812287313055339,1.1003942286087196,-0.6939990353631186,-0.6581915265861462,0.8219050317443016,-0.6657962181336757
me,fist,0.5184141062251254,0.28705882938271376,-0.2863888262448511,0.7535603767331046,0.8785261953660426,-0.5821142726943651,0.4691180829145199,1.319249277027424,-0.7920620939014528,-0.0692214019221879,1.3434840964024735,-0.9794653615988803,0.42571405410420665,0.209189103708336,-1.0393811546041227,0.1897821721946531,1.0551910143526546,-1.262273634668639,0.232974872266035,0.9617869881595419,-1.2736464336423103,0.30185138605033296,0.7172135628557014,-1.2661392577768953,-0.07634551031897154,0.0635153439480097,-0.9950563622917558,-0.17514533623001047,0.9982218101724089,-1.1474184673127745,-0.04848356351196624,0.8633230857521187,-0.9916550799354493,-0.02184508450748228,0.6289338490298549,-0.9281593489690243,-0.47877194739542783,0.03547606120310269,-0.9265793890603901,-0.5407988435136127,0.9297297290294744,-0.9522971500685781,-0.4044744237034173,0.7891286781071405,-0.7271282444732603,-0.3920133090277038,0.5423821708483195,-0.6242495554732086,-0.7674047754325123,0.06120315089162677,-0.8876832516230355,-0.8108677797048529,0.7759596758640678,-0.8445622686258474,-0.7016955533982363,0.6982925418231358,-0.7028913318333551,-0.6876473799156816,0.48657472866310353,-0.6559930524036783
me,fist,0.6043030529916945,0.30870232853230534,-0.2839222511291096,0.9214968660257237,1.043744886301621,-0.5147873337875932,0.6985930922478215,1.589393737163042,-0.6438042528872207,0.2121412885660072,1.635202006564072,-0.725209917401359,0.5177174870547508,0.41835807857635987,-1.0357666393204406,0.27662319938611635,1.3386423319435223,-1.2266560692444166,0.45010428710860956,1.2132700535035439,-1.157853540994227,0.5510846062502873,0.9714847683730373,-1.0916426070569354,-0.012001578116765072,0.2941601534045858,-0.9556807868068176,-0.11185630416792454,1.343273179155791,-1.1349105077249961,0.1202671608851973,1.2395778129666994,-0.9770505282005206,0.1445724202046348,0.9455481889141778,-0.8811515857031402,-0.40779903470507284,0.2936054379000106,-0.8474825916996819,-0.46103455663978965,1.3214910764092218,-0.9253865632286423,-0.2402345014643415,1.21157769183082,-0.7235088355095921,-0.19775196837732614,0.879826317732854,-0.6069621948863979,-0.672174937550916,0.3845960384660435,-0.7567427316728362,-0.6661112350797511,1.1347195987198686,-0.7924224894830849,-0.5344507199421469,1.0824328000925652,-0.7073137451450296,-0.5521017216421331,0.8355986451028853,-0.675073588707924
me,fist,0.7063101242348621,0.32575297753401494,-0.3326342846275299,1.1219785696400166,1.126891093155732,-0.5753799993587828,0.9226067874046034,1.8434794531169845,-0.7202923398834719,0.3600043447921551,1.922601324005499,-0.8191167793153171,0.5457769014788082,0.35400883397173516,-1.0424464382634826,0.38528194682539413,1.5593230643994271,-1.2346354548995926,0.5265711367830349,1.4051097401612378,-1.1342614718431887,0.5394353002287615,1.063712867112216,-1.0316466554779653,-0.1005937887473197,0.33185207434185415,-0.9379526056365898,-0.10713186787228926,1.6463897079283012,-1.1406675522250802,0.07168858027206741,1.4697212901258163,-0.990479613008124,0.04941754055485131,1.0628337491926703,-0.8797318288128471,-0.6304982869585092,0.4486338471484244,-0.8119902101626303,-0.5602685601499502,1.708961830132474,-0.9887471688217706,-0.4192018756192332,1.5103431431881875,-0.8394261856068087,-0.4492651135758048,1.082266186869011,-0.7233722406592112,-1.0281851275758946,0.637459254828677,-0.6960873455873721,-0.9004169494558654,1.5598892226302614,-0.8657747702933762,-0.7824838309804232,1.4234658481342923,-0.8424332197213574,-0.8349816392654228,1.0652676005205575,-0.8234449017238712
me,fist,0.7032411324340538,0.21500745537905222,-0.27693044588781957,1.2128760307425435,0.900030407609492,-0.5198594425268876,1.1479702928309152,1.5789217380257097,-0.6796854750053715,0.6470930275361965,1.7810686920664929,-0.7925805758926769,0.7407549647903698,0.25202483301454365,-1.0134108039279877,0.736681964018168,1.4137820813215178,-1.242054943660608,0.8445462023975201,1.2445887444180157,-1.1680597628964178,0.8260400803225499,0.9226318377847854,-1.0765386757891804,0.1582868268381157,0.2579475686348938,-0.9531045757338841,0.24547833223170606,1.5080768373399684,-1.168554164223022,0.39972622597445784,1.3106827442305307,-1.0083479738054673,0.3748263943138656,0.9427050729943005,-0.8925675273621908,-0.3187802124382192,0.4075623049957373,-0.8712257612049926,-0.16696503082999856,1.5744858464931082,-1.0398206270293582,-0.028086046137897676,1.3626730058404446,-0.8382272494031661,-0.04993173390399453,0.9779331975750436,-0.692041681390338,-0.6804241892017227,0.6231271169014682,-0.7998717120887009,-0.48362656044525165,1.4921194441729801,-0.9130030933155001,-0.3677758785860285,1.3409457615864226,-0.8218574973422874,-0.4135173349070078,1.0098309034025508,-0.7663479980469646
me,fist,0.6326500869123332,0.2035709417911298,-0.16716411920123847,1.1974956953414675,0.8239695988518116,-0.3525726975897093,1.263748744058821,1.383157989040353,-0.48376127680243663,0.8886610176125803,1.4875050165152668,-0.5649456341633695,1.0649238547905975,0.32387160646072816,-0.736113418330044,1.0516303503582203,1.2395124365097505,-0.9372183774044903,0.9682254307189266,1.0944280797155819,-0.9233916916810775,0.958526704450888,0.8273243453578408,-0.8906453072610572,0.5750578854324458,0.34586210144794677,-0.7414093573620273,0.5902508578369593,1.3452407622672307,-0.9019815298100116,0.5488902776178741,1.1495601491542289,-0.758923739213723,0.5378508228825124,0.8425682802247663,-0.670149054256263,0.1506993116029426,0.4572167754348007,-0.72976589736974,0.22121896538715682,1.4084229762026874,-0.7729832202337129,0.21391639864334283,1.197973718619938,-0.5567175444522615,0.21300846619366393,0.8755961129266271,-0.4363247701357206,-0.19725228929518307,0.5961001860850286,-0.7372420598125556,-0.10640615730058887,1.315724258622073,-0.6795196038214883,-0.07833392368158221,1.169463685116132,-0.5321932835940487,-0.0780132912707875,0.9120923184102272,-0.46668307820153626
me,fist,0.6201032643426587,0.22532039714127225,-0.16569686791561694,1.164038049469302,0.8103082548644261,-0.35467214095140015,1.230365364022706,1.3432186901079417,-0.493603414282698,0.8779786767283076,1.44488290486448,-0.5811256918213568,1.0763568177118032,0.30720251739542326,-0.710946803767644,1.0557588823054134,1.245625787999194,-0.9141480699056486,0.9498288128056146,1.087545035621004,-0.9023579850619746,0.9335571124101567,0.8065909596923184,-0.8712583501781973,0.6145290711976789,0.3189990050788256,-0.7215217636437846,0.6111464360788194,1.338881361804922,-0.8912984195603408,0.5311182357325506,1.1402947562721282,-0.760997727473231,0.5143742142296832,0.827284342081637,-0.6802365508813054,0.21031645901204546,0.42667280608187763,-0.7171519744323741,0.2558056572176184,1.376438707264579,-0.7741730592469904,0.2061646641579009,1.169959857250236,-0.5645816101567536,0.18545408344326522,0.8492139936999177,-0.44548030372255676,-0.1256931788378748,0.5671880377297167,-0.7322988596811195,-0.05823382733015759,1.280732260423729,-0.6964062525508568,-0.07056256967889267,1.1261324937606922,-0.5571374155529456,-0.0910930519132598,0.8630474778364609,-0.4934120363812799
me,fist,0.7091513756833742,0.2456069144918696,-0.1658888433734469,1.243373498062297,0.8093006759547661,-0.3736596322731702,1.3192177627042783,1.3447463388764687,-0.5271449647694016,0.9439627224901014,1.4451559890443084,-0.6297927537748896,1.0678265828233653,0.16063503894105688,-0.8090251545764936,1.0895146803352347,1.147830785191032,-1.017742056001106,0.9848051173088018,1.0371204285300706,-0.9940820612111267,0.947559640568403,0.7433112767911052,-0.956448042767554,0.5237344999861772,0.19547810341410088,-0.8291504595728421,0.6067710604806855,1.2761967232928655,-1.001084745631897,0.5748829153470616,1.0917520875284468,-0.8341909506311814,0.5629263049570239,0.7596034580790957,-0.7425624969854783,0.0643683831540666,0.3279330867465215,-0.8290695165936477,0.2066470408072683,1.3735847589547938,-0.8803698059364268,0.21007899231902907,1.1718726983766583,-0.6332153864469905,0.192919696851448,0.8369212546153931,-0.5003968528450293,-0.30848655524886937,0.47863928710600767,-0.8497386259440318,-0.18364367764489276,1.2697140455281568,-0.7945934295667133,-0.13030633616158868,1.119736794072643,-0.6270756958924075,-0.12019608826746572,0.8266850098478524,-0.5536619925747703
me,fist,0.3696258347625558,0.08385470837333786,-0.21918467000416736,0.7139306286762589,0.446509147564815,-0.4630461685747434,0.7339942424800665,0.8235492589810482,-0.6377687278797919,0.449253558207805,1.0295497385084882,-0.7681563965366639,0.5545620609169634,-0.07647603083365034,-0.9930287978168623,0.6046027049519961,0.7504593011098222,-1.2139259842185721,0.5478406203090809,0.6731497943096468,-1.1264697345612917,0.4966978089685429,0.4608335167100522,-1.0274191813640545,0.14695665562105567,-0.10098531820165278,-0.9839744442191501,0.23267979051829804,0.8715476380556038,-1.2541646932621033,0.2308562727451013,0.7134884502077519,-1.1108294277730866,0.1859938945674254,0.42646585101849843,-0.9855453722263062,-0.21367688978857313,0.0031981236928390645,-0.9484939549083639,-0.10641933558846386,0.924020088013902,-1.1342584459747815,-0.0774632036327801,0.7664901442307792,-0.9166908306522717,-0.11365321607404415,0.49177400651480513,-0.7510499097921711,-0.507771007057002,0.17237881434796867,-0.9231925287029102,-0.3825354318825632,0.8442249082100816,-1.0279025798592867,-0.3231035307927489,0.7591346529561247,-0.9268615794908502,-0.35385929164250457,0.5392440197922463,-0.8613619616544987
me,fist,0.5564603609718888,0.18130526764840668,-0.17335972683853546,0.9952180222541847,0.691921517886547,-0.3802817018301542,1.0195658862363794,1.1638039918933163,-0.5193697263692988,0.7434630384154904,1.2686901469746186,-0.6111233487070974,0.8193209570674419,0.15431116922672133,-0.9175445331839922,0.8397110870667804,1.0315332325161564,-1.0923420027120734,0.7488116013613518,0.9459416004055688,-1.0053301017501068,0.7141892796482602,0.6916159128517497,-0.9259799159095461,0.35206649682463476,0.16932076392830858,-0.9205322703286198,0.411226997153151,1.1486734087472505,-1.1110795736440249,0.377822917014447,0.9810476226502227,-0.9351049517621036,0.3690865510000126,0.6669359795910151,-0.8235588608147502,-0.051032558673808764,0.27584453654225355,-0.8919921029303964,0.05900728628579623,1.2201462401980154,-0.9547133102740428,0.05772915194925445,1.0325391270247246,-0.6997393753717072,0.039264074091628264,0.7100365459746695,-0.5557970614534429,-0.3752752587173179,0.40916126666312297,-0.8805617022276063,-0.2654443419977856,1.106629449454073,-0.8710811718089857,-0.20395435510404655,0.9912792184361108,-0.7338099365962432,-0.19529181040110458,0.7407793868275504,-0.6723870599856789
me,fist,0.5437409145302219,0.17025221173225627,-0.16646811656470492,0.9680361167835101,0.6760670843321304,-0.3679691638846,0.9967678545035302,1.1462846745631865,-0.49851034022329543,0.741855591269791,1.2139568423240874,-0.5824279946820966,0.7882495579967661,0.14962502392711188,-0.9279958406538031,0.8148340075587471,1.0177744039569243,-1.0863651320555792,0.7280156191301009,0.9236394465443419,-0.9845487493780969,0.6887170608296784,0.6686023137020102,-0.8973990830506293,0.33357357380044494,0.16695591331027845,-0.927822393496045,0.40223420518566555,1.126033021458327,-1.099594273920118,0.3774886658457238,0.9631852133382951,-0.9119619780058579,0.3647757916066258,0.6641692265595941,-0.7963746934269529,-0.057850120634416434,0.27299854276517777,-0.8925647836215841,0.0555058063811588,1.1956589696051774,-0.9366877036313368,0.06355511245041408,1.009590414009296,-0.6752435191963737,0.046315576018664595,0.6987926741213124,-0.5327808135602308,-0.3715040599284293,0.4008844036035108,-0.8736612655247656,-0.26902073898063494,1.081320504562131,-0.8562247029977976,-0.20138116200240191,0.9721708254346084,-0.7172031642815893,-0.1888801278506441,0.736265593067638,-0.6565696797024086
me,fist,0.5525134621880017,0.19976978710840304,-0.19422201425015617,1.006246485245231,0.7177412355583869,-0.40682300846948577,1.064968582570891,1.1925577573462818,-0.5438800721031891,0.7935092771125066,1.2835623805335254,-0.6328760744083162,0.8394723539928314,0.16035483801757355,-0.9308943315696152,0.8512546156831758,1.0492995985985563,-1.1049472251312797,0.7996107118807761,0.9977904265973339,-1.0155213166759398,0.7630382980116326,0.7483061961750426,-0.9280956044648475,0.3700165852927187,0.1657106611320845,-0.9141267436168158,0.41472707453375296,1.1645121378807717,-1.1004816678229723,0.42368826822779593,1.04678100630411,-0.9259904434732261,0.4111439200363048,0.7465093145246974,-0.8113995800610093,-0.02934519786269148,0.28038533408991545,-0.8660036519916345,0.06488518796218472,1.2443900610133196,-0.9280286441949711,0.1146012850012842,1.0947881499503256,-0.6934779268590612,0.11783934136973295,0.7854135433464977,-0.5594808165087859,-0.34279589388638454,0.42638618049939936,-0.8346945774346191,-0.24228384844756967,1.1305709568346174,-0.8215779779152935,-0.16366050990551068,1.0217341834915725,-0.6947518569142861,-0.1467286103119055,0.7730789374355793,-0.6386923195835428
me,fist,0.6492802794545938,0.19826064083483128,-0.12753269160809624,1.2052465064833702,0.5641734948837769,-0.30035524122454066,1.387288440251282,0.9553356605235903,-0.45152816682123637,1.1245363269083433,1.0678493088824603,-0.581837171479914,1.2060462493398987,0.0032625873351559724,-0.5536378468762025,1.207625461851173,0.7579881002293912,-0.704629915705846,0.9883083337895523,0.7860981178838706,-0.7077387645941504,0.8995330317973111,0.6056620780249816,-0.7201105442383259,0.7853007635367476,0.008681561740958075,-0.6190535851397188,0.8212529566451593,0.885576447034473,-0.7562959374235647,0.6651709742725561,0.8334930187340747,-0.6864923908696297,0.64154185851898,0.6236529716862357,-0.6710449684435179,0.38851843526597024,0.10289401411301333,-0.6737046027946215,0.42650785212822817,0.9248980695816882,-0.7497954634358844,0.34284570795340436,0.8375684565993254,-0.6339191433721384,0.34472563962445435,0.6348268264791004,-0.59034381859917,0.03880721918014446,0.22467164184163987,-0.7456174944351813,0.11284308788783784,0.877088092401883,-0.7556288442235277,0.1083368444847062,0.8096192264072599,-0.675715844226643,0.11783984956398594,0.6227221520940437,-0.6524925420466812
me,fist,0.6231485164681859,0.15920471225028116,-0.27960273847532985,1.016926170342659,0.36124801796861794,-0.5707422942200047,1.0568115549377601,0.5990195997008237,-0.8231699806547118,0.8182323395327158,0.7053653827375147,-1.0573687045823268,0.9457886849611389,-0.35381825632816444,-0.7590594518845573,0.9548146104207896,0.37410407212385566,-1.0080580477653358,0.8436402411733024,0.5351751611572102,-1.0946873000954342,0.7268517003810424,0.384076928432827,-1.1481294531767323,0.48854540112662526,-0.4006998959778458,-0.7750890170821468,0.5000092083939361,0.4663383142247348,-0.9584591315701263,0.4538457858318862,0.5365005985580645,-0.9051967479585639,0.4407227353539898,0.32716303787366435,-0.9032249619938074,0.054675772742233716,-0.28207207067642925,-0.7929694346159946,0.10677726600790155,0.5160518213756194,-0.9070950193249775,0.14837964233948445,0.5451460240547228,-0.7616102936748808,0.16108455966230317,0.34898799383955054,-0.6926065438375397,-0.31016902396848023,-0.11905024731145089,-0.8470200614434784,-0.21050968662215327,0.5108618840331163,-0.9300373126167047,-0.14034716066319217,0.5190770950931286,-0.8481464597304955,-0.15304374190172879,0.3598655871219653,-0.8028385731227022
me,fist,0.5321838628060169,0.1333841522474654,-0.3156336619260877,0.864128508720045,0.2552512295419711,-0.6091086125917083,0.9023876318312787,0.42558435260424965,-0.8569416483290234,0.7548076170695468,0.5670958534312848,-1.0854903572862593,0.8920319650757246,-0.41177122181402265,-0.7515399518331538,0.87774695645414,0.255992664239422,-1.036676647275062,0.7470541915304917,0.46111869344589795,-1.1629751056453541,0.6397304179890309,0.4161959127504233,-1.2363644851793232,0.4621174755050628,-0.48817830022035974,-0.7403576068541392,0.45035832900865386,0.35594041972993923,-0.9729040086014656,0.3928252488333893,0.4960937386348786,-0.9616796272466426,0.3748339029919734,0.3853306201862484,-0.971912641446787,0.05098176118154644,-0.3776897283667816,-0.736033045003882,0.11336430039305963,0.3985479940641542,-0.9092703018224517,0.1285356409809631,0.5276435997117236,-0.7852537942455546,0.12117827169355783,0.4434154138562099,-0.7064108918399448,-0.29241194326835046,-0.209080821477754,-0.767763093834856,-0.15820429061363284,0.41561102731460425,-0.8908249185213741,-0.07468046493313947,0.5437317124001521,-0.8199335812829674,-0.06090346089559674,0.5194302828410441,-0.7638166921133911
me,fist,0.5357827049783921,0.13353098808248515,-0.3657231719124386,0.9455715667690127,0.4456024054315487,-0.6927208145941894,1.0116933842355915,0.84024899341309,-0.9790744587983307,0.7698171542148652,1.0818122241458716,-1.249191264940344,0.843792669411064,-0.31396362726457844,-0.8671048502199938,0.8044680418998514,0.6254739072434082,-1.3035170294257508,0.80011017291467,0.9397418473478025,-1.544969705364167,0.7370360783312107,0.9543977518505,-1.6798016146843786,0.26853501111665284,-0.3801290564438698,-0.8850936946175091,0.25714083199188303,0.839372882562155,-1.1732388290121682,0.3106352818547213,0.9027948658037289,-1.164743339164607,0.2888608690049363,0.6896339514206149,-1.1951874733463206,-0.24551750292970057,-0.234221495026551,-0.9238432218315372,-0.1739085782212042,0.8628482598909676,-1.1280163185880245,-0.0479519216460829,0.8652383971140934,-0.9434990028038401,-0.017342027061647957,0.6574575528310791,-0.8261912488006696,-0.6626676628820483,-0.018065048237917308,-1.020504867986901,-0.5302373769973638,0.8259553353340092,-1.193907047818848,-0.3613085743740623,0.8093579019912974,-1.1004071969935176,-0.3181851692663179,0.6381456403425503,-1.015889564266268
me,fist,0.6048316521154747,0.14799882642132642,-0.16487291298562035,1.0997315521456712,0.7447720081823629,-0.3629015528939415,1.1464283761880785,1.345645338458559,-0.4915885534348547,0.8375335046807475,1.4952343190634745,-0.5836325020465991,0.89323866869378,0.28764035799887006,-0.8582282154603179,0.9206620795505206,1.22741143939663,-1.047902156822628,0.8602394112051296,1.1581852570783344,-1.0170727160960285,0.8130100645932049,0.89832506627463,-0.9691165312307375,0.4144328119029531,0.3173464463690018,-0.8529576058604424,0.44381464457785347,1.3635370832997946,-1.0265086006202349,0.4635766622357864,1.2003854810638726,-0.872341064534805,0.4583878203753798,0.8613704273321293,-0.7718966224380358,0.010069256057782028,0.42763098214430695,-0.8175819538930418,0.08934555064787833,1.40642029000284,-0.8509770998708729,0.15378641208478366,1.2489502631514693,-0.6307337229275121,0.16630144320514992,0.9473157037582213,-0.5114551737403714,-0.31429955017046723,0.5590406857499155,-0.7973415918311461,-0.20946555055870442,1.2797229606954383,-0.7467854806331474,-0.11528362893348593,1.1820660039848794,-0.6039763406510209,-0.0849875240745009,0.9635381855355631,-0.5380575914486418
me,fist,0.5320092085660508,0.1026845701122159,-0.2230717929193308,0.9778991156435655,0.629325439594051,-0.4273464712927744,0.9992553599801239,1.200987404350051,-0.5450618161693055,0.6751527384756856,1.4543017498603883,-0.6134967821696802,0.7527304859006753,0.2537982491500261,-0.9608273228048031,0.8016088971931411,1.163851769774089,-1.1153860666821556,0.7480623386571242,1.0411262573803899,-0.9768091788835763,0.6687291210622778,0.7991813335938496,-0.8485922267235229,0.2958948412161686,0.27207116922649593,-0.9156546957327232,0.36283414905149475,1.2802271017215139,-1.1024845102766863,0.3933681995276354,1.1090197618545625,-0.9259228049164645,0.35961852936544214,0.8155696336447548,-0.7918631979726141,-0.08626956296000163,0.38106844515472366,-0.8392639171455326,0.02162131912237213,1.3316491904999368,-0.9542011790602899,0.07701335953095927,1.1560387176835125,-0.7415028601391024,0.04931806522749404,0.8556213933233454,-0.5982154203902502,-0.38396469872217676,0.5362097849385505,-0.77127852572484,-0.23596344046932427,1.233605032170456,-0.8513337121852014,-0.15151068629917375,1.128225827445857,-0.7655208013379582,-0.17266966708563217,0.888725919124356,-0.7145141698002856
me,fist,0.6458772094669134,0.19301029150212812,-0.16668983667471682,1.1861270499219545,0.7270262879307617,-0.3759914838929272,1.2813718700737855,1.2402245237089629,-0.5194744402382698,0.9594880881927872,1.3252183871497338,-0.6203568336017705,0.9956132941675132,0.14580331894855375,-0.8595523194902716,1.0050657687502078,1.0562641742921997,-1.0361438344485518,0.942184144251557,1.0361890391719764,-0.9775442667086544,0.8932475072850724,0.8000505451426483,-0.9129050169095684,0.4794976754370824,0.16257515872718686,-0.8623521885026235,0.5433224095918794,1.1870910161841801,-1.041715937470201,0.5554240642080033,1.080758107294783,-0.8858054420387461,0.5464309563742044,0.7753638188876197,-0.7863524757259552,0.04881371334440499,0.28356152798650475,-0.8328318134349396,0.17083359261184397,1.2490527340009476,-0.8841682636384185,0.22466227688800589,1.1242861700666587,-0.6675662177004228,0.24271588546399725,0.8230709589257322,-0.5466395178875598,-0.29655160884471093,0.43469911947051004,-0.817163483648581,-0.15542623110905213,1.159898173178047,-0.7718983914747733,-0.06414970614826938,1.0836848105428545,-0.6284335543059621,-0.01598241723853331,0.8522288852858951,-0.5627721352783107
me,fist,0.7247862001121913,0.24350502621047276,-0.22303347032802096,1.27703285126007,0.6290973362920761,-0.500745144264611,1.3715378689852054,1.0810421507267212,-0.7370676032076766,0.9727162201167536,1.2399786708779181,-0.9551469470678706,1.005831249102399,-0.10374185073596826,-0.838938316901111,1.0277913394311335,0.8441570804946926,-1.0393160804172177,0.8780464982246576,0.9500824478712098,-1.0578684694474985,0.7574654609544037,0.769637168682691,-1.08001866746725,0.44461603732410965,-0.07885983171646192,-0.8922430757903684,0.554497445253237,0.9628458343823327,-1.033374586963819,0.4893315436962746,0.9547034466029726,-0.9090907766926072,0.47607523111259126,0.7378412386206566,-0.878853743654894,-0.020335102267925127,0.07284024336355933,-0.9301172875122604,0.1190157195750173,1.0438153799187668,-0.9746296354818735,0.14880107237181145,0.9688017743452911,-0.7438379215283736,0.17383289541436053,0.7220989399643876,-0.6447539185920306,-0.3923252559101786,0.253280183624632,-1.005140454302208,-0.23649096665964447,1.02185794160628,-1.0095040678781444,-0.12922661023765888,0.9771235919607766,-0.8631401286480406,-0.09449413050053973,0.7666417163309476,-0.8007545171772541
me,fist,0.6240267692782917,0.14081518217724195,-0.3846873091596515,1.0802295776486772,0.37564672168620844,-0.6950166543290723,1.0493576799531348,0.719483637760541,-0.9536650883815488,0.6599105533141723,0.9085970509205821,-1.2037160448725879,0.8192182010954228,-0.4367747808453543,-0.8476932588272877,0.773425773223371,0.45323263824752674,-1.2206548313134684,0.7691381341518093,0.6907342005389947,-1.4454481019916299,0.7109396628981314,0.5676938194897975,-1.5885410705413543,0.2554850519576052,-0.490476924489378,-0.8331625140209206,0.24578663731316347,0.5771297627782758,-1.09041847730446,0.332652190848523,0.6679084364920028,-1.1312904776384385,0.33661489206211515,0.4326613406793312,-1.2117135779018646,-0.2200484776546975,-0.3410639496170002,-0.8313011243086723,-0.15685184588399234,0.6306134137246991,-1.0212656085436929,-0.034055728465958425,0.6648167648209593,-0.9279224468215936,-0.005335143485249097,0.4294694564921769,-0.8854085999186287,-0.5908403896418235,-0.13092397573905232,-0.8803378886212445,-0.45262478035804915,0.6238540059818238,-1.0317973067165784,-0.31634983441911385,0.6413103119852898,-0.983824923977989,-0.3093440621537521,0.46671258724380044,-0.9547350723323931
me,fist,0.6253201819756323,0.1618618216180578,-0.40866304494832095,1.0925377025923686,0.4287350991283978,-0.7361053024227237,1.0808169186533214,0.8038416088182788,-1.0077627295580223,0.721112560969218,1.014062511561919,-1.269422666403393,0.8572041040245625,-0.38095872224566973,-0.8730585274074075,0.8292549419781761,0.5576436425237684,-1.261442928657039,0.8186087855638148,0.7720981817327528,-1.4973793465066267,0.7557403371968546,0.6363560014477491,-1.6457377634583559,0.2888988589832425,-0.434253254597916,-0.8532066339107415,0.2820087736074049,0.6668546130352562,-1.1185049705721495,0.3778059268510676,0.741977016739569,-1.1572618412303557,0.39129220038476714,0.5193370257735597,-1.2341535960551187,-0.19165468670888755,-0.28579004987795276,-0.8494068925259252,-0.11458354645843728,0.7120445750435467,-1.0424806548606425,0.011650293540851318,0.7388778263439931,-0.9360835430930695,0.04559830080899441,0.5134790209290746,-0.8808198432127385,-0.5670535490064252,-0.07725122777173729,-0.9001988051135414,-0.4031494717083686,0.6925900676562313,-1.0540688129409328,-0.2622214026963383,0.703923996919921,-0.9955202885885025,-0.2506368955131657,0.5369624337049026,-0.9545157992874262
me,fist,0.6411401473148973,0.1913872443486702,-0.36446694936372653,1.128405030740032,0.5506461151150517,-0.6928772109356458,1.1956623458241975,0.9655313986805232,-0.9735140780639465,0.9010471791351675,1.1657963763821533,-1.247304220474838,0.9286151377476458,-0.20939806550188658,-0.8937113154615663,0.9229053764668733,0.7609009888655726,-1.2660072761753574,0.86441146762172,1.0025191946978644,-1.4662348377306047,0.7709877941671638,0.8779636388486448,-1.5872777915616432,0.3337341061244827,-0.2590384324680344,-0.9063777561887736,0.33615225002174526,0.8516379393031412,-1.1515368053451367,0.4187242375271027,0.9630219364489854,-1.1493499677780992,0.4388363480276099,0.7433255067258736,-1.1981882171463598,-0.17887806612177698,-0.124180211691109,-0.9274877739497055,-0.08402290251509155,0.8779047191698581,-1.101230079749012,0.05932681233359862,0.9530924653261496,-0.941629572035146,0.10369806123715097,0.7525414906435473,-0.8543646536179562,-0.5884923321459574,0.06408418216420135,-0.999510343493022,-0.4370762122219074,0.8447692809826799,-1.1445617762177174,-0.24860764232642177,0.9171441500652141,-1.046409189273773,-0.19940397626417697,0.7970662747684636,-0.9742122260826606
me,fist,0.5943592388274817,0.16911292792441807,-0.4493395254828885,1.0118206896883923,0.448716601397449,-0.8038985186481725,1.037520908114675,0.8248033207643183,-1.1027085138349975,0.7325482927735365,1.0099885856837243,-1.3886256342580352,0.790404033036788,-0.3682112867560718,-0.9200859136927592,0.764233880315764,0.5241343801052654,-1.3661746241561203,0.8055106334994636,0.6813601538496252,-1.6323622923978678,0.7758338447004269,0.5567492665399051,-1.7928166913723012,0.22067344005761294,-0.3824232179917364,-0.8972489705728193,0.26039213644818254,0.7527435765382049,-1.2170597021635532,0.37226667786322787,0.766049295325058,-1.2439107658958388,0.3837663692006849,0.530255486383586,-1.2945896818483988,-0.2590011782212354,-0.20733771584782684,-0.9003641106343488,-0.1330655323662186,0.821102953265005,-1.1412196223352924,0.0005194449810175968,0.7903255252210492,-0.9887712821291992,0.03290012918057477,0.5581845201420742,-0.8846571235630915,-0.6401632992312791,0.022641751411544127,-0.966673174741965,-0.45923491026943064,0.8078178871099273,-1.181087128934614,-0.2972498522692733,0.7689581872187566,-1.126387347234078,-0.25334340017698714,0.588240149136102,-1.0657709689860342
me,fist,0.6122557125835177,0.17866313997385821,-0.4485768948133803,1.041487653510846,0.4618325172489927,-0.7995809447447099,1.045696533570074,0.8394025768606156,-1.0944966472133666,0.7008659320078765,1.0140017291684136,-1.3752984587414745,0.7881505522119683,-0.38922763909825114,-0.9083909599049368,0.792632670049235,0.5174618620156901,-1.355661261287717,0.8341089484796711,0.6930156494175671,-1.6249274744801068,0.7892060250574663,0.5665358336619133,-1.785500208707458,0.21557810121107432,-0.4237134075895897,-0.8797687369457079,0.2417099287078385,0.7256834744780812,-1.1944774191727339,0.36305352480250486,0.7736585550604536,-1.2237353583909087,0.3843220875614774,0.5434953974546195,-1.277694021029257,-0.25667966768865674,-0.2537921793839106,-0.8772330139947022,-0.14809515855176444,0.807187248834695,-1.1091367895887403,-0.01504589764721253,0.7878751930226096,-0.9652817665563211,0.015623345808564294,0.543476729035002,-0.8699193070409759,-0.6305745236154969,-0.026100147754382887,-0.9383320642819187,-0.4651678001265726,0.7973084727400338,-1.1436320690741641,-0.30922334897644826,0.7665477964563574,-1.09349597749364,-0.27464993084073114,0.5769882393775498,-1.0388717574104416
me,fist,0.660270312612054,0.17493317217855878,-0.3654052612352819,1.083987956637467,0.3826048937609787,-0.6645770443567397,0.998841572972283,0.6687113606817205,-0.9100522875192281,0.5952297291697208,0.8277782602317035,-1.1491351933536051,0.8678969887202417,-0.4640361244720944,-0.8098225366743409,0.7589637106513385,0.40956193208068314,-1.1428341829778248,0.7321330880603868,0.6338094955111611,-1.3540645656914843,0.6885544757495775,0.5082022506206053,-1.494523221036199,0.3086721208378406,-0.5254005234155832,-0.7928907943797182,0.22018523072378926,0.47618727848004255,-1.0180414646350502,0.30620656779243216,0.593919118736891,-1.0674030643679675,0.3312287793934692,0.3937182165226643,-1.1548019277454151,-0.16843072750603955,-0.3782777472259712,-0.7826894364705941,-0.1631661063720113,0.5358007749468325,-0.9490556255189037,-0.031603314186259245,0.6175387406173934,-0.8697026666418083,0.031602490183681824,0.4299071737191564,-0.8373554841287817,-0.5374601444705561,-0.16622861495132096,-0.8182632757430409,-0.4225536717179236,0.5456222676677653,-0.9451398279372332,-0.2948488595996596,0.6081929033842772,-0.8855288721450569,-0.27799333754344846,0.47962151522209157,-0.8490833754794609
me,fist,0.5754429789911177,0.1284262065046151,-0.41532695080486215,0.9648190535023907,0.26049117856674414,-0.7277993285016653,0.9030355435831469,0.4849632493374833,-0.9762913057667447,0.5530902565175171,0.6100922226712306,-1.2075476433290118,0.7150910542665916,-0.5515563725270504,-0.8488047349703286,0.6173370160698314,0.17851184065379874,-1.2508597325146786,0.6353769133434553,0.3742583271330943,-1.4847568924570769,0.6258761690258302,0.25663619951683747,-1.6224853991086279,0.20249575674231524,-0.5708918942928377,-0.7956619341982452,0.15118958101454036,0.359900594726434,-1.0800665539165788,0.26596355741912536,0.4701038799438759,-1.1027405698205799,0.3156998888681042,0.26290648114870885,-1.1431381288368883,-0.20486353391809584,-0.41657834605278893,-0.7634388052805913,-0.1667975508492834,0.45297955450041477,-0.9775782263030228,-0.018339385638069153,0.4875789537272737,-0.8644152346746024,0.04695022227579825,0.2710857300464694,-0.7863408106173008,-0.5201748468732803,-0.21306488905675572,-0.7839509874356096,-0.39367088944959067,0.4452569470529478,-0.9623408823545292,-0.2325625935299583,0.4727815661371688,-0.925599225750056,-0.17782790247316832,0.3283458934797877,-0.8834625019013604
me,fist,0.6152854716067253,0.17181537837127425,-0.20639227044503572,0.9933639785155908,0.27108462977430314,-0.4095199461195745,0.8881263556599186,0.4280656908064214,-0.5957708122621395,0.5315129838013372,0.592662008873035,-0.7754618262703761,1.022806612798363,-0.4314084872300041,-0.5284331046934051,0.9202055805239712,0.17888554714593283,-0.7987060335291482,0.7453367152874109,0.5070591841738289,-0.941394415556252,0.5509261393631417,0.5933723304161668,-1.0281056348038027,0.5608240367075955,-0.5871815295437032,-0.583690201402863,0.45837504326383977,0.12735963586331908,-0.799389481966865,0.3519039206596139,0.3336753606365086,-0.8532327749164375,0.26257130260884415,0.2549509614733243,-0.9153262928034532,0.10933080838046046,-0.5497096168805091,-0.643077524944573,0.08240080945399114,0.21230425105489414,-0.8328857184164493,0.030516953249250536,0.36034564673564506,-0.7991551291196421,0.027148554745508913,0.23645373092108116,-0.7812445675106144,-0.2814626115154952,-0.4073380832922511,-0.7252657100307197,-0.21646589036847597,0.2542862152643761,-0.8406724428104958,-0.24393916180441622,0.3814829783198759,-0.7757707459326243,-0.27801631732105736,0.2847768401333214,-0.7328916194673616
me,fist,0.43365596181644644,0.30713468949570955,-0.3469835922927221,0.635171325898457,0.6625287459019804,-0.7234154248857321,0.4800206147592358,0.9964545517889202,-1.0456551363041284,0.12889816530515394,1.1149240733770862,-1.3518700973870208,0.3791096695265851,0.0333179073227061,-0.9873658070019443,0.22965125004746165,0.8365081416459855,-1.2731608807840884,0.1326403067398083,0.8462774610835265,-1.3307302850512666,0.10710511861809757,0.6550902569041138,-1.359722880614271,-0.1012556829297915,-0.06048597235454916,-0.9930200067585478,-0.17088654811891196,0.8124000863913958,-1.2105326567942325,-0.20984584843756404,0.7343673294539647,-1.065404295636453,-0.15607602198617107,0.5393775024946942,-0.9954996225015258,-0.4834761713400149,-0.031903790184365254,-0.9986404133844653,-0.4929556818440745,0.8021186756430864,-1.1286926200730683,-0.46519952081000826,0.7172705726494337,-0.8430601234903206,-0.4202458803363094,0.5282207541333295,-0.6738745758895142,-0.7813473935178623,0.05433980193212639,-1.0507268523452304,-0.7691239524483026,0.738346560150023,-1.1223465567150674,-0.6937134469238303,0.7504202009282549,-0.9508548369130555,-0.6469640538147133,0.6144233287926103,-0.8459879460037238
me,fist,0.6588297458044592,0.18256747957763872,-0.25249889476634224,1.169911807877374,0.7871036985559385,-0.5068015443802345,1.0742788339634655,1.303647655939254,-0.6875629915584571,0.5306697200644381,1.3981797062652233,-0.8253726203347473,0.6645108171037004,-0.03188665741404827,-1.0086305969912732,0.7008837956213065,1.0092896301387313,-1.2648293785079467,0.7220653192047741,0.864546252135779,-1.2672145769678913,0.743063639846639,0.543973220474059,-1.2363925734096193,0.08276181761222395,-0.02308245807348325,-0.9963020032474122,0.21014482553190858,1.1482144975506248,-1.1887902929690004,0.27839437417609003,0.9320471163700257,-1.0078468295888776,0.24760737943904718,0.5727940842086698,-0.9081081071598178,-0.37002870283301514,0.11980281932559753,-0.964440712394509,-0.1877441494176209,1.194826221195654,-1.0223330644546924,-0.11492053510311397,0.999573792192806,-0.7541202493866023,-0.1690182127927137,0.6615754906203274,-0.6075749184019618,-0.699006818439039,0.3164425099552749,-0.9618887770063363,-0.4989345944761771,1.150677501632327,-0.8835942926624272,-0.4182489779738098,1.0084667744973785,-0.6818730197114458,-0.47501170217949484,0.7067266343762707,-0.5993984672785042
me,fist,0.6296664812446553,0.20063086879779188,-0.19324974429294495,1.1932241084404103,0.8027399932886758,-0.4159896504420211,1.2514657702224934,1.3497165033011989,-0.5862168077466123,0.8352153991916018,1.537414305469792,-0.7099896073866545,0.9387663922412574,0.2341254254860692,-0.8528626425108429,1.0495532588336085,1.2292836567585592,-1.0887813772155897,0.9285817770980017,1.0461053310953994,-1.0859726981642757,0.8959840757776143,0.7502478556554514,-1.0576476072508179,0.4305506703135273,0.2484645046288519,-0.8676932120468107,0.5469585086624288,1.3168095668923905,-1.0375504048012318,0.4701126857763046,1.1081084050934473,-0.890882163104954,0.4358233929031995,0.7917414360591909,-0.8137374107360389,-0.006275979989717498,0.3680469379484543,-0.8656239936592174,0.16196851932262182,1.3447535511560844,-0.9311632956982601,0.12063005835947088,1.1426503191435249,-0.7000790945853537,0.0629291731949014,0.8151159549381937,-0.57452155142482,-0.3564927145089056,0.5524077314783964,-0.8834279311780302,-0.12855419913532196,1.3048537928906103,-0.845448294616098,-0.13166495288672964,1.1522016079771469,-0.6783363412108002,-0.2134799514330567,0.8702749691660423,-0.6051938443998164
me,fist,0.6301711167389056,0.15337329084184292,-0.1728663313860655,1.123409951645872,0.5888502114293932,-0.40745669523085876,1.2201267239693032,1.054030262189667,-0.6018984125902938,0.9732497775573985,1.193593474036746,-0.7642353945740378,0.9883702713932311,-0.01224532477411656,-0.8001291428830545,1.0816947494184828,0.8268571162781989,-1.0115600042831618,0.9050865875652233,0.8293658972369131,-1.0049670266824726,0.8153644435115791,0.6262646800511437,-0.991441440400607,0.5282449352372771,0.03824597410619505,-0.848230236351448,0.638783215879659,0.9658858964702786,-1.0463578369282904,0.5254657488722204,0.8602408432367292,-0.9226151133404965,0.48580038264782643,0.5958610829247687,-0.8668600347759722,0.12754806834612034,0.17017971336121324,-0.8798393761478648,0.28774123988355527,1.0684489305475264,-0.9744867615313197,0.23507727668166195,0.9352746223214701,-0.7727102236919995,0.205411712659754,0.6787837536807875,-0.6738957716829307,-0.20954292605652347,0.3240148729393811,-0.9330823069760076,-0.04361264724122661,1.0224684935456938,-0.9359851190543615,-0.002835181193630923,0.935138888021825,-0.8084931046030902,0.011073272681924509,0.7161445310586836,-0.7587572338451941
me,fist,0.5081810332509623,0.11423649666343302,-0.1689630765277707,0.9277580821103408,0.5625288494365664,-0.3861216106947016,0.952553888483433,1.0591931169989701,-0.5471138896404643,0.7026215628493655,1.3433053574116902,-0.6629279757368067,0.7924692751390804,0.14610965604536988,-0.9155517142672177,0.87573492481726,1.0529455702027906,-1.1270228699025615,0.7789504108827981,1.0040891903857692,-1.067407202865786,0.6976785325649897,0.7717344098715363,-0.9890425905549051,0.33568626382924494,0.15108492451820996,-0.9297785101085576,0.43614188660505826,1.1559742405704383,-1.1534334407413862,0.41209314969158,1.0112640906807417,-1.0195709654294842,0.36235664353746405,0.6994838116389342,-0.9209341831795894,-0.07625473588799649,0.2689037857846391,-0.9153283666700162,0.05680571039576574,1.2312451169097505,-1.0491770426097342,0.07042616658174702,1.0613713360021964,-0.8353777187587687,0.02490108606604737,0.740550743258377,-0.6943031681190709,-0.41400840738262856,0.43737984493809534,-0.9107526851899856,-0.2819886240977044,1.167932407728726,-0.9858797387623116,-0.2342460082640646,1.0574668869148205,-0.8770568190787167,-0.2743328275781316,0.8012005899682663,-0.8143193414855844
me,fist,0.5629240034644789,0.11329474458495686,-0.14376925653511013,0.9957962336943267,0.5380932807097816,-0.36372568114743475,1.1266344511221886,1.01310889852426,-0.5303148616009594,1.0119658656969792,1.1942350567336866,-0.6570224984688064,0.9167209268835332,0.13206019278715025,-0.8328128409327468,1.0033377966576695,0.9812752794952121,-1.0133151410206733,0.8842913118031056,1.0109394407927945,-0.9606401775773828,0.8087213515261299,0.825441517395789,-0.9022425971805783,0.47486197512328004,0.17914932713558285,-0.8616331140159861,0.5868026001686456,1.108940144726842,-1.0485029863842854,0.5281585608429374,0.9985903521583657,-0.8943132010806844,0.5038396746356352,0.715852084160657,-0.7954777816302755,0.08861823781508177,0.29976990429321865,-0.8616065131918382,0.23524794277128872,1.1754319431404046,-0.9197200839273755,0.22059845614170154,1.03030598735962,-0.6739712365063042,0.19751134861465583,0.7490129352583365,-0.537341434901976,-0.23563491596740394,0.43940187261769,-0.8772706722063207,-0.10767520582501529,1.0992837015850268,-0.8687694157166121,-0.06850457499762298,1.007955103504354,-0.7219486319955678,-0.05567655686980953,0.7854747537129223,-0.6456736352199514
me,fist,0.6640398194691817,0.10694427353608589,-0.2935578806587588,1.1553780331650536,0.30749464918362246,-0.5641284010363258,1.2382003637034382,0.5967870076620708,-0.8013139913101381,0.9499601841758106,0.8098267447991657,-1.029205577714229,0.9579347468741523,-0.44068742351895684,-0.7385664142386377,0.9680219031886851,0.4245863857182044,-1.0515855342504907,0.9158422754771024,0.6410038284936614,-1.2171138326507145,0.8093919455628605,0.5176532145692594,-1.330174651832421,0.42911446791998575,-0.468665673437662,-0.7721484701551705,0.46717834656100893,0.5471822362543268,-0.9854961831662054,0.46913738395107357,0.6125866282728496,-0.9973169573935219,0.43165000532855335,0.37461837944857196,-1.0601205240405522,-0.033603176539330606,-0.3040265831448948,-0.81298878085535,0.06300268497139336,0.6332316385552713,-0.9768443657802285,0.1079303675193477,0.6546381867653605,-0.8847475579856522,0.10192732861700146,0.41989342318279016,-0.8508423166900829,-0.3974622258902754,-0.0747779635175262,-0.8936686965208259,-0.22377047469348182,0.6371499125865591,-1.0228533843651928,-0.17755722367108717,0.6461909339020782,-0.9637654533212875,-0.23355025288755024,0.46856968419206974,-0.9325986535306598
me,fist,0.4736582287257624,0.1127253943335333,-0.4034167021182047,0.7970217185671118,0.4069004698882434,-0.7697280539831967,0.8234808737542106,0.7955128476154463,-1.0811036858537997,0.6271071940154278,1.0732942691396419,-1.3858746252101335,0.6679476417541029,-0.28573307509384976,-0.9560788955152515,0.6320652074780986,0.6688293734991498,-1.3637819890813478,0.6517335045515553,0.8212753593096528,-1.5872600010844222,0.6329036914276562,0.6846844770457635,-1.7324893611604943,0.15595961524787838,-0.2742073375171823,-0.9489399003432577,0.2554187098383827,0.8036695973141719,-1.229189062625017,0.27030654027079304,0.7864671941173328,-1.2207229603678094,0.19461988159230711,0.5335401729261158,-1.259326835280682,-0.2763485497234646,-0.10875644718023064,-0.9550139839616943,-0.12316097965037938,0.8633133246538194,-1.1589497177345385,-0.08454479219786572,0.8156202098525039,-0.9799266841698734,-0.12260605348875583,0.5720409918821925,-0.874568713400025,-0.6312469160935523,0.11877790022624893,-1.0183400840944985,-0.45703112894365294,0.8321455464944799,-1.1927489934286681,-0.3772365145393165,0.7931968589089589,-1.1147070690422396,-0.38849485453632876,0.6214716522776574,-1.0505290642916691
